time,reason,drive_state,motion_enabled,depth_emergency,avoidance_offset,avoidance_offset_filtered,lane_offset,lane_offset_filtered,lane_valid,closest_idx,current_mean_curvature,current_max_curvature,target_v,prev_v,prev_delta
1781736699.626,tf_unavailable,DRIVE,False,False,0.0000,0.0000,0.0000,0.0000,False,0,999.0000,999.0000,0.0000,0.0000,0.0000
1781736699.630,pose_none,DRIVE,False,False,0.0000,0.0000,0.0000,0.0000,False,0,999.0000,999.0000,0.0000,0.0000,0.0000
1781736699.706,tf_unavailable,DRIVE,False,False,0.0000,0.0000,0.0000,0.0000,False,0,999.0000,999.0000,0.0000,0.0000,0.0000
1781736699.707,pose_none,DRIVE,False,False,0.0000,0.0000,0.0000,0.0000,False,0,999.0000,999.0000,0.0000,0.0000,0.0000
1781736699.785,tf_unavailable,DRIVE,False,False,0.0000,0.0000,0.0000,0.0000,False,0,999.0000,999.0000,0.0000,0.0000,0.0000
1781736699.787,pose_none,DRIVE,False,False,0.0000,0.0000,0.0000,0.0000,False,0,999.0000,999.0000,0.0000,0.0000,0.0000
1781736699.865,tf_unavailable,DRIVE,False,False,0.0000,0.0000,0.0000,0.0000,False,0,999.0000,999.0000,0.0000,0.0000,0.0000
1781736699.867,pose_none,DRIVE,False,False,0.0000,0.0000,0.0000,0.0000,False,0,999.0000,999.0000,0.0000,0.0000,0.0000
1781736699.945,tf_unavailable,DRIVE,False,False,0.0000,0.0000,0.0000,0.0000,False,0,999.0000,999.0000,0.0000,0.0000,0.0000
1781736699.946,pose_none,DRIVE,False,False,0.0000,0.0000,0.0000,0.0000,False,0,999.0000,999.0000,0.0000,0.0000,0.0000
1781736700.025,tf_unavailable,DRIVE,False,False,0.0000,0.0000,-0.0000,0.0000,False,0,999.0000,999.0000,0.0000,0.0000,0.0000
1781736700.026,pose_none,DRIVE,False,False,0.0000,0.0000,-0.0000,0.0000,False,0,999.0000,999.0000,0.0000,0.0000,0.0000
1781736700.106,tf_unavailable,DRIVE,False,False,0.0000,0.0000,-0.0000,0.0000,False,0,999.0000,999.0000,0.0000,0.0000,0.0000
1781736700.116,pose_none,DRIVE,False,False,0.0000,0.0000,-0.0000,0.0000,False,0,999.0000,999.0000,0.0000,0.0000,0.0000
1781736700.185,tf_unavailable,DRIVE,False,False,0.0000,0.0000,-0.0000,0.0000,False,0,999.0000,999.0000,0.0000,0.0000,0.0000
1781736700.187,pose_none,DRIVE,False,False,0.0000,0.0000,-0.0000,0.0000,False,0,999.0000,999.0000,0.0000,0.0000,0.0000
1781736700.265,tf_unavailable,DRIVE,False,False,0.0000,0.0000,-0.0000,0.0000,False,0,999.0000,999.0000,0.0000,0.0000,0.0000
1781736700.267,pose_none,DRIVE,False,False,0.0000,0.0000,-0.0000,0.0000,False,0,999.0000,999.0000,0.0000,0.0000,0.0000
1781736700.345,tf_unavailable,DRIVE,False,False,0.0000,0.0000,-0.0000,0.0000,False,0,999.0000,999.0000,0.0000,0.0000,0.0000
1781736700.347,pose_none,DRIVE,False,False,0.0000,0.0000,-0.0000,0.0000,False,0,999.0000,999.0000,0.0000,0.0000,0.0000
1781736700.426,tf_unavailable,DRIVE,False,False,0.0000,0.0000,-0.0000,0.0000,False,0,999.0000,999.0000,0.0000,0.0000,0.0000
1781736700.427,pose_none,DRIVE,False,False,0.0000,0.0000,-0.0000,0.0000,False,0,999.0000,999.0000,0.0000,0.0000,0.0000
1781736700.505,tf_unavailable,DRIVE,False,False,0.0000,0.0000,-0.0000,0.0000,False,0,999.0000,999.0000,0.0000,0.0000,0.0000
1781736700.506,pose_none,DRIVE,False,False,0.0000,0.0000,-0.0000,0.0000,False,0,999.0000,999.0000,0.0000,0.0000,0.0000
1781736700.586,tf_unavailable,DRIVE,False,False,0.0000,0.0000,-0.0000,0.0000,False,0,999.0000,999.0000,0.0000,0.0000,0.0000
1781736700.590,pose_none,DRIVE,False,False,0.0000,0.0000,-0.0000,0.0000,False,0,999.0000,999.0000,0.0000,0.0000,0.0000
1781736700.666,tf_unavailable,DRIVE,False,False,0.0000,0.0000,-0.0000,0.0000,False,0,999.0000,999.0000,0.0000,0.0000,0.0000
1781736700.673,pose_none,DRIVE,False,False,0.0000,0.0000,-0.0000,0.0000,False,0,999.0000,999.0000,0.0000,0.0000,0.0000
1781736700.751,tf_unavailable,DRIVE,False,False,0.0000,0.0000,-0.0000,0.0000,False,0,999.0000,999.0000,0.0000,0.0000,0.0000
1781736700.752,pose_none,DRIVE,False,False,0.0000,0.0000,-0.0000,0.0000,False,0,999.0000,999.0000,0.0000,0.0000,0.0000
1781736700.825,tf_unavailable,DRIVE,False,False,0.0000,0.0000,-0.0000,0.0000,False,0,999.0000,999.0000,0.0000,0.0000,0.0000
1781736700.827,pose_none,DRIVE,False,False,0.0000,0.0000,-0.0000,0.0000,False,0,999.0000,999.0000,0.0000,0.0000,0.0000
1781736700.906,tf_unavailable,DRIVE,False,False,0.0000,0.0000,-0.0000,0.0000,False,0,999.0000,999.0000,0.0000,0.0000,0.0000
1781736700.907,pose_none,DRIVE,False,False,0.0000,0.0000,-0.0000,0.0000,False,0,999.0000,999.0000,0.0000,0.0000,0.0000
1781736700.985,tf_unavailable,DRIVE,False,False,0.0000,0.0000,-0.0000,0.0000,False,0,999.0000,999.0000,0.0000,0.0000,0.0000
1781736700.987,pose_none,DRIVE,False,False,0.0000,0.0000,-0.0000,0.0000,False,0,999.0000,999.0000,0.0000,0.0000,0.0000
1781736701.065,tf_unavailable,DRIVE,False,False,0.0000,0.0000,-0.0000,0.0000,False,0,999.0000,999.0000,0.0000,0.0000,0.0000
1781736701.067,pose_none,DRIVE,False,False,0.0000,0.0000,-0.0000,0.0000,False,0,999.0000,999.0000,0.0000,0.0000,0.0000
1781736701.145,tf_unavailable,DRIVE,False,False,0.0000,0.0000,-0.0000,0.0000,False,0,999.0000,999.0000,0.0000,0.0000,0.0000
1781736701.147,pose_none,DRIVE,False,False,0.0000,0.0000,-0.0000,0.0000,False,0,999.0000,999.0000,0.0000,0.0000,0.0000
1781736701.226,tf_unavailable,DRIVE,False,False,0.0000,0.0000,-0.0000,0.0000,False,0,999.0000,999.0000,0.0000,0.0000,0.0000
1781736701.227,pose_none,DRIVE,False,False,0.0000,0.0000,-0.0000,0.0000,False,0,999.0000,999.0000,0.0000,0.0000,0.0000
1781736701.305,tf_unavailable,DRIVE,False,False,0.0000,0.0000,-0.0000,0.0000,False,0,999.0000,999.0000,0.0000,0.0000,0.0000
1781736701.306,pose_none,DRIVE,False,False,0.0000,0.0000,-0.0000,0.0000,False,0,999.0000,999.0000,0.0000,0.0000,0.0000
1781736701.385,tf_unavailable,DRIVE,False,False,0.0000,0.0000,-0.0000,0.0000,False,0,999.0000,999.0000,0.0000,0.0000,0.0000
1781736701.386,pose_none,DRIVE,False,False,0.0000,0.0000,-0.0000,0.0000,False,0,999.0000,999.0000,0.0000,0.0000,0.0000
1781736701.465,tf_unavailable,DRIVE,False,False,0.0000,0.0000,-0.0000,0.0000,False,0,999.0000,999.0000,0.0000,0.0000,0.0000
1781736701.466,pose_none,DRIVE,False,False,0.0000,0.0000,-0.0000,0.0000,False,0,999.0000,999.0000,0.0000,0.0000,0.0000
1781736701.545,tf_unavailable,DRIVE,False,False,0.0000,0.0000,-0.0000,0.0000,False,0,999.0000,999.0000,0.0000,0.0000,0.0000
1781736701.547,pose_none,DRIVE,False,False,0.0000,0.0000,-0.0000,0.0000,False,0,999.0000,999.0000,0.0000,0.0000,0.0000
1781736701.625,tf_unavailable,DRIVE,False,False,0.0000,0.0000,-0.0000,0.0000,False,0,999.0000,999.0000,0.0000,0.0000,0.0000
1781736701.626,pose_none,DRIVE,False,False,0.0000,0.0000,-0.0000,0.0000,False,0,999.0000,999.0000,0.0000,0.0000,0.0000
1781736701.705,tf_unavailable,DRIVE,False,False,0.0000,0.0000,-0.0000,0.0000,False,0,999.0000,999.0000,0.0000,0.0000,0.0000
1781736701.709,pose_none,DRIVE,False,False,0.0000,0.0000,-0.0000,0.0000,False,0,999.0000,999.0000,0.0000,0.0000,0.0000
1781736701.785,tf_unavailable,DRIVE,False,False,0.0000,0.0000,-0.0000,0.0000,False,0,999.0000,999.0000,0.0000,0.0000,0.0000
1781736701.787,pose_none,DRIVE,False,False,0.0000,0.0000,-0.0000,0.0000,False,0,999.0000,999.0000,0.0000,0.0000,0.0000
1781736701.872,tf_unavailable,DRIVE,False,False,0.0000,0.0000,-0.0000,0.0000,False,0,999.0000,999.0000,0.0000,0.0000,0.0000
1781736701.878,pose_none,DRIVE,False,False,0.0000,0.0000,-0.0000,0.0000,False,0,999.0000,999.0000,0.0000,0.0000,0.0000
1781736701.945,tf_unavailable,DRIVE,False,False,0.0000,0.0000,-0.0000,0.0000,False,0,999.0000,999.0000,0.0000,0.0000,0.0000
1781736701.947,pose_none,DRIVE,False,False,0.0000,0.0000,-0.0000,0.0000,False,0,999.0000,999.0000,0.0000,0.0000,0.0000
1781736702.025,tf_unavailable,DRIVE,False,False,0.0000,0.0000,-0.0000,0.0000,False,0,999.0000,999.0000,0.0000,0.0000,0.0000
1781736702.027,pose_none,DRIVE,False,False,0.0000,0.0000,-0.0000,0.0000,False,0,999.0000,999.0000,0.0000,0.0000,0.0000
1781736702.105,localization_not_ready,DRIVE,False,False,0.0000,0.0000,-0.0000,0.0000,False,0,999.0000,999.0000,0.0000,0.0000,0.0000
1781736702.186,localization_not_ready,DRIVE,False,False,0.0000,0.0000,-0.0000,0.0000,False,0,999.0000,999.0000,0.0000,0.0000,0.0000
1781736702.269,localization_not_ready,DRIVE,False,False,0.0000,0.0000,-0.0000,0.0000,False,0,999.0000,999.0000,0.0000,0.0000,0.0000
1781736702.346,localization_not_ready,DRIVE,False,False,0.0000,0.0000,-0.0000,0.0000,False,0,999.0000,999.0000,0.0000,0.0000,0.0000
1781736702.426,localization_not_ready,DRIVE,False,False,0.0000,0.0000,-0.0000,0.0000,False,0,999.0000,999.0000,0.0000,0.0000,0.0000
1781736702.506,localization_not_ready,DRIVE,False,False,0.0000,0.0000,-0.0000,0.0000,False,0,999.0000,999.0000,0.0000,0.0000,0.0000
1781736702.586,localization_not_ready,DRIVE,False,False,0.0000,0.0000,-0.0000,0.0000,False,0,999.0000,999.0000,0.0000,0.0000,0.0000
1781736702.666,localization_not_ready,DRIVE,False,False,0.0000,0.0000,-0.0000,0.0000,False,0,999.0000,999.0000,0.0000,0.0000,0.0000
1781736702.746,localization_not_ready,DRIVE,False,False,0.0000,0.0000,-0.0000,0.0000,False,0,999.0000,999.0000,0.0000,0.0000,0.0000
1781736702.826,localization_not_ready,DRIVE,False,False,0.0000,0.0000,-0.0000,0.0000,False,0,999.0000,999.0000,0.0000,0.0000,0.0000
1781736702.906,localization_not_ready,DRIVE,False,False,0.0000,0.0000,-0.0000,0.0000,False,0,999.0000,999.0000,0.0000,0.0000,0.0000
1781736702.988,localization_not_ready,DRIVE,False,False,0.0000,0.0000,-0.0000,0.0000,False,0,999.0000,999.0000,0.0000,0.0000,0.0000
1781736703.080,localization_not_ready,DRIVE,False,False,0.0000,0.0000,-0.0000,0.0000,False,0,999.0000,999.0000,0.0000,0.0000,0.0000
1781736703.147,localization_not_ready,DRIVE,False,False,0.0000,0.0000,-0.0000,0.0000,False,0,999.0000,999.0000,0.0000,0.0000,0.0000
1781736703.225,localization_not_ready,DRIVE,False,False,0.0000,0.0000,-0.0000,0.0000,False,0,999.0000,999.0000,0.0000,0.0000,0.0000
1781736703.306,localization_not_ready,DRIVE,False,False,0.0000,0.0000,-0.0000,0.0000,False,0,999.0000,999.0000,0.0000,0.0000,0.0000
1781736703.390,localization_not_ready,DRIVE,False,False,0.0000,0.0000,-0.0000,0.0000,False,0,999.0000,999.0000,0.0000,0.0000,0.0000
1781736703.470,localization_not_ready,DRIVE,False,False,0.0000,0.0000,-0.0000,0.0000,False,0,999.0000,999.0000,0.0000,0.0000,0.0000
1781736703.546,localization_not_ready,DRIVE,False,False,0.0000,0.0000,-0.0000,0.0000,False,0,999.0000,999.0000,0.0000,0.0000,0.0000
1781736703.627,localization_not_ready,DRIVE,False,False,0.0000,0.0000,-0.0000,0.0000,False,0,999.0000,999.0000,0.0000,0.0000,0.0000
1781736703.705,localization_not_ready,DRIVE,False,False,0.0000,0.0000,-0.0000,0.0000,False,0,999.0000,999.0000,0.0000,0.0000,0.0000
1781736703.785,localization_not_ready,DRIVE,False,False,0.0000,0.0000,-0.0000,0.0000,False,0,999.0000,999.0000,0.0000,0.0000,0.0000
1781736703.866,localization_not_ready,DRIVE,False,False,0.0000,0.0000,-0.0000,0.0000,False,0,999.0000,999.0000,0.0000,0.0000,0.0000
1781736703.946,localization_not_ready,DRIVE,False,False,0.0000,0.0000,-0.0000,0.0000,False,0,999.0000,999.0000,0.0000,0.0000,0.0000
1781736704.026,localization_not_ready,DRIVE,False,False,0.0000,0.0000,-0.0000,0.0000,False,0,999.0000,999.0000,0.0000,0.0000,0.0000
1781736704.106,localization_not_ready,DRIVE,False,False,0.0000,0.0000,-0.0000,0.0000,False,0,999.0000,999.0000,0.0000,0.0000,0.0000
1781736704.192,localization_not_ready,DRIVE,False,False,0.0000,0.0000,-0.0000,0.0000,False,0,999.0000,999.0000,0.0000,0.0000,0.0000
1781736704.266,localization_not_ready,DRIVE,False,False,0.0000,0.0000,-0.0000,0.0000,False,0,999.0000,999.0000,0.0000,0.0000,0.0000
1781736704.350,localization_not_ready,DRIVE,False,False,0.0000,0.0000,-0.0000,0.0000,False,0,999.0000,999.0000,0.0000,0.0000,0.0000
1781736704.426,localization_not_ready,DRIVE,False,False,0.0000,0.0000,-0.0000,0.0000,False,0,999.0000,999.0000,0.0000,0.0000,0.0000
1781736704.505,localization_not_ready,DRIVE,False,False,0.0000,0.0000,-0.0000,0.0000,False,0,999.0000,999.0000,0.0000,0.0000,0.0000
1781736704.587,localization_not_ready,DRIVE,False,False,0.0000,0.0000,-0.0000,0.0000,False,0,999.0000,999.0000,0.0000,0.0000,0.0000
1781736704.669,localization_not_ready,DRIVE,False,False,0.0000,0.0000,-0.0000,0.0000,False,0,999.0000,999.0000,0.0000,0.0000,0.0000
1781736704.746,localization_not_ready,DRIVE,False,False,0.0000,0.0000,-0.0000,0.0000,False,0,999.0000,999.0000,0.0000,0.0000,0.0000
1781736704.826,localization_not_ready,DRIVE,False,False,0.0000,0.0000,-0.0000,0.0000,False,0,999.0000,999.0000,0.0000,0.0000,0.0000
1781736704.906,localization_not_ready,DRIVE,False,False,0.0000,0.0000,-0.0000,0.0000,False,0,999.0000,999.0000,0.0000,0.0000,0.0000
1781736704.987,localization_not_ready,DRIVE,False,False,0.0000,0.0000,-0.0000,0.0000,False,0,999.0000,999.0000,0.0000,0.0000,0.0000
1781736705.067,localization_not_ready,DRIVE,False,False,0.0000,0.0000,-0.0000,0.0000,False,0,999.0000,999.0000,0.0000,0.0000,0.0000
1781736705.146,localization_not_ready,DRIVE,False,False,0.0000,0.0000,-0.0000,0.0000,False,0,999.0000,999.0000,0.0000,0.0000,0.0000
1781736705.226,localization_not_ready,DRIVE,False,False,0.0000,0.0000,-0.0000,0.0000,False,0,999.0000,999.0000,0.0000,0.0000,0.0000
1781736705.305,localization_not_ready,DRIVE,False,False,0.0000,0.0000,-0.0000,0.0000,False,0,999.0000,999.0000,0.0000,0.0000,0.0000
1781736705.392,motion_disabled,DRIVE,False,False,0.0000,0.0000,-0.0000,0.0000,False,4,1.4900,2.1763,0.0000,0.0000,0.0000
1781736705.466,motion_disabled,DRIVE,False,False,0.0000,0.0000,-0.0000,0.0000,False,4,1.4900,2.1763,0.0000,0.0000,0.0000
1781736705.546,motion_disabled,DRIVE,False,False,0.0000,0.0000,-0.0000,0.0000,False,4,1.4900,2.1763,0.0000,0.0000,0.0000
1781736705.627,motion_disabled,DRIVE,False,False,0.0000,0.0000,-0.0000,0.0000,False,4,1.4900,2.1763,0.0000,0.0000,0.0000
1781736705.706,motion_disabled,DRIVE,False,False,0.0000,0.0000,-0.0000,0.0000,False,4,1.4900,2.1763,0.0000,0.0000,0.0000
1781736705.786,motion_disabled,DRIVE,False,False,0.0000,0.0000,-0.0000,0.0000,False,4,1.4900,2.1763,0.0000,0.0000,0.0000
1781736705.866,motion_disabled,DRIVE,False,False,0.0000,0.0000,-0.0000,0.0000,False,4,1.4900,2.1763,0.0000,0.0000,0.0000
1781736705.949,motion_disabled,DRIVE,False,False,0.0000,0.0000,-0.0000,0.0000,False,4,1.4900,2.1763,0.0000,0.0000,0.0000
1781736706.026,motion_disabled,DRIVE,False,False,0.0000,0.0000,-0.0000,0.0000,False,4,1.4900,2.1763,0.0000,0.0000,0.0000
1781736706.106,motion_disabled,DRIVE,False,False,0.0000,0.0000,-0.0000,0.0000,False,4,1.4900,2.1763,0.0000,0.0000,0.0000
1781736706.187,motion_disabled,DRIVE,False,False,0.0000,0.0000,-0.0000,0.0000,False,4,1.4900,2.1763,0.0000,0.0000,0.0000
1781736706.279,motion_disabled,DRIVE,False,False,0.0000,0.0000,-0.0000,0.0000,False,4,1.4900,2.1763,0.0000,0.0000,0.0000
1781736706.346,motion_disabled,DRIVE,False,False,0.0000,0.0000,-0.0000,0.0000,False,4,1.4900,2.1763,0.0000,0.0000,0.0000
1781736706.426,motion_disabled,DRIVE,False,False,0.0000,0.0000,-0.0000,0.0000,False,4,1.4900,2.1763,0.0000,0.0000,0.0000
1781736706.506,motion_disabled,DRIVE,False,False,0.0000,0.0000,-0.0000,0.0000,False,4,1.4900,2.1763,0.0000,0.0000,0.0000
1781736706.586,motion_disabled,DRIVE,False,False,0.0000,0.0000,-0.0000,0.0000,False,4,1.4900,2.1763,0.0000,0.0000,0.0000
1781736706.667,motion_disabled,DRIVE,False,False,0.0000,0.0000,-0.0000,0.0000,False,4,1.4900,2.1763,0.0000,0.0000,0.0000
1781736706.749,motion_disabled,DRIVE,False,False,0.0000,0.0000,-0.0000,0.0000,False,4,1.4900,2.1763,0.0000,0.0000,0.0000
1781736706.826,motion_disabled,DRIVE,False,False,0.0000,0.0000,-0.0000,0.0000,False,4,1.4900,2.1763,0.0000,0.0000,0.0000
1781736706.907,motion_disabled,DRIVE,False,False,0.0000,0.0000,-0.0000,0.0000,False,4,1.4900,2.1763,0.0000,0.0000,0.0000
1781736706.986,motion_disabled,DRIVE,False,False,0.0000,0.0000,-0.0000,0.0000,False,4,1.4900,2.1763,0.0000,0.0000,0.0000
1781736707.066,motion_disabled,DRIVE,False,False,0.0000,0.0000,-0.0000,0.0000,False,4,1.4900,2.1763,0.0000,0.0000,0.0000
1781736707.146,motion_disabled,DRIVE,False,False,0.0000,0.0000,-0.0000,0.0000,False,4,1.4900,2.1763,0.0000,0.0000,0.0000
1781736707.227,motion_disabled,DRIVE,False,False,0.0000,0.0000,-0.0000,0.0000,False,4,1.4900,2.1763,0.0000,0.0000,0.0000
1781736707.307,motion_disabled,DRIVE,False,False,0.0000,0.0000,-0.0000,0.0000,False,4,1.4900,2.1763,0.0000,0.0000,0.0000
1781736707.386,motion_disabled,DRIVE,False,False,0.0000,0.0000,-0.0000,0.0000,False,4,1.4900,2.1763,0.0000,0.0000,0.0000
1781736707.466,motion_disabled,DRIVE,False,False,0.0000,0.0000,-0.0000,0.0000,False,4,1.4900,2.1763,0.0000,0.0000,0.0000
1781736707.550,motion_disabled,DRIVE,False,False,0.0000,0.0000,-0.0000,0.0000,False,4,1.4900,2.1763,0.0000,0.0000,0.0000
1781736707.629,motion_disabled,DRIVE,False,False,0.0000,0.0000,-0.0000,0.0000,False,4,1.4900,2.1763,0.0000,0.0000,0.0000
1781736707.706,motion_disabled,DRIVE,False,False,0.0000,0.0000,-0.0000,0.0000,False,4,1.4900,2.1763,0.0000,0.0000,0.0000
1781736707.786,motion_disabled,DRIVE,False,False,0.0000,0.0000,-0.0000,0.0000,False,4,1.4900,2.1763,0.0000,0.0000,0.0000
1781736707.866,motion_disabled,DRIVE,False,False,0.0000,0.0000,-0.0000,0.0000,False,4,1.4900,2.1763,0.0000,0.0000,0.0000
1781736707.947,motion_disabled,DRIVE,False,False,0.0000,0.0000,-0.0000,0.0000,False,4,1.4900,2.1763,0.0000,0.0000,0.0000
1781736708.028,motion_disabled,DRIVE,False,False,0.0000,0.0000,-0.0000,0.0000,False,4,1.4900,2.1763,0.0000,0.0000,0.0000
1781736708.107,motion_disabled,DRIVE,False,False,0.0000,0.0000,-0.0000,0.0000,False,4,1.4900,2.1763,0.0000,0.0000,0.0000
1781736708.186,motion_disabled,DRIVE,False,False,0.0000,0.0000,-0.0000,0.0000,False,4,1.4900,2.1763,0.0000,0.0000,0.0000
1781736708.268,motion_disabled,DRIVE,False,False,0.0000,0.0000,-0.0000,0.0000,False,4,1.4900,2.1763,0.0000,0.0000,0.0000
1781736708.351,motion_disabled,DRIVE,False,False,0.0000,0.0000,-0.0000,0.0000,False,4,1.4900,2.1763,0.0000,0.0000,0.0000
1781736708.426,motion_disabled,DRIVE,False,False,0.0000,0.0000,-0.0000,0.0000,False,4,1.4900,2.1763,0.0000,0.0000,0.0000
1781736708.507,motion_disabled,DRIVE,False,False,0.0000,0.0000,-0.0000,0.0000,False,4,1.4900,2.1763,0.0000,0.0000,0.0000
1781736708.586,motion_disabled,DRIVE,False,False,0.0000,0.0000,-0.0000,0.0000,False,4,1.4900,2.1763,0.0000,0.0000,0.0000
1781736708.667,motion_disabled,DRIVE,False,False,0.0000,0.0000,-0.0000,0.0000,False,4,1.4900,2.1763,0.0000,0.0000,0.0000
1781736708.747,motion_disabled,DRIVE,False,False,0.0000,0.0000,-0.0000,0.0000,False,4,1.4900,2.1763,0.0000,0.0000,0.0000
1781736708.827,motion_disabled,DRIVE,False,False,0.0000,0.0000,-0.0000,0.0000,False,4,1.4900,2.1763,0.0000,0.0000,0.0000
1781736708.907,motion_disabled,DRIVE,False,False,0.0000,0.0000,-0.0000,0.0000,False,4,1.4900,2.1763,0.0000,0.0000,0.0000
1781736708.987,motion_disabled,DRIVE,False,False,0.0000,0.0000,-0.0000,0.0000,False,4,1.4900,2.1763,0.0000,0.0000,0.0000
1781736709.066,motion_disabled,DRIVE,False,False,0.0000,0.0000,-0.0000,0.0000,False,4,1.4900,2.1763,0.0000,0.0000,0.0000
1781736709.148,motion_disabled,DRIVE,False,False,0.0000,0.0000,-0.0000,0.0000,False,4,1.4900,2.1763,0.0000,0.0000,0.0000
1781736709.227,motion_disabled,DRIVE,False,False,0.0000,0.0000,-0.0000,0.0000,False,4,1.4900,2.1763,0.0000,0.0000,0.0000
1781736709.306,motion_disabled,DRIVE,False,False,0.0000,0.0000,-0.0000,0.0000,False,4,1.4900,2.1763,0.0000,0.0000,0.0000
1781736709.390,motion_disabled,DRIVE,False,False,0.0000,0.0000,-0.0000,0.0000,False,4,1.4900,2.1763,0.0000,0.0000,0.0000
1781736709.466,motion_disabled,DRIVE,False,False,0.0000,0.0000,-0.0000,0.0000,False,4,1.4900,2.1763,0.0000,0.0000,0.0000
1781736709.546,motion_disabled,DRIVE,False,False,0.0000,0.0000,-0.0000,0.0000,False,4,1.4900,2.1763,0.0000,0.0000,0.0000
1781736709.627,motion_disabled,DRIVE,False,False,0.0000,0.0000,-0.0000,0.0000,False,4,1.4900,2.1763,0.0000,0.0000,0.0000
1781736709.706,motion_disabled,DRIVE,False,False,0.0000,0.0000,-0.0000,0.0000,False,4,1.4900,2.1763,0.0000,0.0000,0.0000
1781736709.786,motion_disabled,DRIVE,False,False,0.0000,0.0000,-0.0000,0.0000,False,4,1.4900,2.1763,0.0000,0.0000,0.0000
1781736709.867,motion_disabled,DRIVE,False,False,0.0000,0.0000,-0.0000,0.0000,False,4,1.4900,2.1763,0.0000,0.0000,0.0000
1781736709.950,motion_disabled,DRIVE,False,False,0.0000,0.0000,-0.0000,0.0000,False,4,1.4900,2.1763,0.0000,0.0000,0.0000
1781736710.026,motion_disabled,DRIVE,False,False,0.0000,0.0000,-0.0000,0.0000,False,4,1.4900,2.1763,0.0000,0.0000,0.0000
1781736710.107,motion_disabled,DRIVE,False,False,0.0000,0.0000,-0.0000,0.0000,False,4,1.4900,2.1763,0.0000,0.0000,0.0000
1781736710.186,motion_disabled,DRIVE,False,False,0.0000,0.0000,-0.0000,0.0000,False,4,1.4900,2.1763,0.0000,0.0000,0.0000
1781736710.267,motion_disabled,DRIVE,False,False,0.0000,0.0000,-0.0000,0.0000,False,4,1.4900,2.1763,0.0000,0.0000,0.0000
1781736710.347,motion_disabled,DRIVE,False,False,0.0000,0.0000,-0.0000,0.0000,False,4,1.4900,2.1763,0.0000,0.0000,0.0000
1781736710.428,motion_disabled,DRIVE,False,False,0.0000,0.0000,-0.0000,0.0000,False,4,1.4900,2.1763,0.0000,0.0000,0.0000
1781736710.506,motion_disabled,DRIVE,False,False,0.0000,0.0000,-0.0000,0.0000,False,4,1.4900,2.1763,0.0000,0.0000,0.0000
1781736710.587,motion_disabled,DRIVE,False,False,0.0000,0.0000,-0.0000,0.0000,False,4,1.4900,2.1763,0.0000,0.0000,0.0000
1781736710.667,motion_disabled,DRIVE,False,False,0.0000,0.0000,-0.0000,0.0000,False,4,1.4900,2.1763,0.0000,0.0000,0.0000
1781736710.746,motion_disabled,DRIVE,False,False,0.0000,0.0000,-0.0000,0.0000,False,4,1.4900,2.1763,0.0000,0.0000,0.0000
1781736710.826,motion_disabled,DRIVE,False,False,0.0000,0.0000,-0.0000,0.0000,False,4,1.4900,2.1763,0.0000,0.0000,0.0000
1781736710.907,motion_disabled,DRIVE,False,False,0.0000,0.0000,-0.0000,0.0000,False,4,1.4900,2.1763,0.0000,0.0000,0.0000
1781736710.990,motion_disabled,DRIVE,False,False,0.0000,0.0000,-0.0000,0.0000,False,4,1.4900,2.1763,0.0000,0.0000,0.0000
1781736711.068,motion_disabled,DRIVE,False,False,0.0000,0.0000,-0.0000,0.0000,False,4,1.4900,2.1763,0.0000,0.0000,0.0000
1781736711.147,motion_disabled,DRIVE,False,False,0.0000,0.0000,-0.0000,0.0000,False,4,1.4900,2.1763,0.0000,0.0000,0.0000
1781736711.226,motion_disabled,DRIVE,False,False,0.0000,0.0000,-0.0000,0.0000,False,4,1.4900,2.1763,0.0000,0.0000,0.0000
1781736711.313,motion_disabled,DRIVE,False,False,0.0000,0.0000,-0.0000,0.0000,False,4,1.4900,2.1763,0.0000,0.0000,0.0000
1781736711.387,motion_disabled,DRIVE,False,False,0.0000,0.0000,-0.0000,0.0000,False,4,1.4900,2.1763,0.0000,0.0000,0.0000
1781736711.491,motion_disabled,DRIVE,False,False,0.0000,0.0000,-0.0000,0.0000,False,4,1.4900,2.1763,0.0000,0.0000,0.0000
1781736711.563,motion_disabled,DRIVE,False,False,0.0000,0.0000,-0.0000,0.0000,False,4,1.4900,2.1763,0.0000,0.0000,0.0000
1781736711.628,motion_disabled,DRIVE,False,False,0.0000,0.0000,-0.0000,0.0000,False,4,1.4900,2.1763,0.0000,0.0000,0.0000
1781736711.707,motion_disabled,DRIVE,False,False,0.0000,0.0000,-0.0000,0.0000,False,4,1.4900,2.1763,0.0000,0.0000,0.0000
1781736711.794,motion_disabled,DRIVE,False,False,0.0000,0.0000,-0.0000,0.0000,False,4,1.4900,2.1763,0.0000,0.0000,0.0000
1781736711.869,motion_disabled,DRIVE,False,False,0.0000,0.0000,-0.0000,0.0000,False,4,1.4900,2.1763,0.0000,0.0000,0.0000
1781736711.948,motion_disabled,DRIVE,False,False,0.0000,0.0000,-0.0000,0.0000,False,4,1.4900,2.1763,0.0000,0.0000,0.0000
1781736712.031,motion_disabled,DRIVE,False,False,0.0000,0.0000,-0.0000,0.0000,False,4,1.4900,2.1763,0.0000,0.0000,0.0000
1781736712.106,motion_disabled,DRIVE,False,False,0.0000,0.0000,-0.0000,0.0000,False,4,1.4900,2.1763,0.0000,0.0000,0.0000
1781736712.186,motion_disabled,DRIVE,False,False,0.0000,0.0000,-0.0000,0.0000,False,4,1.4900,2.1763,0.0000,0.0000,0.0000
1781736712.266,motion_disabled,DRIVE,False,False,0.0000,0.0000,-0.0000,0.0000,False,4,1.4900,2.1763,0.0000,0.0000,0.0000
1781736712.347,motion_disabled,DRIVE,False,False,0.0000,0.0000,-0.0000,0.0000,False,4,1.4900,2.1763,0.0000,0.0000,0.0000
1781736712.426,motion_disabled,DRIVE,False,False,0.0000,0.0000,-0.0000,0.0000,False,4,1.4900,2.1763,0.0000,0.0000,0.0000
1781736712.506,motion_disabled,DRIVE,False,False,0.0000,0.0000,-0.0000,0.0000,False,4,1.4900,2.1763,0.0000,0.0000,0.0000
1781736712.587,motion_disabled,DRIVE,False,False,0.0000,0.0000,-0.0000,0.0000,False,4,1.4900,2.1763,0.0000,0.0000,0.0000
1781736712.667,motion_disabled,DRIVE,False,False,0.0000,0.0000,-0.0000,0.0000,False,4,1.4900,2.1763,0.0000,0.0000,0.0000
1781736712.746,motion_disabled,DRIVE,False,False,0.0000,0.0000,-0.0000,0.0000,False,4,1.4900,2.1763,0.0000,0.0000,0.0000
1781736712.833,motion_disabled,DRIVE,False,False,0.0000,0.0000,-0.0000,0.0000,False,4,1.4900,2.1763,0.0000,0.0000,0.0000
1781736712.906,motion_disabled,DRIVE,False,False,0.0000,0.0000,-0.0000,0.0000,False,4,1.4900,2.1763,0.0000,0.0000,0.0000
1781736712.986,motion_disabled,DRIVE,False,False,0.0000,0.0000,-0.0000,0.0000,False,4,1.4900,2.1763,0.0000,0.0000,0.0000
1781736713.067,motion_disabled,DRIVE,False,False,0.0000,0.0000,-0.0000,0.0000,False,4,1.4900,2.1763,0.0000,0.0000,0.0000
1781736713.147,motion_disabled,DRIVE,False,False,0.0000,0.0000,-0.0000,0.0000,False,4,1.4900,2.1763,0.0000,0.0000,0.0000
1781736713.226,motion_disabled,DRIVE,False,False,0.0000,0.0000,-0.0000,0.0000,False,4,1.4900,2.1763,0.0000,0.0000,0.0000
1781736713.306,motion_disabled,DRIVE,False,False,0.0000,0.0000,-0.0000,0.0000,False,4,1.4900,2.1763,0.0000,0.0000,0.0000
1781736713.386,motion_disabled,DRIVE,False,False,0.0000,0.0000,-0.0000,0.0000,False,4,1.4900,2.1763,0.0000,0.0000,0.0000
1781736713.467,motion_disabled,DRIVE,False,False,0.0000,0.0000,-0.0000,0.0000,False,4,1.4900,2.1763,0.0000,0.0000,0.0000
1781736713.546,motion_disabled,DRIVE,False,False,0.0000,0.0000,-0.0000,0.0000,False,4,1.4900,2.1763,0.0000,0.0000,0.0000
1781736713.627,motion_disabled,DRIVE,False,False,0.0000,0.0000,-0.0000,0.0000,False,4,1.4900,2.1763,0.0000,0.0000,0.0000
1781736713.707,motion_disabled,DRIVE,False,False,0.0000,0.0000,-0.0000,0.0000,False,4,1.4900,2.1763,0.0000,0.0000,0.0000
1781736713.788,motion_disabled,DRIVE,False,False,0.0000,0.0000,-0.0000,0.0000,False,4,1.4900,2.1763,0.0000,0.0000,0.0000
1781736713.869,motion_disabled,DRIVE,False,False,0.0000,0.0000,-0.0000,0.0000,False,4,1.4900,2.1763,0.0000,0.0000,0.0000
1781736713.946,motion_disabled,DRIVE,False,False,0.0000,0.0000,-0.0000,0.0000,False,4,1.4900,2.1763,0.0000,0.0000,0.0000
1781736714.027,motion_disabled,DRIVE,False,False,0.0000,0.0000,-0.0000,0.0000,False,4,1.4900,2.1763,0.0000,0.0000,0.0000
1781736714.106,motion_disabled,DRIVE,False,False,0.0000,0.0000,-0.0000,0.0000,False,4,1.4900,2.1763,0.0000,0.0000,0.0000
1781736714.186,motion_disabled,DRIVE,False,False,0.0000,0.0000,-0.0000,0.0000,False,4,1.4900,2.1763,0.0000,0.0000,0.0000
1781736714.269,motion_disabled,DRIVE,False,False,0.0000,0.0000,-0.0000,0.0000,False,4,1.4900,2.1763,0.0000,0.0000,0.0000
1781736714.347,motion_disabled,DRIVE,False,False,0.0000,0.0000,-0.0000,0.0000,False,4,1.4900,2.1763,0.0000,0.0000,0.0000
1781736714.428,motion_disabled,DRIVE,False,False,0.0000,0.0000,-0.0000,0.0000,False,4,1.4900,2.1763,0.0000,0.0000,0.0000
1781736714.507,motion_disabled,DRIVE,False,False,0.0000,0.0000,-0.0000,0.0000,False,4,1.4900,2.1763,0.0000,0.0000,0.0000
1781736714.588,motion_disabled,DRIVE,False,False,0.0000,0.0000,-0.0000,0.0000,False,4,1.4900,2.1763,0.0000,0.0000,0.0000
1781736714.666,motion_disabled,DRIVE,False,False,0.0000,0.0000,-0.0000,0.0000,False,4,1.4900,2.1763,0.0000,0.0000,0.0000
1781736714.746,motion_disabled,DRIVE,False,False,0.0000,0.0000,-0.0000,0.0000,False,4,1.4900,2.1763,0.0000,0.0000,0.0000
1781736714.828,motion_disabled,DRIVE,False,False,0.0000,0.0000,-0.0000,0.0000,False,4,1.4900,2.1763,0.0000,0.0000,0.0000
1781736714.907,motion_disabled,DRIVE,False,False,0.0000,0.0000,-0.0000,0.0000,False,4,1.4900,2.1763,0.0000,0.0000,0.0000
1781736714.987,motion_disabled,DRIVE,False,False,0.0000,0.0000,-0.0000,0.0000,False,4,1.4900,2.1763,0.0000,0.0000,0.0000
1781736715.067,motion_disabled,DRIVE,False,False,0.0000,0.0000,-0.0000,0.0000,False,4,1.4900,2.1763,0.0000,0.0000,0.0000
1781736715.147,motion_disabled,DRIVE,False,False,0.0000,0.0000,-0.0000,0.0000,False,4,1.4900,2.1763,0.0000,0.0000,0.0000
1781736715.226,motion_disabled,DRIVE,False,False,0.0000,0.0000,-0.0000,0.0000,False,4,1.4900,2.1763,0.0000,0.0000,0.0000
1781736715.309,motion_disabled,DRIVE,False,False,0.0000,0.0000,-0.0000,0.0000,False,4,1.4900,2.1763,0.0000,0.0000,0.0000
1781736715.387,motion_disabled,DRIVE,False,False,0.0000,0.0000,-0.0000,0.0000,False,4,1.4900,2.1763,0.0000,0.0000,0.0000
1781736715.466,motion_disabled,DRIVE,False,False,0.0000,0.0000,-0.0000,0.0000,False,4,1.4900,2.1763,0.0000,0.0000,0.0000
1781736715.547,motion_disabled,DRIVE,False,False,0.0000,0.0000,-0.0000,0.0000,False,4,1.4900,2.1763,0.0000,0.0000,0.0000
1781736715.627,motion_disabled,DRIVE,False,False,0.0000,0.0000,-0.0000,0.0000,False,4,1.4900,2.1763,0.0000,0.0000,0.0000
1781736715.709,motion_disabled,DRIVE,False,False,0.0000,0.0000,-0.0000,0.0000,False,4,1.4900,2.1763,0.0000,0.0000,0.0000
1781736715.786,motion_disabled,DRIVE,False,False,0.0000,0.0000,-0.0000,0.0000,False,4,1.4900,2.1763,0.0000,0.0000,0.0000
1781736715.866,motion_disabled,DRIVE,False,False,0.0000,0.0000,-0.0000,0.0000,False,4,1.4900,2.1763,0.0000,0.0000,0.0000
1781736715.946,motion_disabled,DRIVE,False,False,0.0000,0.0000,-0.0000,0.0000,False,4,1.4900,2.1763,0.0000,0.0000,0.0000
1781736716.026,motion_disabled,DRIVE,False,False,0.0000,0.0000,-0.0000,0.0000,False,4,1.4900,2.1763,0.0000,0.0000,0.0000
1781736716.108,motion_disabled,DRIVE,False,False,0.0000,0.0000,-0.0000,0.0000,False,4,1.4900,2.1763,0.0000,0.0000,0.0000
1781736716.188,motion_disabled,DRIVE,False,False,0.0000,0.0000,-0.0000,0.0000,False,4,1.4900,2.1763,0.0000,0.0000,0.0000
1781736716.267,motion_disabled,DRIVE,False,False,0.0000,0.0000,-0.0000,0.0000,False,4,1.4900,2.1763,0.0000,0.0000,0.0000
1781736716.346,motion_disabled,DRIVE,False,False,0.0000,0.0000,-0.0000,0.0000,False,4,1.4900,2.1763,0.0000,0.0000,0.0000
1781736716.426,motion_disabled,DRIVE,False,False,0.0000,0.0000,-0.0000,0.0000,False,4,1.4900,2.1763,0.0000,0.0000,0.0000
1781736716.506,motion_disabled,DRIVE,False,False,0.0000,0.0000,-0.0000,0.0000,False,4,1.4900,2.1763,0.0000,0.0000,0.0000
1781736716.586,motion_disabled,DRIVE,False,False,0.0000,0.0000,-0.0000,0.0000,False,4,1.4900,2.1763,0.0000,0.0000,0.0000
1781736716.666,motion_disabled,DRIVE,False,False,0.0000,0.0000,-0.0000,0.0000,False,4,1.4900,2.1763,0.0000,0.0000,0.0000
1781736716.746,motion_disabled,DRIVE,False,False,0.0000,0.0000,-0.0000,0.0000,False,4,1.4900,2.1763,0.0000,0.0000,0.0000
1781736716.827,motion_disabled,DRIVE,False,False,0.0000,0.0000,-0.0000,0.0000,False,4,1.4900,2.1763,0.0000,0.0000,0.0000
1781736716.906,motion_disabled,DRIVE,False,False,0.0000,0.0000,-0.0000,0.0000,False,4,1.4900,2.1763,0.0000,0.0000,0.0000
1781736716.986,motion_disabled,DRIVE,False,False,0.0000,0.0000,-0.0000,0.0000,False,4,1.4900,2.1763,0.0000,0.0000,0.0000
1781736717.067,motion_disabled,DRIVE,False,False,0.0000,0.0000,-0.0000,0.0000,False,4,1.4900,2.1763,0.0000,0.0000,0.0000
1781736717.146,motion_disabled,DRIVE,False,False,0.0000,0.0000,-0.0000,0.0000,False,4,1.4900,2.1763,0.0000,0.0000,0.0000
1781736717.232,motion_disabled,DRIVE,False,False,0.0000,0.0000,-0.0000,0.0000,False,4,1.4900,2.1763,0.0000,0.0000,0.0000
1781736717.317,motion_disabled,DRIVE,False,False,0.0000,0.0000,-0.0000,0.0000,False,4,1.4900,2.1763,0.0000,0.0000,0.0000
1781736717.391,motion_disabled,DRIVE,False,False,0.0000,0.0000,-0.0000,0.0000,False,4,1.4900,2.1763,0.0000,0.0000,0.0000
1781736717.467,motion_disabled,DRIVE,False,False,0.0000,0.0000,-0.0000,0.0000,False,4,1.4900,2.1763,0.0000,0.0000,0.0000
1781736717.547,motion_disabled,DRIVE,False,False,0.0000,0.0000,-0.0000,0.0000,False,4,1.4900,2.1763,0.0000,0.0000,0.0000
1781736717.627,motion_disabled,DRIVE,False,False,0.0000,0.0000,-0.0000,0.0000,False,4,1.4900,2.1763,0.0000,0.0000,0.0000
1781736717.706,motion_disabled,DRIVE,False,False,0.0000,0.0000,-0.0000,0.0000,False,4,1.4900,2.1763,0.0000,0.0000,0.0000
1781736717.786,motion_disabled,DRIVE,False,False,0.0000,0.0000,-0.0000,0.0000,False,4,1.4900,2.1763,0.0000,0.0000,0.0000
1781736717.867,motion_disabled,DRIVE,False,False,0.0000,0.0000,-0.0000,0.0000,False,4,1.4900,2.1763,0.0000,0.0000,0.0000
1781736717.946,motion_disabled,DRIVE,False,False,0.0000,0.0000,-0.0000,0.0000,False,4,1.4900,2.1763,0.0000,0.0000,0.0000
1781736718.027,motion_disabled,DRIVE,False,False,0.0000,0.0000,-0.0000,0.0000,False,4,1.4900,2.1763,0.0000,0.0000,0.0000
1781736718.106,motion_disabled,DRIVE,False,False,0.0000,0.0000,-0.0000,0.0000,False,4,1.4900,2.1763,0.0000,0.0000,0.0000
1781736718.187,motion_disabled,DRIVE,False,False,0.0000,0.0000,-0.0000,0.0000,False,4,1.4900,2.1763,0.0000,0.0000,0.0000
1781736718.266,motion_disabled,DRIVE,False,False,0.0000,0.0000,-0.0000,0.0000,False,4,1.4900,2.1763,0.0000,0.0000,0.0000
1781736718.346,motion_disabled,DRIVE,False,False,0.0000,0.0000,-0.0000,0.0000,False,4,1.4900,2.1763,0.0000,0.0000,0.0000
1781736718.429,motion_disabled,DRIVE,False,False,0.0000,0.0000,-0.0000,0.0000,False,4,1.4900,2.1763,0.0000,0.0000,0.0000
1781736718.507,motion_disabled,DRIVE,False,False,0.0000,0.0000,-0.0000,0.0000,False,4,1.4900,2.1763,0.0000,0.0000,0.0000
1781736718.586,motion_disabled,DRIVE,False,False,0.0000,0.0000,-0.0000,0.0000,False,4,1.4900,2.1763,0.0000,0.0000,0.0000
1781736718.666,motion_disabled,DRIVE,False,False,0.0000,0.0000,-0.0000,0.0000,False,4,1.4900,2.1763,0.0000,0.0000,0.0000
1781736718.747,motion_disabled,DRIVE,False,False,0.0000,0.0000,-0.0000,0.0000,False,4,1.4900,2.1763,0.0000,0.0000,0.0000
1781736718.827,motion_disabled,DRIVE,False,False,0.0000,0.0000,-0.0000,0.0000,False,4,1.4900,2.1763,0.0000,0.0000,0.0000
1781736718.907,motion_disabled,DRIVE,False,False,0.0000,0.0000,-0.0000,0.0000,False,4,1.4900,2.1763,0.0000,0.0000,0.0000
1781736719.011,motion_disabled,DRIVE,False,False,0.0000,0.0000,-0.0000,0.0000,False,4,1.4900,2.1763,0.0000,0.0000,0.0000
1781736719.066,motion_disabled,DRIVE,False,False,0.0000,0.0000,-0.0000,0.0000,False,4,1.4900,2.1763,0.0000,0.0000,0.0000
1781736719.151,motion_disabled,DRIVE,False,False,0.0000,0.0000,-0.0000,0.0000,False,4,1.4900,2.1763,0.0000,0.0000,0.0000
1781736719.228,motion_disabled,DRIVE,False,False,0.0000,0.0000,-0.0000,0.0000,False,4,1.4900,2.1763,0.0000,0.0000,0.0000
1781736719.309,motion_disabled,DRIVE,False,False,0.0000,0.0000,-0.0000,0.0000,False,4,1.4900,2.1763,0.0000,0.0000,0.0000
1781736719.386,motion_disabled,DRIVE,False,False,0.0000,0.0000,-0.0000,0.0000,False,4,1.4900,2.1763,0.0000,0.0000,0.0000
1781736719.467,motion_disabled,DRIVE,False,False,0.0000,0.0000,-0.0000,0.0000,False,4,1.4900,2.1763,0.0000,0.0000,0.0000
1781736719.550,motion_disabled,DRIVE,False,False,0.0000,0.0000,-0.0000,0.0000,False,4,1.4900,2.1763,0.0000,0.0000,0.0000
1781736719.628,motion_disabled,DRIVE,False,False,0.0000,0.0000,-0.0000,0.0000,False,4,1.4900,2.1763,0.0000,0.0000,0.0000
1781736719.707,motion_disabled,DRIVE,False,False,0.0000,0.0000,-0.0000,0.0000,False,4,1.4900,2.1763,0.0000,0.0000,0.0000
1781736719.786,motion_disabled,DRIVE,False,False,0.0000,0.0000,-0.0000,0.0000,False,4,1.4900,2.1763,0.0000,0.0000,0.0000
1781736719.867,motion_disabled,DRIVE,False,False,0.0000,0.0000,-0.0000,0.0000,False,4,1.4900,2.1763,0.0000,0.0000,0.0000
1781736719.946,motion_disabled,DRIVE,False,False,0.0000,0.0000,-0.0000,0.0000,False,4,1.4900,2.1763,0.0000,0.0000,0.0000
1781736720.027,motion_disabled,DRIVE,False,False,0.0000,0.0000,-0.0000,0.0000,False,4,1.4900,2.1763,0.0000,0.0000,0.0000
1781736720.106,motion_disabled,DRIVE,False,False,0.0000,0.0000,-0.0000,0.0000,False,4,1.4900,2.1763,0.0000,0.0000,0.0000
1781736720.190,motion_disabled,DRIVE,False,False,0.0000,0.0000,-0.0000,0.0000,False,4,1.4900,2.1763,0.0000,0.0000,0.0000
1781736720.270,motion_disabled,DRIVE,False,False,0.0000,0.0000,-0.0000,0.0000,False,4,1.4900,2.1763,0.0000,0.0000,0.0000
1781736720.346,motion_disabled,DRIVE,False,False,0.0000,0.0000,-0.0000,0.0000,False,4,1.4900,2.1763,0.0000,0.0000,0.0000
1781736720.432,motion_disabled,DRIVE,False,False,0.0000,0.0000,-0.0000,0.0000,False,4,1.4900,2.1763,0.0000,0.0000,0.0000
1781736720.509,motion_disabled,DRIVE,False,False,0.0000,0.0000,-0.0000,0.0000,False,4,1.4900,2.1763,0.0000,0.0000,0.0000
1781736720.586,motion_disabled,DRIVE,False,False,0.0000,0.0000,-0.0000,0.0000,False,4,1.4900,2.1763,0.0000,0.0000,0.0000
1781736720.666,motion_disabled,DRIVE,False,False,0.0000,0.0000,-0.0000,0.0000,False,4,1.4900,2.1763,0.0000,0.0000,0.0000
1781736720.746,motion_disabled,DRIVE,False,False,0.0000,0.0000,-0.0000,0.0000,False,4,1.4900,2.1763,0.0000,0.0000,0.0000
1781736720.826,motion_disabled,DRIVE,False,False,0.0000,0.0000,-0.0000,0.0000,False,4,1.4900,2.1763,0.0000,0.0000,0.0000
1781736720.909,motion_disabled,DRIVE,False,False,0.0000,0.0000,-0.0000,0.0000,False,4,1.4900,2.1763,0.0000,0.0000,0.0000
1781736720.987,motion_disabled,DRIVE,False,False,0.0000,0.0000,-0.0000,0.0000,False,4,1.4900,2.1763,0.0000,0.0000,0.0000
1781736721.067,motion_disabled,DRIVE,False,False,0.0000,0.0000,-0.0000,0.0000,False,4,1.4900,2.1763,0.0000,0.0000,0.0000
1781736721.151,motion_disabled,DRIVE,False,False,0.0000,0.0000,-0.0000,0.0000,False,4,1.4900,2.1763,0.0000,0.0000,0.0000
1781736721.228,motion_disabled,DRIVE,False,False,0.0000,0.0000,-0.0000,0.0000,False,4,1.4900,2.1763,0.0000,0.0000,0.0000
1781736721.306,motion_disabled,DRIVE,False,False,0.0000,0.0000,-0.0000,0.0000,False,4,1.4900,2.1763,0.0000,0.0000,0.0000
1781736721.386,motion_disabled,DRIVE,False,False,0.0000,0.0000,-0.0000,0.0000,False,4,1.4900,2.1763,0.0000,0.0000,0.0000
1781736721.466,motion_disabled,DRIVE,False,False,0.0000,0.0000,-0.0000,0.0000,False,4,1.4900,2.1763,0.0000,0.0000,0.0000
1781736721.546,motion_disabled,DRIVE,False,False,0.0000,0.0000,-0.0000,0.0000,False,4,1.4900,2.1763,0.0000,0.0000,0.0000
1781736721.627,motion_disabled,DRIVE,False,False,0.0000,0.0000,-0.0000,0.0000,False,4,1.4900,2.1763,0.0000,0.0000,0.0000
1781736721.706,motion_disabled,DRIVE,False,False,0.0000,0.0000,-0.0000,0.0000,False,4,1.4900,2.1763,0.0000,0.0000,0.0000
1781736721.794,motion_disabled,DRIVE,False,False,0.0000,0.0000,-0.0000,0.0000,False,4,1.4900,2.1763,0.0000,0.0000,0.0000
1781736721.866,motion_disabled,DRIVE,False,False,0.0000,0.0000,-0.0000,0.0000,False,4,1.4900,2.1763,0.0000,0.0000,0.0000
1781736721.946,motion_disabled,DRIVE,False,False,0.0000,0.0000,-0.0000,0.0000,False,4,1.4900,2.1763,0.0000,0.0000,0.0000
1781736722.027,motion_disabled,DRIVE,False,False,0.0000,0.0000,-0.0000,0.0000,False,4,1.4900,2.1763,0.0000,0.0000,0.0000
1781736722.106,motion_disabled,DRIVE,False,False,0.0000,0.0000,-0.0000,0.0000,False,4,1.4900,2.1763,0.0000,0.0000,0.0000
1781736722.186,motion_disabled,DRIVE,False,False,0.0000,0.0000,-0.0000,0.0000,False,4,1.4900,2.1763,0.0000,0.0000,0.0000
1781736722.267,motion_disabled,DRIVE,False,False,0.0000,0.0000,-0.0000,0.0000,False,4,1.4900,2.1763,0.0000,0.0000,0.0000
1781736722.357,motion_disabled,DRIVE,False,False,0.0000,0.0000,-0.0000,0.0000,False,4,1.4900,2.1763,0.0000,0.0000,0.0000
1781736722.426,motion_disabled,DRIVE,False,False,0.0000,0.0000,-0.0000,0.0000,False,4,1.4900,2.1763,0.0000,0.0000,0.0000
1781736722.507,motion_disabled,DRIVE,False,False,0.0000,0.0000,-0.0000,0.0000,False,4,1.4900,2.1763,0.0000,0.0000,0.0000
1781736722.586,motion_disabled,DRIVE,False,False,0.0000,0.0000,-0.0000,0.0000,False,4,1.4900,2.1763,0.0000,0.0000,0.0000
1781736722.666,motion_disabled,DRIVE,False,False,0.0000,0.0000,-0.0000,0.0000,False,4,1.4900,2.1763,0.0000,0.0000,0.0000
1781736722.752,motion_disabled,DRIVE,False,False,0.0000,0.0000,-0.0000,0.0000,False,4,1.4900,2.1763,0.0000,0.0000,0.0000
1781736722.826,motion_disabled,DRIVE,False,False,0.0000,0.0000,-0.0000,0.0000,False,4,1.4900,2.1763,0.0000,0.0000,0.0000
1781736722.912,motion_disabled,DRIVE,False,False,0.0000,0.0000,-0.0000,0.0000,False,4,1.4900,2.1763,0.0000,0.0000,0.0000
1781736722.987,motion_disabled,DRIVE,False,False,0.0000,0.0000,-0.0000,0.0000,False,4,1.4900,2.1763,0.0000,0.0000,0.0000
1781736723.072,motion_disabled,DRIVE,False,False,0.0000,0.0000,-0.0000,0.0000,False,4,1.4900,2.1763,0.0000,0.0000,0.0000
1781736723.147,motion_disabled,DRIVE,False,False,0.0000,0.0000,-0.0000,0.0000,False,4,1.4900,2.1763,0.0000,0.0000,0.0000
1781736723.228,motion_disabled,DRIVE,False,False,0.0000,0.0000,-0.0000,0.0000,False,4,1.4900,2.1763,0.0000,0.0000,0.0000
1781736723.312,motion_disabled,DRIVE,False,False,0.0000,0.0000,-0.0000,0.0000,False,4,1.4900,2.1763,0.0000,0.0000,0.0000
1781736723.387,motion_disabled,DRIVE,False,False,0.0000,0.0000,-0.0000,0.0000,False,4,1.4900,2.1763,0.0000,0.0000,0.0000
1781736723.469,motion_disabled,DRIVE,False,False,0.0000,0.0000,-0.0000,0.0000,False,4,1.4900,2.1763,0.0000,0.0000,0.0000
1781736723.548,motion_disabled,DRIVE,False,False,0.0000,0.0000,-0.0000,0.0000,False,4,1.4900,2.1763,0.0000,0.0000,0.0000
1781736723.626,motion_disabled,DRIVE,False,False,0.0000,0.0000,-0.0000,0.0000,False,4,1.4900,2.1763,0.0000,0.0000,0.0000
1781736723.706,motion_disabled,DRIVE,False,False,0.0000,0.0000,-0.0000,0.0000,False,4,1.4900,2.1763,0.0000,0.0000,0.0000
1781736723.787,motion_disabled,DRIVE,False,False,0.0000,0.0000,-0.0000,0.0000,False,4,1.4900,2.1763,0.0000,0.0000,0.0000
1781736723.867,motion_disabled,DRIVE,False,False,0.0000,0.0000,-0.0000,0.0000,False,4,1.4900,2.1763,0.0000,0.0000,0.0000
1781736723.947,motion_disabled,DRIVE,False,False,0.0000,0.0000,-0.0000,0.0000,False,4,1.4900,2.1763,0.0000,0.0000,0.0000
1781736724.027,motion_disabled,DRIVE,False,False,0.0000,0.0000,-0.0000,0.0000,False,4,1.4900,2.1763,0.0000,0.0000,0.0000
1781736724.106,motion_disabled,DRIVE,False,False,0.0000,0.0000,-0.0000,0.0000,False,4,1.4900,2.1763,0.0000,0.0000,0.0000
1781736724.187,motion_disabled,DRIVE,False,False,0.0000,0.0000,-0.0000,0.0000,False,4,1.4900,2.1763,0.0000,0.0000,0.0000
1781736724.266,motion_disabled,DRIVE,False,False,0.0000,0.0000,-0.0000,0.0000,False,4,1.4900,2.1763,0.0000,0.0000,0.0000
1781736724.348,motion_disabled,DRIVE,False,False,0.0000,0.0000,-0.0000,0.0000,False,4,1.4900,2.1763,0.0000,0.0000,0.0000
1781736724.427,motion_disabled,DRIVE,False,False,0.0000,0.0000,-0.0000,0.0000,False,4,1.4900,2.1763,0.0000,0.0000,0.0000
1781736724.506,motion_disabled,DRIVE,False,False,0.0000,0.0000,-0.0000,0.0000,False,4,1.4900,2.1763,0.0000,0.0000,0.0000
1781736724.587,motion_disabled,DRIVE,False,False,0.0000,0.0000,-0.0000,0.0000,False,4,1.4900,2.1763,0.0000,0.0000,0.0000
1781736724.666,motion_disabled,DRIVE,False,False,0.0000,0.0000,-0.0000,0.0000,False,4,1.4900,2.1763,0.0000,0.0000,0.0000
1781736724.747,motion_disabled,DRIVE,False,False,0.0000,0.0000,-0.0000,0.0000,False,4,1.4900,2.1763,0.0000,0.0000,0.0000
1781736724.827,motion_disabled,DRIVE,False,False,0.0000,0.0000,-0.0000,0.0000,False,4,1.4900,2.1763,0.0000,0.0000,0.0000
1781736724.906,motion_disabled,DRIVE,False,False,0.0000,0.0000,-0.0000,0.0000,False,4,1.4900,2.1763,0.0000,0.0000,0.0000
1781736724.986,motion_disabled,DRIVE,False,False,0.0000,0.0000,-0.0000,0.0000,False,4,1.4900,2.1763,0.0000,0.0000,0.0000
1781736725.066,motion_disabled,DRIVE,False,False,0.0000,0.0000,-0.0000,0.0000,False,4,1.4900,2.1763,0.0000,0.0000,0.0000
1781736725.146,motion_disabled,DRIVE,False,False,0.0000,0.0000,-0.0000,0.0000,False,4,1.4900,2.1763,0.0000,0.0000,0.0000
1781736725.227,motion_disabled,DRIVE,False,False,0.0000,0.0000,-0.0000,0.0000,False,4,1.4900,2.1763,0.0000,0.0000,0.0000
1781736725.306,motion_disabled,DRIVE,False,False,0.0000,0.0000,-0.0000,0.0000,False,4,1.4900,2.1763,0.0000,0.0000,0.0000
1781736725.386,motion_disabled,DRIVE,False,False,0.0000,0.0000,-0.0000,0.0000,False,4,1.4900,2.1763,0.0000,0.0000,0.0000
1781736725.466,motion_disabled,DRIVE,False,False,0.0000,0.0000,-0.0000,0.0000,False,4,1.4900,2.1763,0.0000,0.0000,0.0000
1781736725.547,motion_disabled,DRIVE,False,False,0.0000,0.0000,-0.0000,0.0000,False,4,1.4900,2.1763,0.0000,0.0000,0.0000
1781736725.628,motion_disabled,DRIVE,False,False,0.0000,0.0000,-0.0000,0.0000,False,4,1.4900,2.1763,0.0000,0.0000,0.0000
1781736725.706,motion_disabled,DRIVE,False,False,0.0000,0.0000,-0.0000,0.0000,False,4,1.4900,2.1763,0.0000,0.0000,0.0000
1781736725.786,motion_disabled,DRIVE,False,False,0.0000,0.0000,-0.0000,0.0000,False,4,1.4900,2.1763,0.0000,0.0000,0.0000
1781736725.866,motion_disabled,DRIVE,False,False,0.0000,0.0000,-0.0000,0.0000,False,4,1.4900,2.1763,0.0000,0.0000,0.0000
1781736725.948,motion_disabled,DRIVE,False,False,0.0000,0.0000,-0.0000,0.0000,False,4,1.4900,2.1763,0.0000,0.0000,0.0000
1781736726.028,motion_disabled,DRIVE,False,False,0.0000,0.0000,-0.0000,0.0000,False,4,1.4900,2.1763,0.0000,0.0000,0.0000
1781736726.107,motion_disabled,DRIVE,False,False,0.0000,0.0000,-0.0000,0.0000,False,4,1.4900,2.1763,0.0000,0.0000,0.0000
1781736726.187,motion_disabled,DRIVE,False,False,0.0000,0.0000,-0.0000,0.0000,False,4,1.4900,2.1763,0.0000,0.0000,0.0000
1781736726.266,motion_disabled,DRIVE,False,False,0.0000,0.0000,-0.0000,0.0000,False,4,1.4900,2.1763,0.0000,0.0000,0.0000
1781736726.348,motion_disabled,DRIVE,False,False,0.0000,0.0000,-0.0000,0.0000,False,4,1.4900,2.1763,0.0000,0.0000,0.0000
1781736726.427,motion_disabled,DRIVE,False,False,0.0000,0.0000,-0.0000,0.0000,False,4,1.4900,2.1763,0.0000,0.0000,0.0000
1781736726.506,motion_disabled,DRIVE,False,False,0.0000,0.0000,-0.0000,0.0000,False,4,1.4900,2.1763,0.0000,0.0000,0.0000
1781736726.586,motion_disabled,DRIVE,False,False,0.0000,0.0000,-0.0000,0.0000,False,4,1.4900,2.1763,0.0000,0.0000,0.0000
1781736726.667,motion_disabled,DRIVE,False,False,0.0000,0.0000,-0.0000,0.0000,False,4,1.4900,2.1763,0.0000,0.0000,0.0000
1781736726.746,motion_disabled,DRIVE,False,False,0.0000,0.0000,-0.0000,0.0000,False,4,1.4900,2.1763,0.0000,0.0000,0.0000
1781736726.827,motion_disabled,DRIVE,False,False,0.0000,0.0000,-0.0000,0.0000,False,4,1.4900,2.1763,0.0000,0.0000,0.0000
1781736726.906,motion_disabled,DRIVE,False,False,0.0000,0.0000,-0.0000,0.0000,False,4,1.4900,2.1763,0.0000,0.0000,0.0000
1781736726.986,motion_disabled,DRIVE,False,False,0.0000,0.0000,-0.0000,0.0000,False,4,1.4900,2.1763,0.0000,0.0000,0.0000
1781736727.066,motion_disabled,DRIVE,False,False,0.0000,0.0000,-0.0000,0.0000,False,4,1.4900,2.1763,0.0000,0.0000,0.0000
1781736727.146,motion_disabled,DRIVE,False,False,0.0000,0.0000,-0.0000,0.0000,False,4,1.4900,2.1763,0.0000,0.0000,0.0000
1781736727.231,motion_disabled,DRIVE,False,False,0.0000,0.0000,-0.0000,0.0000,False,4,1.4900,2.1763,0.0000,0.0000,0.0000
1781736727.309,motion_disabled,DRIVE,False,False,0.0000,0.0000,-0.0000,0.0000,False,4,1.4900,2.1763,0.0000,0.0000,0.0000
1781736727.386,motion_disabled,DRIVE,False,False,0.0000,0.0000,-0.0000,0.0000,False,4,1.4900,2.1763,0.0000,0.0000,0.0000
1781736727.468,motion_disabled,DRIVE,False,False,0.0000,0.0000,-0.0000,0.0000,False,4,1.4900,2.1763,0.0000,0.0000,0.0000
1781736727.546,motion_disabled,DRIVE,False,False,0.0000,0.0000,-0.0000,0.0000,False,4,1.4900,2.1763,0.0000,0.0000,0.0000
1781736727.626,motion_disabled,DRIVE,False,False,0.0000,0.0000,-0.0000,0.0000,False,4,1.4900,2.1763,0.0000,0.0000,0.0000
1781736727.706,motion_disabled,DRIVE,False,False,0.0000,0.0000,-0.0000,0.0000,False,4,1.4900,2.1763,0.0000,0.0000,0.0000
1781736727.790,motion_disabled,DRIVE,False,False,0.0000,0.0000,-0.0000,0.0000,False,4,1.4900,2.1763,0.0000,0.0000,0.0000
1781736727.866,motion_disabled,DRIVE,False,False,0.0000,0.0000,-0.0000,0.0000,False,4,1.4900,2.1763,0.0000,0.0000,0.0000
1781736727.947,motion_disabled,DRIVE,False,False,0.0000,0.0000,-0.0000,0.0000,False,4,1.4900,2.1763,0.0000,0.0000,0.0000
1781736728.027,motion_disabled,DRIVE,False,False,0.0000,0.0000,-0.0000,0.0000,False,4,1.4900,2.1763,0.0000,0.0000,0.0000
1781736728.106,motion_disabled,DRIVE,False,False,0.0000,0.0000,-0.0000,0.0000,False,4,1.4900,2.1763,0.0000,0.0000,0.0000
1781736728.188,motion_disabled,DRIVE,False,False,0.0000,0.0000,-0.0000,0.0000,False,4,1.4900,2.1763,0.0000,0.0000,0.0000
1781736728.272,motion_disabled,DRIVE,False,False,0.0000,0.0000,-0.0000,0.0000,False,4,1.4900,2.1763,0.0000,0.0000,0.0000
1781736728.347,motion_disabled,DRIVE,False,False,0.0000,0.0000,-0.0000,0.0000,False,4,1.4900,2.1763,0.0000,0.0000,0.0000
1781736728.426,motion_disabled,DRIVE,False,False,0.0000,0.0000,-0.0000,0.0000,False,4,1.4900,2.1763,0.0000,0.0000,0.0000
1781736728.506,motion_disabled,DRIVE,False,False,0.0000,0.0000,-0.0000,0.0000,False,4,1.4900,2.1763,0.0000,0.0000,0.0000
1781736728.586,motion_disabled,DRIVE,False,False,0.0000,0.0000,-0.0000,0.0000,False,4,1.4900,2.1763,0.0000,0.0000,0.0000
1781736728.666,motion_disabled,DRIVE,False,False,0.0000,0.0000,-0.0000,0.0000,False,4,1.4900,2.1763,0.0000,0.0000,0.0000
1781736728.747,motion_disabled,DRIVE,False,False,0.0000,0.0000,-0.0000,0.0000,False,4,1.4900,2.1763,0.0000,0.0000,0.0000
1781736728.827,motion_disabled,DRIVE,False,False,0.0000,0.0000,-0.0000,0.0000,False,4,1.4900,2.1763,0.0000,0.0000,0.0000
1781736728.906,motion_disabled,DRIVE,False,False,0.0000,0.0000,-0.0000,0.0000,False,4,1.4900,2.1763,0.0000,0.0000,0.0000
1781736728.988,motion_disabled,DRIVE,False,False,0.0000,0.0000,-0.0000,0.0000,False,4,1.4900,2.1763,0.0000,0.0000,0.0000
1781736729.066,motion_disabled,DRIVE,False,False,0.0000,0.0000,-0.0000,0.0000,False,4,1.4900,2.1763,0.0000,0.0000,0.0000
1781736729.147,motion_disabled,DRIVE,False,False,0.0000,0.0000,-0.0000,0.0000,False,4,1.4900,2.1763,0.0000,0.0000,0.0000
1781736729.227,motion_disabled,DRIVE,False,False,0.0000,0.0000,-0.0000,0.0000,False,4,1.4900,2.1763,0.0000,0.0000,0.0000
1781736729.307,motion_disabled,DRIVE,False,False,0.0000,0.0000,-0.0000,0.0000,False,4,1.4900,2.1763,0.0000,0.0000,0.0000
1781736729.386,motion_disabled,DRIVE,False,False,0.0000,0.0000,-0.0000,0.0000,False,4,1.4900,2.1763,0.0000,0.0000,0.0000
1781736729.475,motion_disabled,DRIVE,False,False,0.0000,0.0000,-0.0000,0.0000,False,4,1.4900,2.1763,0.0000,0.0000,0.0000
1781736729.554,motion_disabled,DRIVE,False,False,0.0000,0.0000,-0.0000,0.0000,False,4,1.4900,2.1763,0.0000,0.0000,0.0000
1781736729.627,motion_disabled,DRIVE,False,False,0.0000,0.0000,-0.0000,0.0000,False,4,1.4900,2.1763,0.0000,0.0000,0.0000
1781736729.706,motion_disabled,DRIVE,False,False,0.0000,0.0000,-0.0000,0.0000,False,4,1.4900,2.1763,0.0000,0.0000,0.0000
1781736729.786,motion_disabled,DRIVE,False,False,0.0000,0.0000,-0.0000,0.0000,False,4,1.4900,2.1763,0.0000,0.0000,0.0000
1781736729.867,motion_disabled,DRIVE,False,False,0.0000,0.0000,-0.0000,0.0000,False,4,1.4900,2.1763,0.0000,0.0000,0.0000
1781736729.946,motion_disabled,DRIVE,False,False,0.0000,0.0000,-0.0000,0.0000,False,4,1.4900,2.1763,0.0000,0.0000,0.0000
1781736730.027,motion_disabled,DRIVE,False,False,0.0000,0.0000,-0.0000,0.0000,False,4,1.4900,2.1763,0.0000,0.0000,0.0000
1781736730.106,motion_disabled,DRIVE,False,False,0.0000,0.0000,-0.0000,0.0000,False,4,1.4900,2.1763,0.0000,0.0000,0.0000
1781736730.186,motion_disabled,DRIVE,False,False,0.0000,0.0000,-0.0000,0.0000,False,4,1.4900,2.1763,0.0000,0.0000,0.0000
1781736730.266,motion_disabled,DRIVE,False,False,0.0000,0.0000,-0.0000,0.0000,False,4,1.4900,2.1763,0.0000,0.0000,0.0000
1781736730.350,motion_disabled,DRIVE,False,False,0.0000,0.0000,-0.0000,0.0000,False,4,1.4900,2.1763,0.0000,0.0000,0.0000
1781736730.430,motion_disabled,DRIVE,False,False,0.0000,0.0000,-0.0000,0.0000,False,4,1.4900,2.1763,0.0000,0.0000,0.0000
1781736730.506,motion_disabled,DRIVE,False,False,0.0000,0.0000,-0.0000,0.0000,False,4,1.4900,2.1763,0.0000,0.0000,0.0000
1781736730.587,motion_disabled,DRIVE,False,False,0.0000,0.0000,-0.0000,0.0000,False,4,1.4900,2.1763,0.0000,0.0000,0.0000
1781736730.666,motion_disabled,DRIVE,False,False,0.0000,0.0000,-0.0000,0.0000,False,4,1.4900,2.1763,0.0000,0.0000,0.0000
1781736730.746,motion_disabled,DRIVE,False,False,0.0000,0.0000,-0.0000,0.0000,False,4,1.4900,2.1763,0.0000,0.0000,0.0000
1781736730.826,motion_disabled,DRIVE,False,False,0.0000,0.0000,-0.0000,0.0000,False,4,1.4900,2.1763,0.0000,0.0000,0.0000
1781736730.907,motion_disabled,DRIVE,False,False,0.0000,0.0000,-0.0000,0.0000,False,4,1.4900,2.1763,0.0000,0.0000,0.0000
1781736730.987,motion_disabled,DRIVE,False,False,0.0000,0.0000,-0.0000,0.0000,False,4,1.4900,2.1763,0.0000,0.0000,0.0000
1781736731.066,motion_disabled,DRIVE,False,False,0.0000,0.0000,-0.0000,0.0000,False,4,1.4900,2.1763,0.0000,0.0000,0.0000
1781736731.149,motion_disabled,DRIVE,False,False,0.0000,0.0000,-0.0000,0.0000,False,4,1.4900,2.1763,0.0000,0.0000,0.0000
1781736731.226,motion_disabled,DRIVE,False,False,0.0000,0.0000,-0.0000,0.0000,False,4,1.4900,2.1763,0.0000,0.0000,0.0000
1781736731.306,motion_disabled,DRIVE,False,False,0.0000,0.0000,-0.0000,0.0000,False,4,1.4900,2.1763,0.0000,0.0000,0.0000
1781736731.386,motion_disabled,DRIVE,False,False,0.0000,0.0000,-0.0000,0.0000,False,4,1.4900,2.1763,0.0000,0.0000,0.0000
1781736731.466,motion_disabled,DRIVE,False,False,0.0000,0.0000,-0.0000,0.0000,False,4,1.4900,2.1763,0.0000,0.0000,0.0000
1781736731.553,motion_disabled,DRIVE,False,False,0.0000,0.0000,-0.0000,0.0000,False,4,1.4900,2.1763,0.0000,0.0000,0.0000
1781736731.627,motion_disabled,DRIVE,False,False,0.0000,0.0000,-0.0000,0.0000,False,4,1.4900,2.1763,0.0000,0.0000,0.0000
1781736731.706,motion_disabled,DRIVE,False,False,0.0000,0.0000,-0.0000,0.0000,False,4,1.4900,2.1763,0.0000,0.0000,0.0000
1781736731.788,motion_disabled,DRIVE,False,False,0.0000,0.0000,-0.0000,0.0000,False,4,1.4900,2.1763,0.0000,0.0000,0.0000
1781736731.867,motion_disabled,DRIVE,False,False,0.0000,0.0000,-0.0000,0.0000,False,4,1.4900,2.1763,0.0000,0.0000,0.0000
1781736731.946,motion_disabled,DRIVE,False,False,0.0000,0.0000,-0.0000,0.0000,False,4,1.4900,2.1763,0.0000,0.0000,0.0000
1781736732.028,motion_disabled,DRIVE,False,False,0.0000,0.0000,-0.0000,0.0000,False,4,1.4900,2.1763,0.0000,0.0000,0.0000
1781736732.106,motion_disabled,DRIVE,False,False,0.0000,0.0000,-0.0000,0.0000,False,4,1.4900,2.1763,0.0000,0.0000,0.0000
1781736732.186,motion_disabled,DRIVE,False,False,0.0000,0.0000,-0.0000,0.0000,False,4,1.4900,2.1763,0.0000,0.0000,0.0000
1781736732.266,motion_disabled,DRIVE,False,False,0.0000,0.0000,-0.0000,0.0000,False,4,1.4900,2.1763,0.0000,0.0000,0.0000
1781736732.354,motion_disabled,DRIVE,False,False,0.0000,0.0000,-0.0000,0.0000,False,4,1.4900,2.1763,0.0000,0.0000,0.0000
1781736732.429,motion_disabled,DRIVE,False,False,0.0000,0.0000,-0.0000,0.0000,False,4,1.4900,2.1763,0.0000,0.0000,0.0000
1781736732.509,motion_disabled,DRIVE,False,False,0.0000,0.0000,-0.0000,0.0000,False,4,1.4900,2.1763,0.0000,0.0000,0.0000
1781736732.596,motion_disabled,DRIVE,False,False,0.0000,0.0000,-0.0000,0.0000,False,4,1.4900,2.1763,0.0000,0.0000,0.0000
1781736732.668,motion_disabled,DRIVE,False,False,0.0000,0.0000,-0.0000,0.0000,False,4,1.4900,2.1763,0.0000,0.0000,0.0000
1781736732.753,motion_disabled,DRIVE,False,False,0.0000,0.0000,-0.0000,0.0000,False,4,1.4900,2.1763,0.0000,0.0000,0.0000
1781736732.827,motion_disabled,DRIVE,False,False,0.0000,0.0000,-0.0000,0.0000,False,4,1.4900,2.1763,0.0000,0.0000,0.0000
1781736732.906,motion_disabled,DRIVE,False,False,0.0000,0.0000,-0.0000,0.0000,False,4,1.4900,2.1763,0.0000,0.0000,0.0000
1781736732.992,motion_disabled,DRIVE,False,False,0.0000,0.0000,-0.0000,0.0000,False,4,1.4900,2.1763,0.0000,0.0000,0.0000
1781736733.076,motion_disabled,DRIVE,False,False,0.0000,0.0000,-0.0000,0.0000,False,4,1.4900,2.1763,0.0000,0.0000,0.0000
1781736733.150,motion_disabled,DRIVE,False,False,0.0000,0.0000,-0.0000,0.0000,False,4,1.4900,2.1763,0.0000,0.0000,0.0000
1781736733.231,motion_disabled,DRIVE,False,False,0.0000,0.0000,-0.0000,0.0000,False,4,1.4900,2.1763,0.0000,0.0000,0.0000
1781736733.310,motion_disabled,DRIVE,False,False,0.0000,0.0000,-0.0000,0.0000,False,4,1.4900,2.1763,0.0000,0.0000,0.0000
1781736733.391,motion_disabled,DRIVE,False,False,0.0000,0.0000,-0.0000,0.0000,False,4,1.4900,2.1763,0.0000,0.0000,0.0000
1781736733.466,motion_disabled,DRIVE,False,False,0.0000,0.0000,-0.0000,0.0000,False,4,1.4900,2.1763,0.0000,0.0000,0.0000
1781736733.546,motion_disabled,DRIVE,False,False,0.0000,0.0000,-0.0000,0.0000,False,4,1.4900,2.1763,0.0000,0.0000,0.0000
1781736733.627,motion_disabled,DRIVE,False,False,0.0000,0.0000,-0.0000,0.0000,False,4,1.4900,2.1763,0.0000,0.0000,0.0000
1781736733.706,motion_disabled,DRIVE,False,False,0.0000,0.0000,-0.0000,0.0000,False,4,1.4900,2.1763,0.0000,0.0000,0.0000
1781736733.787,motion_disabled,DRIVE,False,False,0.0000,0.0000,-0.0000,0.0000,False,4,1.4900,2.1763,0.0000,0.0000,0.0000
1781736733.867,motion_disabled,DRIVE,False,False,0.0000,0.0000,-0.0000,0.0000,False,4,1.4900,2.1763,0.0000,0.0000,0.0000
1781736733.946,motion_disabled,DRIVE,False,False,0.0000,0.0000,-0.0000,0.0000,False,4,1.4900,2.1763,0.0000,0.0000,0.0000
1781736734.027,motion_disabled,DRIVE,False,False,0.0000,0.0000,-0.0000,0.0000,False,4,1.4900,2.1763,0.0000,0.0000,0.0000
1781736734.106,motion_disabled,DRIVE,False,False,0.0000,0.0000,-0.0000,0.0000,False,4,1.4900,2.1763,0.0000,0.0000,0.0000
1781736734.186,motion_disabled,DRIVE,False,False,0.0000,0.0000,-0.0000,0.0000,False,4,1.4900,2.1763,0.0000,0.0000,0.0000
1781736734.266,motion_disabled,DRIVE,False,False,0.0000,0.0000,-0.0000,0.0000,False,4,1.4900,2.1763,0.0000,0.0000,0.0000
1781736734.346,motion_disabled,DRIVE,False,False,0.0000,0.0000,-0.0000,0.0000,False,4,1.4900,2.1763,0.0000,0.0000,0.0000
1781736734.427,motion_disabled,DRIVE,False,False,0.0000,0.0000,-0.0000,0.0000,False,4,1.4900,2.1763,0.0000,0.0000,0.0000
1781736734.506,motion_disabled,DRIVE,False,False,0.0000,0.0000,-0.0000,0.0000,False,4,1.4900,2.1763,0.0000,0.0000,0.0000
1781736734.587,motion_disabled,DRIVE,False,False,0.0000,0.0000,-0.0000,0.0000,False,4,1.4900,2.1763,0.0000,0.0000,0.0000
1781736734.666,motion_disabled,DRIVE,False,False,0.0000,0.0000,-0.0000,0.0000,False,4,1.4900,2.1763,0.0000,0.0000,0.0000
1781736734.746,motion_disabled,DRIVE,False,False,0.0000,0.0000,-0.0000,0.0000,False,4,1.4900,2.1763,0.0000,0.0000,0.0000
1781736734.827,motion_disabled,DRIVE,False,False,0.0000,0.0000,-0.0000,0.0000,False,4,1.4900,2.1763,0.0000,0.0000,0.0000
1781736734.906,motion_disabled,DRIVE,False,False,0.0000,0.0000,-0.0000,0.0000,False,4,1.4900,2.1763,0.0000,0.0000,0.0000
1781736734.987,motion_disabled,DRIVE,False,False,0.0000,0.0000,-0.0000,0.0000,False,4,1.4900,2.1763,0.0000,0.0000,0.0000
1781736735.067,motion_disabled,DRIVE,False,False,0.0000,0.0000,-0.0000,0.0000,False,4,1.4900,2.1763,0.0000,0.0000,0.0000
1781736735.146,motion_disabled,DRIVE,False,False,0.0000,0.0000,-0.0000,0.0000,False,4,1.4900,2.1763,0.0000,0.0000,0.0000
1781736735.226,motion_disabled,DRIVE,False,False,0.0000,0.0000,-0.0000,0.0000,False,4,1.4900,2.1763,0.0000,0.0000,0.0000
1781736735.306,motion_disabled,DRIVE,False,False,0.0000,0.0000,-0.0000,0.0000,False,4,1.4900,2.1763,0.0000,0.0000,0.0000
1781736735.389,motion_disabled,DRIVE,False,False,0.0000,0.0000,-0.0000,0.0000,False,4,1.4900,2.1763,0.0000,0.0000,0.0000
1781736735.466,motion_disabled,DRIVE,False,False,0.0000,0.0000,-0.0000,0.0000,False,4,1.4900,2.1763,0.0000,0.0000,0.0000
1781736735.546,motion_disabled,DRIVE,False,False,0.0000,0.0000,-0.0000,0.0000,False,4,1.4900,2.1763,0.0000,0.0000,0.0000
1781736735.627,motion_disabled,DRIVE,False,False,0.0000,0.0000,-0.0000,0.0000,False,4,1.4900,2.1763,0.0000,0.0000,0.0000
1781736735.706,motion_disabled,DRIVE,False,False,0.0000,0.0000,-0.0000,0.0000,False,4,1.4900,2.1763,0.0000,0.0000,0.0000
1781736735.786,motion_disabled,DRIVE,False,False,0.0000,0.0000,-0.0000,0.0000,False,4,1.4900,2.1763,0.0000,0.0000,0.0000
1781736735.866,motion_disabled,DRIVE,False,False,0.0000,0.0000,-0.0000,0.0000,False,4,1.4900,2.1763,0.0000,0.0000,0.0000
1781736735.947,motion_disabled,DRIVE,False,False,0.0000,0.0000,-0.0000,0.0000,False,4,1.4900,2.1763,0.0000,0.0000,0.0000
1781736736.027,motion_disabled,DRIVE,False,False,0.0000,0.0000,-0.0000,0.0000,False,4,1.4900,2.1763,0.0000,0.0000,0.0000
1781736736.108,motion_disabled,DRIVE,False,False,0.0000,0.0000,-0.0000,0.0000,False,4,1.4900,2.1763,0.0000,0.0000,0.0000
1781736736.190,motion_disabled,DRIVE,False,False,0.0000,0.0000,-0.0000,0.0000,False,4,1.4900,2.1763,0.0000,0.0000,0.0000
1781736736.266,motion_disabled,DRIVE,False,False,0.0000,0.0000,-0.0000,0.0000,False,4,1.4900,2.1763,0.0000,0.0000,0.0000
1781736736.347,motion_disabled,DRIVE,False,False,0.0000,0.0000,-0.0000,0.0000,False,4,1.4900,2.1763,0.0000,0.0000,0.0000
1781736736.427,motion_disabled,DRIVE,False,False,0.0000,0.0000,-0.0000,0.0000,False,4,1.4900,2.1763,0.0000,0.0000,0.0000
1781736736.507,motion_disabled,DRIVE,False,False,0.0000,0.0000,-0.0000,0.0000,False,4,1.4900,2.1763,0.0000,0.0000,0.0000
1781736736.586,motion_disabled,DRIVE,False,False,0.0000,0.0000,-0.0000,0.0000,False,4,1.4900,2.1763,0.0000,0.0000,0.0000
1781736736.666,motion_disabled,DRIVE,False,False,0.0000,0.0000,-0.0000,0.0000,False,4,1.4900,2.1763,0.0000,0.0000,0.0000
1781736736.746,motion_disabled,DRIVE,False,False,0.0000,0.0000,-0.0000,0.0000,False,4,1.4900,2.1763,0.0000,0.0000,0.0000
1781736736.841,motion_disabled,DRIVE,False,False,0.0000,0.0000,-0.0000,0.0000,False,4,1.4900,2.1763,0.0000,0.0000,0.0000
1781736736.906,motion_disabled,DRIVE,False,False,0.0000,0.0000,-0.0000,0.0000,False,4,1.4900,2.1763,0.0000,0.0000,0.0000
1781736736.986,motion_disabled,DRIVE,False,False,0.0000,0.0000,-0.0000,0.0000,False,4,1.4900,2.1763,0.0000,0.0000,0.0000
1781736737.082,motion_disabled,DRIVE,False,False,0.0000,0.0000,-0.0000,0.0000,False,4,1.4900,2.1763,0.0000,0.0000,0.0000
1781736737.146,motion_disabled,DRIVE,False,False,0.0000,0.0000,-0.0000,0.0000,False,4,1.4900,2.1763,0.0000,0.0000,0.0000
1781736737.227,motion_disabled,DRIVE,False,False,0.0000,0.0000,-0.0000,0.0000,False,4,1.4900,2.1763,0.0000,0.0000,0.0000
1781736737.306,motion_disabled,DRIVE,False,False,0.0000,0.0000,-0.0000,0.0000,False,4,1.4900,2.1763,0.0000,0.0000,0.0000
1781736737.386,motion_disabled,DRIVE,False,False,0.0000,0.0000,-0.0000,0.0000,False,4,1.4900,2.1763,0.0000,0.0000,0.0000
1781736737.466,motion_disabled,DRIVE,False,False,0.0000,0.0000,-0.0000,0.0000,False,4,1.4900,2.1763,0.0000,0.0000,0.0000
1781736737.546,motion_disabled,DRIVE,False,False,0.0000,0.0000,-0.0000,0.0000,False,4,1.4900,2.1763,0.0000,0.0000,0.0000
1781736737.627,motion_disabled,DRIVE,False,False,0.0000,0.0000,-0.0000,0.0000,False,4,1.4900,2.1763,0.0000,0.0000,0.0000
1781736737.706,motion_disabled,DRIVE,False,False,0.0000,0.0000,-0.0000,0.0000,False,4,1.4900,2.1763,0.0000,0.0000,0.0000
1781736737.787,motion_disabled,DRIVE,False,False,0.0000,0.0000,-0.0000,0.0000,False,4,1.4900,2.1763,0.0000,0.0000,0.0000
1781736737.868,motion_disabled,DRIVE,False,False,0.0000,0.0000,-0.0000,0.0000,False,4,1.4900,2.1763,0.0000,0.0000,0.0000
1781736737.946,motion_disabled,DRIVE,False,False,0.0000,0.0000,-0.0000,0.0000,False,4,1.4900,2.1763,0.0000,0.0000,0.0000
1781736738.027,motion_disabled,DRIVE,False,False,0.0000,0.0000,-0.0000,0.0000,False,4,1.4900,2.1763,0.0000,0.0000,0.0000
1781736738.106,motion_disabled,DRIVE,False,False,0.0000,0.0000,-0.0000,0.0000,False,4,1.4900,2.1763,0.0000,0.0000,0.0000
1781736738.186,motion_disabled,DRIVE,False,False,0.0000,0.0000,-0.0000,0.0000,False,4,1.4900,2.1763,0.0000,0.0000,0.0000
1781736738.266,motion_disabled,DRIVE,False,False,0.0000,0.0000,-0.0000,0.0000,False,4,1.4900,2.1763,0.0000,0.0000,0.0000
1781736738.346,motion_disabled,DRIVE,False,False,0.0000,0.0000,-0.0000,0.0000,False,4,1.4900,2.1763,0.0000,0.0000,0.0000
1781736738.426,motion_disabled,DRIVE,False,False,0.0000,0.0000,-0.0000,0.0000,False,4,1.4900,2.1763,0.0000,0.0000,0.0000
1781736738.506,motion_disabled,DRIVE,False,False,0.0000,0.0000,-0.0000,0.0000,False,4,1.4900,2.1763,0.0000,0.0000,0.0000
1781736738.587,motion_disabled,DRIVE,False,False,0.0000,0.0000,-0.0000,0.0000,False,4,1.4900,2.1763,0.0000,0.0000,0.0000
1781736738.666,motion_disabled,DRIVE,False,False,0.0000,0.0000,-0.0000,0.0000,False,4,1.4900,2.1763,0.0000,0.0000,0.0000
1781736738.747,motion_disabled,DRIVE,False,False,0.0000,0.0000,-0.0000,0.0000,False,4,1.4900,2.1763,0.0000,0.0000,0.0000
1781736738.827,motion_disabled,DRIVE,False,False,0.0000,0.0000,-0.0000,0.0000,False,4,1.4900,2.1763,0.0000,0.0000,0.0000
1781736738.907,motion_disabled,DRIVE,False,False,0.0000,0.0000,-0.0000,0.0000,False,4,1.4900,2.1763,0.0000,0.0000,0.0000
1781736738.987,motion_disabled,DRIVE,False,False,0.0000,0.0000,-0.0000,0.0000,False,4,1.4900,2.1763,0.0000,0.0000,0.0000
1781736739.067,motion_disabled,DRIVE,False,False,0.0000,0.0000,-0.0000,0.0000,False,4,1.4900,2.1763,0.0000,0.0000,0.0000
1781736739.146,motion_disabled,DRIVE,False,False,0.0000,0.0000,-0.0000,0.0000,False,4,1.4900,2.1763,0.0000,0.0000,0.0000
1781736739.227,motion_disabled,DRIVE,False,False,0.0000,0.0000,-0.0000,0.0000,False,4,1.4900,2.1763,0.0000,0.0000,0.0000
1781736739.307,motion_disabled,DRIVE,False,False,0.0000,0.0000,-0.0000,0.0000,False,4,1.4900,2.1763,0.0000,0.0000,0.0000
1781736739.386,motion_disabled,DRIVE,False,False,0.0000,0.0000,-0.0000,0.0000,False,4,1.4900,2.1763,0.0000,0.0000,0.0000
1781736739.472,motion_disabled,DRIVE,False,False,0.0000,0.0000,-0.0000,0.0000,False,4,1.4900,2.1763,0.0000,0.0000,0.0000
1781736739.546,motion_disabled,DRIVE,False,False,0.0000,0.0000,-0.0000,0.0000,False,4,1.4900,2.1763,0.0000,0.0000,0.0000
1781736739.627,motion_disabled,DRIVE,False,False,0.0000,0.0000,-0.0000,0.0000,False,4,1.4900,2.1763,0.0000,0.0000,0.0000
1781736739.706,motion_disabled,DRIVE,False,False,0.0000,0.0000,-0.0000,0.0000,False,4,1.4900,2.1763,0.0000,0.0000,0.0000
1781736739.786,motion_disabled,DRIVE,False,False,0.0000,0.0000,-0.0000,0.0000,False,4,1.4900,2.1763,0.0000,0.0000,0.0000
1781736739.867,motion_disabled,DRIVE,False,False,0.0000,0.0000,-0.0000,0.0000,False,4,1.4900,2.1763,0.0000,0.0000,0.0000
1781736739.946,motion_disabled,DRIVE,False,False,0.0000,0.0000,-0.0000,0.0000,False,4,1.4900,2.1763,0.0000,0.0000,0.0000
1781736740.033,motion_disabled,DRIVE,False,False,0.0000,0.0000,-0.0000,0.0000,False,4,1.4900,2.1763,0.0000,0.0000,0.0000
1781736740.106,motion_disabled,DRIVE,False,False,0.0000,0.0000,-0.0000,0.0000,False,4,1.4900,2.1763,0.0000,0.0000,0.0000
1781736740.186,motion_disabled,DRIVE,False,False,0.0000,0.0000,-0.0000,0.0000,False,4,1.4900,2.1763,0.0000,0.0000,0.0000
1781736740.266,motion_disabled,DRIVE,False,False,0.0000,0.0000,-0.0000,0.0000,False,4,1.4900,2.1763,0.0000,0.0000,0.0000
1781736740.346,motion_disabled,DRIVE,False,False,0.0000,0.0000,-0.0000,0.0000,False,4,1.4900,2.1763,0.0000,0.0000,0.0000
1781736740.427,motion_disabled,DRIVE,False,False,0.0000,0.0000,-0.0000,0.0000,False,4,1.4900,2.1763,0.0000,0.0000,0.0000
1781736740.506,motion_disabled,DRIVE,False,False,0.0000,0.0000,-0.0000,0.0000,False,4,1.4900,2.1763,0.0000,0.0000,0.0000
1781736740.586,motion_disabled,DRIVE,False,False,0.0000,0.0000,-0.0000,0.0000,False,4,1.4900,2.1763,0.0000,0.0000,0.0000
1781736740.667,motion_disabled,DRIVE,False,False,0.0000,0.0000,-0.0000,0.0000,False,4,1.4900,2.1763,0.0000,0.0000,0.0000
1781736740.746,motion_disabled,DRIVE,False,False,0.0000,0.0000,-0.0000,0.0000,False,4,1.4900,2.1763,0.0000,0.0000,0.0000
1781736740.827,motion_disabled,DRIVE,False,False,0.0000,0.0000,-0.0000,0.0000,False,4,1.4900,2.1763,0.0000,0.0000,0.0000
1781736740.906,motion_disabled,DRIVE,False,False,0.0000,0.0000,-0.0000,0.0000,False,4,1.4900,2.1763,0.0000,0.0000,0.0000
1781736740.986,motion_disabled,DRIVE,False,False,0.0000,0.0000,-0.0000,0.0000,False,4,1.4900,2.1763,0.0000,0.0000,0.0000
1781736741.067,motion_disabled,DRIVE,False,False,0.0000,0.0000,-0.0000,0.0000,False,4,1.4900,2.1763,0.0000,0.0000,0.0000
1781736741.146,motion_disabled,DRIVE,False,False,0.0000,0.0000,-0.0000,0.0000,False,4,1.4900,2.1763,0.0000,0.0000,0.0000
1781736741.227,motion_disabled,DRIVE,False,False,0.0000,0.0000,-0.0000,0.0000,False,4,1.4900,2.1763,0.0000,0.0000,0.0000
1781736741.306,motion_disabled,DRIVE,False,False,0.0000,0.0000,-0.0000,0.0000,False,4,1.4900,2.1763,0.0000,0.0000,0.0000
1781736741.387,motion_disabled,DRIVE,False,False,0.0000,0.0000,-0.0000,0.0000,False,4,1.4900,2.1763,0.0000,0.0000,0.0000
1781736741.469,motion_disabled,DRIVE,False,False,0.0000,0.0000,-0.0000,0.0000,False,4,1.4900,2.1763,0.0000,0.0000,0.0000
1781736741.547,motion_disabled,DRIVE,False,False,0.0000,0.0000,-0.0000,0.0000,False,4,1.4900,2.1763,0.0000,0.0000,0.0000
1781736741.630,motion_disabled,DRIVE,False,False,0.0000,0.0000,-0.0000,0.0000,False,4,1.4900,2.1763,0.0000,0.0000,0.0000
1781736741.706,motion_disabled,DRIVE,False,False,0.0000,0.0000,-0.0000,0.0000,False,4,1.4900,2.1763,0.0000,0.0000,0.0000
1781736741.787,motion_disabled,DRIVE,False,False,0.0000,0.0000,-0.0000,0.0000,False,4,1.4900,2.1763,0.0000,0.0000,0.0000
1781736741.866,motion_disabled,DRIVE,False,False,0.0000,0.0000,-0.0000,0.0000,False,4,1.4900,2.1763,0.0000,0.0000,0.0000
1781736741.946,motion_disabled,DRIVE,False,False,0.0000,0.0000,-0.0000,0.0000,False,4,1.4900,2.1763,0.0000,0.0000,0.0000
1781736742.026,motion_disabled,DRIVE,False,False,0.0000,0.0000,-0.0000,0.0000,False,4,1.4900,2.1763,0.0000,0.0000,0.0000
1781736742.106,motion_disabled,DRIVE,False,False,0.0000,0.0000,-0.0000,0.0000,False,4,1.4900,2.1763,0.0000,0.0000,0.0000
1781736742.186,motion_disabled,DRIVE,False,False,0.0000,0.0000,-0.0000,0.0000,False,4,1.4900,2.1763,0.0000,0.0000,0.0000
1781736742.266,motion_disabled,DRIVE,False,False,0.0000,0.0000,-0.0000,0.0000,False,4,1.4900,2.1763,0.0000,0.0000,0.0000
1781736742.356,motion_disabled,DRIVE,False,False,0.0000,0.0000,-0.0000,0.0000,False,4,1.4900,2.1763,0.0000,0.0000,0.0000
1781736742.426,motion_disabled,DRIVE,False,False,0.0000,0.0000,-0.0000,0.0000,False,4,1.4900,2.1763,0.0000,0.0000,0.0000
1781736742.514,motion_disabled,DRIVE,False,False,0.0000,0.0000,-0.0000,0.0000,False,4,1.4900,2.1763,0.0000,0.0000,0.0000
1781736742.587,motion_disabled,DRIVE,False,False,0.0000,0.0000,-0.0000,0.0000,False,4,1.4900,2.1763,0.0000,0.0000,0.0000
1781736742.666,motion_disabled,DRIVE,False,False,0.0000,0.0000,-0.0000,0.0000,False,4,1.4900,2.1763,0.0000,0.0000,0.0000
1781736742.749,motion_disabled,DRIVE,False,False,0.0000,0.0000,-0.0000,0.0000,False,4,1.4900,2.1763,0.0000,0.0000,0.0000
1781736742.830,motion_disabled,DRIVE,False,False,0.0000,0.0000,-0.0000,0.0000,False,4,1.4900,2.1763,0.0000,0.0000,0.0000
1781736742.916,motion_disabled,DRIVE,False,False,0.0000,0.0000,-0.0000,0.0000,False,4,1.4900,2.1763,0.0000,0.0000,0.0000
1781736742.986,motion_disabled,DRIVE,False,False,0.0000,0.0000,-0.0000,0.0000,False,4,1.4900,2.1763,0.0000,0.0000,0.0000
1781736743.067,motion_disabled,DRIVE,False,False,0.0000,0.0000,-0.0000,0.0000,False,4,1.4900,2.1763,0.0000,0.0000,0.0000
1781736743.150,motion_disabled,DRIVE,False,False,0.0000,0.0000,-0.0000,0.0000,False,4,1.4900,2.1763,0.0000,0.0000,0.0000
1781736743.226,motion_disabled,DRIVE,False,False,0.0000,0.0000,-0.0000,0.0000,False,4,1.4900,2.1763,0.0000,0.0000,0.0000
1781736743.309,motion_disabled,DRIVE,False,False,0.0000,0.0000,-0.0000,0.0000,False,4,1.4900,2.1763,0.0000,0.0000,0.0000
1781736743.402,motion_disabled,DRIVE,False,False,0.0000,0.0000,-0.0000,0.0000,False,4,1.4900,2.1763,0.0000,0.0000,0.0000
1781736743.467,motion_disabled,DRIVE,False,False,0.0000,0.0000,-0.0000,0.0000,False,4,1.4900,2.1763,0.0000,0.0000,0.0000
1781736743.546,motion_disabled,DRIVE,False,False,0.0000,0.0000,-0.0000,0.0000,False,4,1.4900,2.1763,0.0000,0.0000,0.0000
1781736743.626,motion_disabled,DRIVE,False,False,0.0000,0.0000,-0.0000,0.0000,False,4,1.4900,2.1763,0.0000,0.0000,0.0000
1781736743.706,motion_disabled,DRIVE,False,False,0.0000,0.0000,-0.0000,0.0000,False,4,1.4900,2.1763,0.0000,0.0000,0.0000
1781736743.787,motion_disabled,DRIVE,False,False,0.0000,0.0000,-0.0000,0.0000,False,4,1.4900,2.1763,0.0000,0.0000,0.0000
1781736743.867,motion_disabled,DRIVE,False,False,0.0000,0.0000,-0.0000,0.0000,False,4,1.4900,2.1763,0.0000,0.0000,0.0000
1781736743.946,motion_disabled,DRIVE,False,False,0.0000,0.0000,-0.0000,0.0000,False,4,1.4900,2.1763,0.0000,0.0000,0.0000
1781736744.030,motion_disabled,DRIVE,False,False,0.0000,0.0000,-0.0000,0.0000,False,4,1.4900,2.1763,0.0000,0.0000,0.0000
1781736744.107,motion_disabled,DRIVE,False,False,0.0000,0.0000,-0.0000,0.0000,False,4,1.4900,2.1763,0.0000,0.0000,0.0000
1781736744.187,motion_disabled,DRIVE,False,False,0.0000,0.0000,-0.0000,0.0000,False,4,1.4900,2.1763,0.0000,0.0000,0.0000
1781736744.266,motion_disabled,DRIVE,False,False,0.0000,0.0000,-0.0000,0.0000,False,4,1.4900,2.1763,0.0000,0.0000,0.0000
1781736744.351,motion_disabled,DRIVE,False,False,0.0000,0.0000,-0.0000,0.0000,False,4,1.4900,2.1763,0.0000,0.0000,0.0000
1781736744.427,motion_disabled,DRIVE,False,False,0.0000,0.0000,-0.0000,0.0000,False,4,1.4900,2.1763,0.0000,0.0000,0.0000
1781736744.506,motion_disabled,DRIVE,False,False,0.0000,0.0000,-0.0000,0.0000,False,4,1.4900,2.1763,0.0000,0.0000,0.0000
1781736744.587,motion_disabled,DRIVE,False,False,0.0000,0.0000,-0.0000,0.0000,False,4,1.4900,2.1763,0.0000,0.0000,0.0000
1781736744.666,motion_disabled,DRIVE,False,False,0.0000,0.0000,-0.0000,0.0000,False,4,1.4900,2.1763,0.0000,0.0000,0.0000
1781736744.747,motion_disabled,DRIVE,False,False,0.0000,0.0000,-0.0000,0.0000,False,4,1.4900,2.1763,0.0000,0.0000,0.0000
1781736744.827,motion_disabled,DRIVE,False,False,0.0000,0.0000,-0.0000,0.0000,False,4,1.4900,2.1763,0.0000,0.0000,0.0000
1781736744.906,motion_disabled,DRIVE,False,False,0.0000,0.0000,-0.0000,0.0000,False,4,1.4900,2.1763,0.0000,0.0000,0.0000
1781736744.986,motion_disabled,DRIVE,False,False,0.0000,0.0000,-0.0000,0.0000,False,4,1.4900,2.1763,0.0000,0.0000,0.0000
1781736745.067,motion_disabled,DRIVE,False,False,0.0000,0.0000,-0.0000,0.0000,False,4,1.4900,2.1763,0.0000,0.0000,0.0000
1781736745.147,motion_disabled,DRIVE,False,False,0.0000,0.0000,-0.0000,0.0000,False,4,1.4900,2.1763,0.0000,0.0000,0.0000
1781736745.226,motion_disabled,DRIVE,False,False,0.0000,0.0000,-0.0000,0.0000,False,4,1.4900,2.1763,0.0000,0.0000,0.0000
1781736745.306,motion_disabled,DRIVE,False,False,0.0000,0.0000,-0.0000,0.0000,False,4,1.4900,2.1763,0.0000,0.0000,0.0000
1781736745.387,motion_disabled,DRIVE,False,False,0.0000,0.0000,-0.0000,0.0000,False,4,1.4900,2.1763,0.0000,0.0000,0.0000
1781736745.473,motion_disabled,DRIVE,False,False,0.0000,0.0000,-0.0000,0.0000,False,4,1.4900,2.1763,0.0000,0.0000,0.0000
1781736745.551,motion_disabled,DRIVE,False,False,0.0000,0.0000,-0.0000,0.0000,False,4,1.4900,2.1763,0.0000,0.0000,0.0000
1781736745.627,motion_disabled,DRIVE,False,False,0.0000,0.0000,-0.0000,0.0000,False,4,1.4900,2.1763,0.0000,0.0000,0.0000
1781736745.707,motion_disabled,DRIVE,False,False,0.0000,0.0000,-0.0000,0.0000,False,4,1.4900,2.1763,0.0000,0.0000,0.0000
1781736745.792,motion_disabled,DRIVE,False,False,0.0000,0.0000,-0.0000,0.0000,False,4,1.4900,2.1763,0.0000,0.0000,0.0000
1781736745.866,motion_disabled,DRIVE,False,False,0.0000,0.0000,-0.0000,0.0000,False,4,1.4900,2.1763,0.0000,0.0000,0.0000
1781736745.946,motion_disabled,DRIVE,False,False,0.0000,0.0000,-0.0000,0.0000,False,4,1.4900,2.1763,0.0000,0.0000,0.0000
1781736746.027,motion_disabled,DRIVE,False,False,0.0000,0.0000,-0.0000,0.0000,False,4,1.4900,2.1763,0.0000,0.0000,0.0000
1781736746.106,motion_disabled,DRIVE,False,False,0.0000,0.0000,-0.0000,0.0000,False,4,1.4900,2.1763,0.0000,0.0000,0.0000
1781736746.186,motion_disabled,DRIVE,False,False,0.0000,0.0000,-0.0000,0.0000,False,4,1.4900,2.1763,0.0000,0.0000,0.0000
1781736746.266,motion_disabled,DRIVE,False,False,0.0000,0.0000,-0.0000,0.0000,False,4,1.4900,2.1763,0.0000,0.0000,0.0000
1781736746.347,motion_disabled,DRIVE,False,False,0.0000,0.0000,-0.0000,0.0000,False,4,1.4900,2.1763,0.0000,0.0000,0.0000
1781736746.428,motion_disabled,DRIVE,False,False,0.0000,0.0000,-0.0000,0.0000,False,4,1.4900,2.1763,0.0000,0.0000,0.0000
1781736746.507,motion_disabled,DRIVE,False,False,0.0000,0.0000,-0.0000,0.0000,False,4,1.4900,2.1763,0.0000,0.0000,0.0000
1781736746.586,motion_disabled,DRIVE,False,False,0.0000,0.0000,-0.0000,0.0000,False,4,1.4900,2.1763,0.0000,0.0000,0.0000
1781736746.666,motion_disabled,DRIVE,False,False,0.0000,0.0000,-0.0000,0.0000,False,4,1.4900,2.1763,0.0000,0.0000,0.0000
1781736746.746,motion_disabled,DRIVE,False,False,0.0000,0.0000,-0.0000,0.0000,False,4,1.4900,2.1763,0.0000,0.0000,0.0000
1781736746.826,motion_disabled,DRIVE,False,False,0.0000,0.0000,-0.0000,0.0000,False,4,1.4900,2.1763,0.0000,0.0000,0.0000
1781736746.906,motion_disabled,DRIVE,False,False,0.0000,0.0000,-0.0000,0.0000,False,4,1.4900,2.1763,0.0000,0.0000,0.0000
1781736746.986,motion_disabled,DRIVE,False,False,0.0000,0.0000,-0.0000,0.0000,False,4,1.4900,2.1763,0.0000,0.0000,0.0000
1781736747.067,motion_disabled,DRIVE,False,False,0.0000,0.0000,-0.0000,0.0000,False,4,1.4900,2.1763,0.0000,0.0000,0.0000
1781736747.146,motion_disabled,DRIVE,False,False,0.0000,0.0000,-0.0000,0.0000,False,4,1.4900,2.1763,0.0000,0.0000,0.0000
1781736747.228,motion_disabled,DRIVE,False,False,0.0000,0.0000,-0.0000,0.0000,False,4,1.4900,2.1763,0.0000,0.0000,0.0000
1781736747.306,motion_disabled,DRIVE,False,False,0.0000,0.0000,-0.0000,0.0000,False,4,1.4900,2.1763,0.0000,0.0000,0.0000
1781736747.386,motion_disabled,DRIVE,False,False,0.0000,0.0000,-0.0000,0.0000,False,4,1.4900,2.1763,0.0000,0.0000,0.0000
1781736747.466,motion_disabled,DRIVE,False,False,0.0000,0.0000,-0.0000,0.0000,False,4,1.4900,2.1763,0.0000,0.0000,0.0000
1781736747.546,motion_disabled,DRIVE,False,False,0.0000,0.0000,-0.0000,0.0000,False,4,1.4900,2.1763,0.0000,0.0000,0.0000
1781736747.626,motion_disabled,DRIVE,False,False,0.0000,0.0000,-0.0000,0.0000,False,4,1.4900,2.1763,0.0000,0.0000,0.0000
1781736747.706,motion_disabled,DRIVE,False,False,0.0000,0.0000,-0.0000,0.0000,False,4,1.4900,2.1763,0.0000,0.0000,0.0000
1781736747.791,motion_disabled,DRIVE,False,False,0.0000,0.0000,-0.0000,0.0000,False,4,1.4900,2.1763,0.0000,0.0000,0.0000
1781736747.866,motion_disabled,DRIVE,False,False,0.0000,0.0000,-0.0000,0.0000,False,4,1.4900,2.1763,0.0000,0.0000,0.0000
1781736747.948,motion_disabled,DRIVE,False,False,0.0000,0.0000,-0.0000,0.0000,False,4,1.4900,2.1763,0.0000,0.0000,0.0000
1781736748.026,motion_disabled,DRIVE,False,False,0.0000,0.0000,-0.0000,0.0000,False,4,1.4900,2.1763,0.0000,0.0000,0.0000
1781736748.115,motion_disabled,DRIVE,False,False,0.0000,0.0000,-0.0000,0.0000,False,4,1.4900,2.1763,0.0000,0.0000,0.0000
1781736748.204,motion_disabled,DRIVE,False,False,0.0000,0.0000,-0.0000,0.0000,False,4,1.4900,2.1763,0.0000,0.0000,0.0000
1781736748.267,motion_disabled,DRIVE,False,False,0.0000,0.0000,-0.0000,0.0000,False,4,1.4900,2.1763,0.0000,0.0000,0.0000
1781736748.349,motion_disabled,DRIVE,False,False,0.0000,0.0000,-0.0000,0.0000,False,4,1.4900,2.1763,0.0000,0.0000,0.0000
1781736748.426,motion_disabled,DRIVE,False,False,0.0000,0.0000,-0.0000,0.0000,False,4,1.4900,2.1763,0.0000,0.0000,0.0000
1781736748.506,motion_disabled,DRIVE,False,False,0.0000,0.0000,-0.0000,0.0000,False,4,1.4900,2.1763,0.0000,0.0000,0.0000
1781736748.587,motion_disabled,DRIVE,False,False,0.0000,0.0000,-0.0000,0.0000,False,4,1.4900,2.1763,0.0000,0.0000,0.0000
1781736748.667,motion_disabled,DRIVE,False,False,0.0000,0.0000,-0.0000,0.0000,False,4,1.4900,2.1763,0.0000,0.0000,0.0000
1781736748.747,motion_disabled,DRIVE,False,False,0.0000,0.0000,-0.0000,0.0000,False,4,1.4900,2.1763,0.0000,0.0000,0.0000
1781736748.829,motion_disabled,DRIVE,False,False,0.0000,0.0000,-0.0000,0.0000,False,4,1.4900,2.1763,0.0000,0.0000,0.0000
1781736748.907,motion_disabled,DRIVE,False,False,0.0000,0.0000,-0.0000,0.0000,False,4,1.4900,2.1763,0.0000,0.0000,0.0000
1781736748.988,motion_disabled,DRIVE,False,False,0.0000,0.0000,-0.0000,0.0000,False,4,1.4900,2.1763,0.0000,0.0000,0.0000
1781736749.066,motion_disabled,DRIVE,False,False,0.0000,0.0000,-0.0000,0.0000,False,4,1.4900,2.1763,0.0000,0.0000,0.0000
1781736749.146,motion_disabled,DRIVE,False,False,0.0000,0.0000,-0.0000,0.0000,False,4,1.4900,2.1763,0.0000,0.0000,0.0000
1781736749.226,motion_disabled,DRIVE,False,False,0.0000,0.0000,-0.0000,0.0000,False,4,1.4900,2.1763,0.0000,0.0000,0.0000
1781736749.307,motion_disabled,DRIVE,False,False,0.0000,0.0000,-0.0000,0.0000,False,4,1.4900,2.1763,0.0000,0.0000,0.0000
1781736749.388,motion_disabled,DRIVE,False,False,0.0000,0.0000,-0.0000,0.0000,False,4,1.4900,2.1763,0.0000,0.0000,0.0000
1781736749.467,motion_disabled,DRIVE,False,False,0.0000,0.0000,-0.0000,0.0000,False,4,1.4900,2.1763,0.0000,0.0000,0.0000
1781736749.546,motion_disabled,DRIVE,False,False,0.0000,0.0000,-0.0000,0.0000,False,4,1.4900,2.1763,0.0000,0.0000,0.0000
1781736749.627,motion_disabled,DRIVE,False,False,0.0000,0.0000,-0.0000,0.0000,False,4,1.4900,2.1763,0.0000,0.0000,0.0000
1781736749.706,motion_disabled,DRIVE,False,False,0.0000,0.0000,-0.0000,0.0000,False,4,1.4900,2.1763,0.0000,0.0000,0.0000
1781736749.786,motion_disabled,DRIVE,False,False,0.0000,0.0000,-0.0000,0.0000,False,4,1.4900,2.1763,0.0000,0.0000,0.0000
1781736749.867,motion_disabled,DRIVE,False,False,0.0000,0.0000,-0.0000,0.0000,False,4,1.4900,2.1763,0.0000,0.0000,0.0000
1781736749.948,motion_disabled,DRIVE,False,False,0.0000,0.0000,-0.0000,0.0000,False,4,1.4900,2.1763,0.0000,0.0000,0.0000
1781736750.027,motion_disabled,DRIVE,False,False,0.0000,0.0000,-0.0000,0.0000,False,4,1.4900,2.1763,0.0000,0.0000,0.0000
1781736750.107,motion_disabled,DRIVE,False,False,0.0000,0.0000,-0.0000,0.0000,False,4,1.4900,2.1763,0.0000,0.0000,0.0000
1781736750.186,motion_disabled,DRIVE,False,False,0.0000,0.0000,-0.0000,0.0000,False,4,1.4900,2.1763,0.0000,0.0000,0.0000
1781736750.266,motion_disabled,DRIVE,False,False,0.0000,0.0000,-0.0000,0.0000,False,4,1.4900,2.1763,0.0000,0.0000,0.0000
1781736750.359,motion_disabled,DRIVE,False,False,0.0000,0.0000,-0.0000,0.0000,False,4,1.4900,2.1763,0.0000,0.0000,0.0000
1781736750.429,motion_disabled,DRIVE,False,False,0.0000,0.0000,-0.0000,0.0000,False,4,1.4900,2.1763,0.0000,0.0000,0.0000
1781736750.515,motion_disabled,DRIVE,False,False,0.0000,0.0000,-0.0000,0.0000,False,4,1.4900,2.1763,0.0000,0.0000,0.0000
1781736750.586,motion_disabled,DRIVE,False,False,0.0000,0.0000,-0.0000,0.0000,False,4,1.4900,2.1763,0.0000,0.0000,0.0000
1781736750.666,motion_disabled,DRIVE,False,False,0.0000,0.0000,-0.0000,0.0000,False,4,1.4900,2.1763,0.0000,0.0000,0.0000
1781736750.747,motion_disabled,DRIVE,False,False,0.0000,0.0000,-0.0000,0.0000,False,4,1.4900,2.1763,0.0000,0.0000,0.0000
1781736750.827,motion_disabled,DRIVE,False,False,0.0000,0.0000,-0.0000,0.0000,False,4,1.4900,2.1763,0.0000,0.0000,0.0000
1781736750.906,motion_disabled,DRIVE,False,False,0.0000,0.0000,-0.0000,0.0000,False,4,1.4900,2.1763,0.0000,0.0000,0.0000
1781736750.994,motion_disabled,DRIVE,False,False,0.0000,0.0000,-0.0000,0.0000,False,4,1.4900,2.1763,0.0000,0.0000,0.0000
1781736751.066,motion_disabled,DRIVE,False,False,0.0000,0.0000,-0.0000,0.0000,False,4,1.4900,2.1763,0.0000,0.0000,0.0000
1781736751.146,motion_disabled,DRIVE,False,False,0.0000,0.0000,-0.0000,0.0000,False,4,1.4900,2.1763,0.0000,0.0000,0.0000
1781736751.229,motion_disabled,DRIVE,False,False,0.0000,0.0000,-0.0000,0.0000,False,4,1.4900,2.1763,0.0000,0.0000,0.0000
1781736751.307,motion_disabled,DRIVE,False,False,0.0000,0.0000,-0.0000,0.0000,False,4,1.4900,2.1763,0.0000,0.0000,0.0000
1781736751.386,motion_disabled,DRIVE,False,False,0.0000,0.0000,-0.0000,0.0000,False,4,1.4900,2.1763,0.0000,0.0000,0.0000
1781736751.466,motion_disabled,DRIVE,False,False,0.0000,0.0000,-0.0000,0.0000,False,4,1.4900,2.1763,0.0000,0.0000,0.0000
1781736751.546,motion_disabled,DRIVE,False,False,0.0000,0.0000,-0.0000,0.0000,False,4,1.4900,2.1763,0.0000,0.0000,0.0000
1781736751.626,motion_disabled,DRIVE,False,False,0.0000,0.0000,-0.0000,0.0000,False,4,1.4900,2.1763,0.0000,0.0000,0.0000
1781736751.707,motion_disabled,DRIVE,False,False,0.0000,0.0000,-0.0000,0.0000,False,4,1.4900,2.1763,0.0000,0.0000,0.0000
1781736751.786,motion_disabled,DRIVE,False,False,0.0000,0.0000,-0.0000,0.0000,False,4,1.4900,2.1763,0.0000,0.0000,0.0000
1781736751.867,motion_disabled,DRIVE,False,False,0.0000,0.0000,-0.0000,0.0000,False,4,1.4900,2.1763,0.0000,0.0000,0.0000
1781736751.949,motion_disabled,DRIVE,False,False,0.0000,0.0000,-0.0000,0.0000,False,4,1.4900,2.1763,0.0000,0.0000,0.0000
1781736752.027,motion_disabled,DRIVE,False,False,0.0000,0.0000,-0.0000,0.0000,False,4,1.4900,2.1763,0.0000,0.0000,0.0000
1781736752.107,motion_disabled,DRIVE,False,False,0.0000,0.0000,-0.0000,0.0000,False,4,1.4900,2.1763,0.0000,0.0000,0.0000
1781736752.187,motion_disabled,DRIVE,False,False,0.0000,0.0000,-0.0000,0.0000,False,4,1.4900,2.1763,0.0000,0.0000,0.0000
1781736752.266,motion_disabled,DRIVE,False,False,0.0000,0.0000,-0.0000,0.0000,False,4,1.4900,2.1763,0.0000,0.0000,0.0000
1781736752.346,motion_disabled,DRIVE,False,False,0.0000,0.0000,-0.0000,0.0000,False,4,1.4900,2.1763,0.0000,0.0000,0.0000
1781736752.426,motion_disabled,DRIVE,False,False,0.0000,0.0000,-0.0000,0.0000,False,4,1.4900,2.1763,0.0000,0.0000,0.0000
1781736752.511,motion_disabled,DRIVE,False,False,0.0000,0.0000,-0.0000,0.0000,False,4,1.4900,2.1763,0.0000,0.0000,0.0000
1781736752.587,motion_disabled,DRIVE,False,False,0.0000,0.0000,-0.0000,0.0000,False,4,1.4900,2.1763,0.0000,0.0000,0.0000
1781736752.666,motion_disabled,DRIVE,False,False,0.0000,0.0000,-0.0000,0.0000,False,4,1.4900,2.1763,0.0000,0.0000,0.0000
1781736752.748,motion_disabled,DRIVE,False,False,0.0000,0.0000,-0.0000,0.0000,False,4,1.4900,2.1763,0.0000,0.0000,0.0000
1781736752.826,motion_disabled,DRIVE,False,False,0.0000,0.0000,-0.0000,0.0000,False,4,1.4900,2.1763,0.0000,0.0000,0.0000
1781736752.906,motion_disabled,DRIVE,False,False,0.0000,0.0000,-0.0000,0.0000,False,4,1.4900,2.1763,0.0000,0.0000,0.0000
1781736752.986,motion_disabled,DRIVE,False,False,0.0000,0.0000,-0.0000,0.0000,False,4,1.4900,2.1763,0.0000,0.0000,0.0000
1781736753.068,motion_disabled,DRIVE,False,False,0.0000,0.0000,-0.0000,0.0000,False,4,1.4900,2.1763,0.0000,0.0000,0.0000
1781736753.147,motion_disabled,DRIVE,False,False,0.0000,0.0000,-0.0000,0.0000,False,4,1.4900,2.1763,0.0000,0.0000,0.0000
1781736753.226,motion_disabled,DRIVE,False,False,0.0000,0.0000,-0.0000,0.0000,False,4,1.4900,2.1763,0.0000,0.0000,0.0000
1781736753.307,motion_disabled,DRIVE,False,False,0.0000,0.0000,-0.0000,0.0000,False,4,1.4900,2.1763,0.0000,0.0000,0.0000
1781736753.386,motion_disabled,DRIVE,False,False,0.0000,0.0000,-0.0000,0.0000,False,4,1.4900,2.1763,0.0000,0.0000,0.0000
1781736753.466,motion_disabled,DRIVE,False,False,0.0000,0.0000,-0.0000,0.0000,False,4,1.4900,2.1763,0.0000,0.0000,0.0000
1781736753.546,motion_disabled,DRIVE,False,False,0.0000,0.0000,-0.0000,0.0000,False,4,1.4900,2.1763,0.0000,0.0000,0.0000
1781736753.627,motion_disabled,DRIVE,False,False,0.0000,0.0000,-0.0000,0.0000,False,4,1.4900,2.1763,0.0000,0.0000,0.0000
1781736753.706,motion_disabled,DRIVE,False,False,0.0000,0.0000,-0.0000,0.0000,False,4,1.4900,2.1763,0.0000,0.0000,0.0000
1781736753.786,motion_disabled,DRIVE,False,False,0.0000,0.0000,-0.0000,0.0000,False,4,1.4900,2.1763,0.0000,0.0000,0.0000
1781736753.866,motion_disabled,DRIVE,False,False,0.0000,0.0000,-0.0000,0.0000,False,4,1.4900,2.1763,0.0000,0.0000,0.0000
1781736753.946,motion_disabled,DRIVE,False,False,0.0000,0.0000,-0.0000,0.0000,False,4,1.4900,2.1763,0.0000,0.0000,0.0000
1781736754.028,motion_disabled,DRIVE,False,False,0.0000,0.0000,-0.0000,0.0000,False,4,1.4900,2.1763,0.0000,0.0000,0.0000
1781736754.107,motion_disabled,DRIVE,False,False,0.0000,0.0000,-0.0000,0.0000,False,4,1.4900,2.1763,0.0000,0.0000,0.0000
1781736754.188,motion_disabled,DRIVE,False,False,0.0000,0.0000,-0.0000,0.0000,False,4,1.4900,2.1763,0.0000,0.0000,0.0000
1781736754.268,motion_disabled,DRIVE,False,False,0.0000,0.0000,-0.0000,0.0000,False,4,1.4900,2.1763,0.0000,0.0000,0.0000
1781736754.348,motion_disabled,DRIVE,False,False,0.0000,0.0000,-0.0000,0.0000,False,4,1.4900,2.1763,0.0000,0.0000,0.0000
1781736754.428,motion_disabled,DRIVE,False,False,0.0000,0.0000,-0.0000,0.0000,False,4,1.4900,2.1763,0.0000,0.0000,0.0000
1781736754.507,motion_disabled,DRIVE,False,False,0.0000,0.0000,-0.0000,0.0000,False,4,1.4900,2.1763,0.0000,0.0000,0.0000
1781736754.586,motion_disabled,DRIVE,False,False,0.0000,0.0000,-0.0000,0.0000,False,4,1.4900,2.1763,0.0000,0.0000,0.0000
1781736754.666,motion_disabled,DRIVE,False,False,0.0000,0.0000,-0.0000,0.0000,False,4,1.4900,2.1763,0.0000,0.0000,0.0000
1781736754.747,motion_disabled,DRIVE,False,False,0.0000,0.0000,-0.0000,0.0000,False,4,1.4900,2.1763,0.0000,0.0000,0.0000
1781736754.826,motion_disabled,DRIVE,False,False,0.0000,0.0000,-0.0000,0.0000,False,4,1.4900,2.1763,0.0000,0.0000,0.0000
1781736754.906,motion_disabled,DRIVE,False,False,0.0000,0.0000,-0.0000,0.0000,False,4,1.4900,2.1763,0.0000,0.0000,0.0000
1781736754.986,motion_disabled,DRIVE,False,False,0.0000,0.0000,-0.0000,0.0000,False,4,1.4900,2.1763,0.0000,0.0000,0.0000
1781736755.066,motion_disabled,DRIVE,False,False,0.0000,0.0000,-0.0000,0.0000,False,4,1.4900,2.1763,0.0000,0.0000,0.0000
1781736755.150,motion_disabled,DRIVE,False,False,0.0000,0.0000,-0.0000,0.0000,False,4,1.4900,2.1763,0.0000,0.0000,0.0000
1781736755.226,motion_disabled,DRIVE,False,False,0.0000,0.0000,-0.0000,0.0000,False,4,1.4900,2.1763,0.0000,0.0000,0.0000
1781736755.307,motion_disabled,DRIVE,False,False,0.0000,0.0000,-0.0000,0.0000,False,4,1.4900,2.1763,0.0000,0.0000,0.0000
1781736755.386,motion_disabled,DRIVE,False,False,0.0000,0.0000,-0.0000,0.0000,False,4,1.4900,2.1763,0.0000,0.0000,0.0000
1781736755.466,motion_disabled,DRIVE,False,False,0.0000,0.0000,-0.0000,0.0000,False,4,1.4900,2.1763,0.0000,0.0000,0.0000
1781736755.546,motion_disabled,DRIVE,False,False,0.0000,0.0000,-0.0000,0.0000,False,4,1.4900,2.1763,0.0000,0.0000,0.0000
1781736755.627,motion_disabled,DRIVE,False,False,0.0000,0.0000,-0.0000,0.0000,False,4,1.4900,2.1763,0.0000,0.0000,0.0000
1781736755.707,motion_disabled,DRIVE,False,False,0.0000,0.0000,-0.0000,0.0000,False,4,1.4900,2.1763,0.0000,0.0000,0.0000
1781736755.788,motion_disabled,DRIVE,False,False,0.0000,0.0000,-0.0000,0.0000,False,4,1.4900,2.1763,0.0000,0.0000,0.0000
1781736755.866,motion_disabled,DRIVE,False,False,0.0000,0.0000,-0.0000,0.0000,False,4,1.4900,2.1763,0.0000,0.0000,0.0000
1781736755.947,motion_disabled,DRIVE,False,False,0.0000,0.0000,-0.0000,0.0000,False,4,1.4900,2.1763,0.0000,0.0000,0.0000
1781736756.027,motion_disabled,DRIVE,False,False,0.0000,0.0000,-0.0000,0.0000,False,4,1.4900,2.1763,0.0000,0.0000,0.0000
1781736756.111,motion_disabled,DRIVE,False,False,0.0000,0.0000,-0.0000,0.0000,False,4,1.4900,2.1763,0.0000,0.0000,0.0000
1781736756.186,motion_disabled,DRIVE,False,False,0.0000,0.0000,-0.0000,0.0000,False,4,1.4900,2.1763,0.0000,0.0000,0.0000
1781736756.278,motion_disabled,DRIVE,False,False,0.0000,0.0000,-0.0000,0.0000,False,4,1.4900,2.1763,0.0000,0.0000,0.0000
1781736756.347,motion_disabled,DRIVE,False,False,0.0000,0.0000,-0.0000,0.0000,False,4,1.4900,2.1763,0.0000,0.0000,0.0000
1781736756.428,motion_disabled,DRIVE,False,False,0.0000,0.0000,-0.0000,0.0000,False,4,1.4900,2.1763,0.0000,0.0000,0.0000
1781736756.507,motion_disabled,DRIVE,False,False,0.0000,0.0000,-0.0000,0.0000,False,4,1.4900,2.1763,0.0000,0.0000,0.0000
1781736756.586,motion_disabled,DRIVE,False,False,0.0000,0.0000,-0.0000,0.0000,False,4,1.4900,2.1763,0.0000,0.0000,0.0000
1781736756.667,motion_disabled,DRIVE,False,False,0.0000,0.0000,-0.0000,0.0000,False,4,1.4900,2.1763,0.0000,0.0000,0.0000
1781736756.746,motion_disabled,DRIVE,False,False,0.0000,0.0000,-0.0000,0.0000,False,4,1.4900,2.1763,0.0000,0.0000,0.0000
1781736756.830,motion_disabled,DRIVE,False,False,0.0000,0.0000,-0.0000,0.0000,False,4,1.4900,2.1763,0.0000,0.0000,0.0000
1781736756.906,motion_disabled,DRIVE,False,False,0.0000,0.0000,-0.0000,0.0000,False,4,1.4900,2.1763,0.0000,0.0000,0.0000
1781736756.986,motion_disabled,DRIVE,False,False,0.0000,0.0000,-0.0000,0.0000,False,4,1.4900,2.1763,0.0000,0.0000,0.0000
1781736757.067,motion_disabled,DRIVE,False,False,0.0000,0.0000,-0.0000,0.0000,False,4,1.4900,2.1763,0.0000,0.0000,0.0000
1781736757.147,motion_disabled,DRIVE,False,False,0.0000,0.0000,-0.0000,0.0000,False,4,1.4900,2.1763,0.0000,0.0000,0.0000
1781736757.230,motion_disabled,DRIVE,False,False,0.0000,0.0000,-0.0000,0.0000,False,4,1.4900,2.1763,0.0000,0.0000,0.0000
1781736757.306,motion_disabled,DRIVE,False,False,0.0000,0.0000,-0.0000,0.0000,False,4,1.4900,2.1763,0.0000,0.0000,0.0000
1781736757.386,motion_disabled,DRIVE,False,False,0.0000,0.0000,-0.0000,0.0000,False,4,1.4900,2.1763,0.0000,0.0000,0.0000
1781736757.471,motion_disabled,DRIVE,False,False,0.0000,0.0000,-0.0000,0.0000,False,4,1.4900,2.1763,0.0000,0.0000,0.0000
1781736757.547,motion_disabled,DRIVE,False,False,0.0000,0.0000,-0.0000,0.0000,False,4,1.4900,2.1763,0.0000,0.0000,0.0000
1781736757.627,motion_disabled,DRIVE,False,False,0.0000,0.0000,-0.0000,0.0000,False,4,1.4900,2.1763,0.0000,0.0000,0.0000
1781736757.707,motion_disabled,DRIVE,False,False,0.0000,0.0000,-0.0000,0.0000,False,4,1.4900,2.1763,0.0000,0.0000,0.0000
1781736757.786,motion_disabled,DRIVE,False,False,0.0000,0.0000,-0.0000,0.0000,False,4,1.4900,2.1763,0.0000,0.0000,0.0000
1781736757.867,motion_disabled,DRIVE,False,False,0.0000,0.0000,-0.0000,0.0000,False,4,1.4900,2.1763,0.0000,0.0000,0.0000
1781736757.947,motion_disabled,DRIVE,False,False,0.0000,0.0000,-0.0000,0.0000,False,4,1.4900,2.1763,0.0000,0.0000,0.0000
1781736758.027,motion_disabled,DRIVE,False,False,0.0000,0.0000,-0.0000,0.0000,False,4,1.4900,2.1763,0.0000,0.0000,0.0000
1781736758.106,motion_disabled,DRIVE,False,False,0.0000,0.0000,-0.0000,0.0000,False,4,1.4900,2.1763,0.0000,0.0000,0.0000
1781736758.186,motion_disabled,DRIVE,False,False,0.0000,0.0000,-0.0000,0.0000,False,4,1.4900,2.1763,0.0000,0.0000,0.0000
1781736758.266,motion_disabled,DRIVE,False,False,0.0000,0.0000,-0.0000,0.0000,False,4,1.4900,2.1763,0.0000,0.0000,0.0000
1781736758.347,motion_disabled,DRIVE,False,False,0.0000,0.0000,-0.0000,0.0000,False,4,1.4900,2.1763,0.0000,0.0000,0.0000
1781736758.427,motion_disabled,DRIVE,False,False,0.0000,0.0000,-0.0000,0.0000,False,4,1.4900,2.1763,0.0000,0.0000,0.0000
1781736758.506,motion_disabled,DRIVE,False,False,0.0000,0.0000,-0.0000,0.0000,False,4,1.4900,2.1763,0.0000,0.0000,0.0000
1781736758.586,motion_disabled,DRIVE,False,False,0.0000,0.0000,-0.0000,0.0000,False,4,1.4900,2.1763,0.0000,0.0000,0.0000
1781736758.666,motion_disabled,DRIVE,False,False,0.0000,0.0000,-0.0000,0.0000,False,4,1.4900,2.1763,0.0000,0.0000,0.0000
1781736758.747,motion_disabled,DRIVE,False,False,0.0000,0.0000,-0.0000,0.0000,False,4,1.4900,2.1763,0.0000,0.0000,0.0000
1781736758.827,motion_disabled,DRIVE,False,False,0.0000,0.0000,-0.0000,0.0000,False,4,1.4900,2.1763,0.0000,0.0000,0.0000
1781736758.906,motion_disabled,DRIVE,False,False,0.0000,0.0000,-0.0000,0.0000,False,4,1.4900,2.1763,0.0000,0.0000,0.0000
1781736758.986,motion_disabled,DRIVE,False,False,0.0000,0.0000,-0.0000,0.0000,False,4,1.4900,2.1763,0.0000,0.0000,0.0000
1781736759.067,motion_disabled,DRIVE,False,False,0.0000,0.0000,-0.0000,0.0000,False,4,1.4900,2.1763,0.0000,0.0000,0.0000
1781736759.146,motion_disabled,DRIVE,False,False,0.0000,0.0000,-0.0000,0.0000,False,4,1.4900,2.1763,0.0000,0.0000,0.0000
1781736759.226,motion_disabled,DRIVE,False,False,0.0000,0.0000,-0.0000,0.0000,False,4,1.4900,2.1763,0.0000,0.0000,0.0000
1781736759.306,motion_disabled,DRIVE,False,False,0.0000,0.0000,-0.0000,0.0000,False,4,1.4900,2.1763,0.0000,0.0000,0.0000
1781736759.387,motion_disabled,DRIVE,False,False,0.0000,0.0000,-0.0000,0.0000,False,4,1.4900,2.1763,0.0000,0.0000,0.0000
1781736759.467,motion_disabled,DRIVE,False,False,0.0000,0.0000,-0.0000,0.0000,False,4,1.4900,2.1763,0.0000,0.0000,0.0000
1781736759.546,motion_disabled,DRIVE,False,False,0.0000,0.0000,-0.0000,0.0000,False,4,1.4900,2.1763,0.0000,0.0000,0.0000
1781736759.626,motion_disabled,DRIVE,False,False,0.0000,0.0000,-0.0000,0.0000,False,4,1.4900,2.1763,0.0000,0.0000,0.0000
1781736759.706,motion_disabled,DRIVE,False,False,0.0000,0.0000,-0.0000,0.0000,False,4,1.4900,2.1763,0.0000,0.0000,0.0000
1781736759.786,motion_disabled,DRIVE,False,False,0.0000,0.0000,-0.0000,0.0000,False,4,1.4900,2.1763,0.0000,0.0000,0.0000
1781736759.866,motion_disabled,DRIVE,False,False,0.0000,0.0000,-0.0000,0.0000,False,4,1.4900,2.1763,0.0000,0.0000,0.0000
1781736759.946,motion_disabled,DRIVE,False,False,0.0000,0.0000,-0.0000,0.0000,False,4,1.4900,2.1763,0.0000,0.0000,0.0000
1781736760.027,motion_disabled,DRIVE,False,False,0.0000,0.0000,-0.0000,0.0000,False,4,1.4900,2.1763,0.0000,0.0000,0.0000
1781736760.107,motion_disabled,DRIVE,False,False,0.0000,0.0000,-0.0000,0.0000,False,4,1.4900,2.1763,0.0000,0.0000,0.0000
1781736760.186,motion_disabled,DRIVE,False,False,0.0000,0.0000,-0.0000,0.0000,False,4,1.4900,2.1763,0.0000,0.0000,0.0000
1781736760.266,motion_disabled,DRIVE,False,False,0.0000,0.0000,-0.0000,0.0000,False,4,1.4900,2.1763,0.0000,0.0000,0.0000
1781736760.350,motion_disabled,DRIVE,False,False,0.0000,0.0000,-0.0000,0.0000,False,4,1.4900,2.1763,0.0000,0.0000,0.0000
1781736760.426,motion_disabled,DRIVE,False,False,0.0000,0.0000,-0.0000,0.0000,False,4,1.4900,2.1763,0.0000,0.0000,0.0000
1781736760.506,motion_disabled,DRIVE,False,False,0.0000,0.0000,-0.0000,0.0000,False,4,1.4900,2.1763,0.0000,0.0000,0.0000
1781736760.586,motion_disabled,DRIVE,False,False,0.0000,0.0000,-0.0000,0.0000,False,4,1.4900,2.1763,0.0000,0.0000,0.0000
1781736760.666,motion_disabled,DRIVE,False,False,0.0000,0.0000,-0.0000,0.0000,False,4,1.4900,2.1763,0.0000,0.0000,0.0000
1781736760.746,motion_disabled,DRIVE,False,False,0.0000,0.0000,-0.0000,0.0000,False,4,1.4900,2.1763,0.0000,0.0000,0.0000
1781736760.826,motion_disabled,DRIVE,False,False,0.0000,0.0000,-0.0000,0.0000,False,4,1.4900,2.1763,0.0000,0.0000,0.0000
1781736760.906,motion_disabled,DRIVE,False,False,0.0000,0.0000,-0.0000,0.0000,False,4,1.4900,2.1763,0.0000,0.0000,0.0000
1781736760.987,motion_disabled,DRIVE,False,False,0.0000,0.0000,-0.0000,0.0000,False,4,1.4900,2.1763,0.0000,0.0000,0.0000
1781736761.066,motion_disabled,DRIVE,False,False,0.0000,0.0000,-0.0000,0.0000,False,4,1.4900,2.1763,0.0000,0.0000,0.0000
1781736761.147,motion_disabled,DRIVE,False,False,0.0000,0.0000,-0.0000,0.0000,False,4,1.4900,2.1763,0.0000,0.0000,0.0000
1781736761.227,motion_disabled,DRIVE,False,False,0.0000,0.0000,-0.0000,0.0000,False,4,1.4900,2.1763,0.0000,0.0000,0.0000
1781736761.307,motion_disabled,DRIVE,False,False,0.0000,0.0000,-0.0000,0.0000,False,4,1.4900,2.1763,0.0000,0.0000,0.0000
1781736761.387,motion_disabled,DRIVE,False,False,0.0000,0.0000,-0.0000,0.0000,False,4,1.4900,2.1763,0.0000,0.0000,0.0000
1781736761.466,motion_disabled,DRIVE,False,False,0.0000,0.0000,-0.0000,0.0000,False,4,1.4900,2.1763,0.0000,0.0000,0.0000
1781736761.546,motion_disabled,DRIVE,False,False,0.0000,0.0000,-0.0000,0.0000,False,4,1.4900,2.1763,0.0000,0.0000,0.0000
1781736761.627,motion_disabled,DRIVE,False,False,0.0000,0.0000,-0.0000,0.0000,False,4,1.4900,2.1763,0.0000,0.0000,0.0000
1781736761.706,motion_disabled,DRIVE,False,False,0.0000,0.0000,-0.0000,0.0000,False,4,1.4900,2.1763,0.0000,0.0000,0.0000
1781736761.786,motion_disabled,DRIVE,False,False,0.0000,0.0000,-0.0000,0.0000,False,4,1.4900,2.1763,0.0000,0.0000,0.0000
1781736761.866,motion_disabled,DRIVE,False,False,0.0000,0.0000,-0.0000,0.0000,False,4,1.4900,2.1763,0.0000,0.0000,0.0000
1781736761.946,motion_disabled,DRIVE,False,False,0.0000,0.0000,-0.0000,0.0000,False,4,1.4900,2.1763,0.0000,0.0000,0.0000
1781736762.027,motion_disabled,DRIVE,False,False,0.0000,0.0000,-0.0000,0.0000,False,4,1.4900,2.1763,0.0000,0.0000,0.0000
1781736762.106,motion_disabled,DRIVE,False,False,0.0000,0.0000,-0.0000,0.0000,False,4,1.4900,2.1763,0.0000,0.0000,0.0000
1781736762.186,motion_disabled,DRIVE,False,False,0.0000,0.0000,-0.0000,0.0000,False,4,1.4900,2.1763,0.0000,0.0000,0.0000
1781736762.266,motion_disabled,DRIVE,False,False,0.0000,0.0000,-0.0000,0.0000,False,4,1.4900,2.1763,0.0000,0.0000,0.0000
1781736762.346,motion_disabled,DRIVE,False,False,0.0000,0.0000,-0.0000,0.0000,False,4,1.4900,2.1763,0.0000,0.0000,0.0000
1781736762.427,motion_disabled,DRIVE,False,False,0.0000,0.0000,-0.0000,0.0000,False,4,1.4900,2.1763,0.0000,0.0000,0.0000
1781736762.511,motion_disabled,DRIVE,False,False,0.0000,0.0000,-0.0000,0.0000,False,4,1.4900,2.1763,0.0000,0.0000,0.0000
1781736762.586,motion_disabled,DRIVE,False,False,0.0000,0.0000,-0.0000,0.0000,False,4,1.4900,2.1763,0.0000,0.0000,0.0000
1781736762.666,motion_disabled,DRIVE,False,False,0.0000,0.0000,-0.0000,0.0000,False,4,1.4900,2.1763,0.0000,0.0000,0.0000
1781736762.747,motion_disabled,DRIVE,False,False,0.0000,0.0000,-0.0000,0.0000,False,4,1.4900,2.1763,0.0000,0.0000,0.0000
1781736762.826,motion_disabled,DRIVE,False,False,0.0000,0.0000,-0.0000,0.0000,False,4,1.4900,2.1763,0.0000,0.0000,0.0000
1781736762.906,motion_disabled,DRIVE,False,False,0.0000,0.0000,-0.0000,0.0000,False,4,1.4900,2.1763,0.0000,0.0000,0.0000
1781736762.986,motion_disabled,DRIVE,False,False,0.0000,0.0000,-0.0000,0.0000,False,4,1.4900,2.1763,0.0000,0.0000,0.0000
1781736763.067,motion_disabled,DRIVE,False,False,0.0000,0.0000,-0.0000,0.0000,False,4,1.4900,2.1763,0.0000,0.0000,0.0000
1781736763.146,motion_disabled,DRIVE,False,False,0.0000,0.0000,-0.0000,0.0000,False,4,1.4900,2.1763,0.0000,0.0000,0.0000
1781736763.226,motion_disabled,DRIVE,False,False,0.0000,0.0000,-0.0000,0.0000,False,4,1.4900,2.1763,0.0000,0.0000,0.0000
1781736763.306,motion_disabled,DRIVE,False,False,0.0000,0.0000,-0.0000,0.0000,False,4,1.4900,2.1763,0.0000,0.0000,0.0000
1781736763.386,motion_disabled,DRIVE,False,False,0.0000,0.0000,-0.0000,0.0000,False,4,1.4900,2.1763,0.0000,0.0000,0.0000
1781736763.467,motion_disabled,DRIVE,False,False,0.0000,0.0000,-0.0000,0.0000,False,4,1.4900,2.1763,0.0000,0.0000,0.0000
1781736763.546,motion_disabled,DRIVE,False,False,0.0000,0.0000,-0.0000,0.0000,False,4,1.4900,2.1763,0.0000,0.0000,0.0000
1781736763.627,motion_disabled,DRIVE,False,False,0.0000,0.0000,-0.0000,0.0000,False,4,1.4900,2.1763,0.0000,0.0000,0.0000
1781736763.706,motion_disabled,DRIVE,False,False,0.0000,0.0000,-0.0000,0.0000,False,4,1.4900,2.1763,0.0000,0.0000,0.0000
1781736763.786,motion_disabled,DRIVE,False,False,0.0000,0.0000,-0.0000,0.0000,False,4,1.4900,2.1763,0.0000,0.0000,0.0000
1781736763.866,motion_disabled,DRIVE,False,False,0.0000,0.0000,-0.0000,0.0000,False,4,1.4900,2.1763,0.0000,0.0000,0.0000
1781736763.952,motion_disabled,DRIVE,False,False,0.0000,0.0000,-0.0000,0.0000,False,4,1.4900,2.1763,0.0000,0.0000,0.0000
1781736764.027,motion_disabled,DRIVE,False,False,0.0000,0.0000,-0.0000,0.0000,False,4,1.4900,2.1763,0.0000,0.0000,0.0000
1781736764.106,motion_disabled,DRIVE,False,False,0.0000,0.0000,-0.0000,0.0000,False,4,1.4900,2.1763,0.0000,0.0000,0.0000
1781736764.186,motion_disabled,DRIVE,False,False,0.0000,0.0000,-0.0000,0.0000,False,4,1.4900,2.1763,0.0000,0.0000,0.0000
1781736764.267,motion_disabled,DRIVE,False,False,0.0000,0.0000,-0.0000,0.0000,False,4,1.4900,2.1763,0.0000,0.0000,0.0000
1781736764.347,motion_disabled,DRIVE,False,False,0.0000,0.0000,-0.0000,0.0000,False,4,1.4900,2.1763,0.0000,0.0000,0.0000
1781736764.427,motion_disabled,DRIVE,False,False,0.0000,0.0000,-0.0000,0.0000,False,4,1.4900,2.1763,0.0000,0.0000,0.0000
1781736764.506,motion_disabled,DRIVE,False,False,0.0000,0.0000,-0.0000,0.0000,False,4,1.4900,2.1763,0.0000,0.0000,0.0000
1781736764.587,motion_disabled,DRIVE,False,False,0.0000,0.0000,-0.0000,0.0000,False,4,1.4900,2.1763,0.0000,0.0000,0.0000
1781736764.667,motion_disabled,DRIVE,False,False,0.0000,0.0000,-0.0000,0.0000,False,4,1.4900,2.1763,0.0000,0.0000,0.0000
1781736764.747,motion_disabled,DRIVE,False,False,0.0000,0.0000,-0.0000,0.0000,False,4,1.4900,2.1763,0.0000,0.0000,0.0000
1781736764.827,motion_disabled,DRIVE,False,False,0.0000,0.0000,-0.0000,0.0000,False,4,1.4900,2.1763,0.0000,0.0000,0.0000
1781736764.907,motion_disabled,DRIVE,False,False,0.0000,0.0000,-0.0000,0.0000,False,4,1.4900,2.1763,0.0000,0.0000,0.0000
1781736764.990,motion_disabled,DRIVE,False,False,0.0000,0.0000,-0.0000,0.0000,False,4,1.4900,2.1763,0.0000,0.0000,0.0000
1781736765.066,motion_disabled,DRIVE,False,False,0.0000,0.0000,-0.0000,0.0000,False,4,1.4900,2.1763,0.0000,0.0000,0.0000
1781736765.147,motion_disabled,DRIVE,False,False,0.0000,0.0000,-0.0000,0.0000,False,4,1.4900,2.1763,0.0000,0.0000,0.0000
1781736765.227,motion_disabled,DRIVE,False,False,0.0000,0.0000,-0.0000,0.0000,False,4,1.4900,2.1763,0.0000,0.0000,0.0000
1781736765.306,motion_disabled,DRIVE,False,False,0.0000,0.0000,-0.0000,0.0000,False,4,1.4900,2.1763,0.0000,0.0000,0.0000
1781736765.386,motion_disabled,DRIVE,False,False,0.0000,0.0000,-0.0000,0.0000,False,4,1.4900,2.1763,0.0000,0.0000,0.0000
1781736765.466,motion_disabled,DRIVE,False,False,0.0000,0.0000,-0.0000,0.0000,False,4,1.4900,2.1763,0.0000,0.0000,0.0000
1781736765.546,motion_disabled,DRIVE,False,False,0.0000,0.0000,-0.0000,0.0000,False,4,1.4900,2.1763,0.0000,0.0000,0.0000
1781736765.628,motion_disabled,DRIVE,False,False,0.0000,0.0000,-0.0000,0.0000,False,4,1.4900,2.1763,0.0000,0.0000,0.0000
1781736765.706,motion_disabled,DRIVE,False,False,0.0000,0.0000,-0.0000,0.0000,False,4,1.4900,2.1763,0.0000,0.0000,0.0000
1781736765.788,motion_disabled,DRIVE,False,False,0.0000,0.0000,-0.0000,0.0000,False,4,1.4900,2.1763,0.0000,0.0000,0.0000
1781736765.868,motion_disabled,DRIVE,False,False,0.0000,0.0000,-0.0000,0.0000,False,4,1.4900,2.1763,0.0000,0.0000,0.0000
1781736765.947,motion_disabled,DRIVE,False,False,0.0000,0.0000,-0.0000,0.0000,False,4,1.4900,2.1763,0.0000,0.0000,0.0000
1781736766.026,motion_disabled,DRIVE,False,False,0.0000,0.0000,-0.0000,0.0000,False,4,1.4900,2.1763,0.0000,0.0000,0.0000
1781736766.107,motion_disabled,DRIVE,False,False,0.0000,0.0000,-0.0000,0.0000,False,4,1.4900,2.1763,0.0000,0.0000,0.0000
1781736766.186,motion_disabled,DRIVE,False,False,0.0000,0.0000,-0.0000,0.0000,False,4,1.4900,2.1763,0.0000,0.0000,0.0000
1781736766.266,motion_disabled,DRIVE,False,False,0.0000,0.0000,-0.0000,0.0000,False,4,1.4900,2.1763,0.0000,0.0000,0.0000
1781736766.346,motion_disabled,DRIVE,False,False,0.0000,0.0000,-0.0000,0.0000,False,4,1.4900,2.1763,0.0000,0.0000,0.0000
1781736766.426,motion_disabled,DRIVE,False,False,0.0000,0.0000,-0.0000,0.0000,False,4,1.4900,2.1763,0.0000,0.0000,0.0000
1781736766.507,motion_disabled,DRIVE,False,False,0.0000,0.0000,-0.0000,0.0000,False,4,1.4900,2.1763,0.0000,0.0000,0.0000
1781736766.586,motion_disabled,DRIVE,False,False,0.0000,0.0000,-0.0000,0.0000,False,4,1.4900,2.1763,0.0000,0.0000,0.0000
1781736766.666,motion_disabled,DRIVE,False,False,0.0000,0.0000,-0.0000,0.0000,False,4,1.4900,2.1763,0.0000,0.0000,0.0000
1781736766.746,motion_disabled,DRIVE,False,False,0.0000,0.0000,-0.0000,0.0000,False,4,1.4900,2.1763,0.0000,0.0000,0.0000
1781736766.826,motion_disabled,DRIVE,False,False,0.0000,0.0000,-0.0000,0.0000,False,4,1.4900,2.1763,0.0000,0.0000,0.0000
1781736766.906,motion_disabled,DRIVE,False,False,0.0000,0.0000,-0.0000,0.0000,False,4,1.4900,2.1763,0.0000,0.0000,0.0000
1781736766.986,motion_disabled,DRIVE,False,False,0.0000,0.0000,-0.0000,0.0000,False,4,1.4900,2.1763,0.0000,0.0000,0.0000
1781736767.066,motion_disabled,DRIVE,False,False,0.0000,0.0000,-0.0000,0.0000,False,4,1.4900,2.1763,0.0000,0.0000,0.0000
1781736767.146,motion_disabled,DRIVE,False,False,0.0000,0.0000,-0.0000,0.0000,False,4,1.4900,2.1763,0.0000,0.0000,0.0000
1781736767.226,motion_disabled,DRIVE,False,False,0.0000,0.0000,-0.0000,0.0000,False,4,1.4900,2.1763,0.0000,0.0000,0.0000
1781736767.306,motion_disabled,DRIVE,False,False,0.0000,0.0000,-0.0000,0.0000,False,4,1.4900,2.1763,0.0000,0.0000,0.0000
1781736767.386,motion_disabled,DRIVE,False,False,0.0000,0.0000,-0.0000,0.0000,False,4,1.4900,2.1763,0.0000,0.0000,0.0000
1781736767.466,motion_disabled,DRIVE,False,False,0.0000,0.0000,-0.0000,0.0000,False,4,1.4900,2.1763,0.0000,0.0000,0.0000
1781736767.546,motion_disabled,DRIVE,False,False,0.0000,0.0000,-0.0000,0.0000,False,4,1.4900,2.1763,0.0000,0.0000,0.0000
1781736767.627,motion_disabled,DRIVE,False,False,0.0000,0.0000,-0.0000,0.0000,False,4,1.4900,2.1763,0.0000,0.0000,0.0000
1781736767.706,motion_disabled,DRIVE,False,False,0.0000,0.0000,-0.0000,0.0000,False,4,1.4900,2.1763,0.0000,0.0000,0.0000
1781736767.787,motion_disabled,DRIVE,False,False,0.0000,0.0000,-0.0000,0.0000,False,4,1.4900,2.1763,0.0000,0.0000,0.0000
1781736767.866,motion_disabled,DRIVE,False,False,0.0000,0.0000,-0.0000,0.0000,False,4,1.4900,2.1763,0.0000,0.0000,0.0000
1781736767.947,motion_disabled,DRIVE,False,False,0.0000,0.0000,-0.0000,0.0000,False,4,1.4900,2.1763,0.0000,0.0000,0.0000
1781736768.026,motion_disabled,DRIVE,False,False,0.0000,0.0000,-0.0000,0.0000,False,4,1.4900,2.1763,0.0000,0.0000,0.0000
1781736768.106,motion_disabled,DRIVE,False,False,0.0000,0.0000,-0.0000,0.0000,False,4,1.4900,2.1763,0.0000,0.0000,0.0000
1781736768.186,motion_disabled,DRIVE,False,False,0.0000,0.0000,-0.0000,0.0000,False,4,1.4900,2.1763,0.0000,0.0000,0.0000
1781736768.266,motion_disabled,DRIVE,False,False,0.0000,0.0000,-0.0000,0.0000,False,4,1.4900,2.1763,0.0000,0.0000,0.0000
1781736768.347,motion_disabled,DRIVE,False,False,0.0000,0.0000,-0.0000,0.0000,False,4,1.4900,2.1763,0.0000,0.0000,0.0000
1781736768.426,motion_disabled,DRIVE,False,False,0.0000,0.0000,-0.0000,0.0000,False,4,1.4900,2.1763,0.0000,0.0000,0.0000
1781736768.506,motion_disabled,DRIVE,False,False,0.0000,0.0000,-0.0000,0.0000,False,4,1.4900,2.1763,0.0000,0.0000,0.0000
1781736768.586,motion_disabled,DRIVE,False,False,0.0000,0.0000,-0.0000,0.0000,False,4,1.4900,2.1763,0.0000,0.0000,0.0000
1781736768.666,motion_disabled,DRIVE,False,False,0.0000,0.0000,-0.0000,0.0000,False,4,1.4900,2.1763,0.0000,0.0000,0.0000
1781736768.747,motion_disabled,DRIVE,False,False,0.0000,0.0000,-0.0000,0.0000,False,4,1.4900,2.1763,0.0000,0.0000,0.0000
1781736768.826,motion_disabled,DRIVE,False,False,0.0000,0.0000,-0.0000,0.0000,False,4,1.4900,2.1763,0.0000,0.0000,0.0000
1781736768.907,motion_disabled,DRIVE,False,False,0.0000,0.0000,-0.0000,0.0000,False,4,1.4900,2.1763,0.0000,0.0000,0.0000
1781736768.987,motion_disabled,DRIVE,False,False,0.0000,0.0000,-0.0000,0.0000,False,4,1.4900,2.1763,0.0000,0.0000,0.0000
1781736769.067,motion_disabled,DRIVE,False,False,0.0000,0.0000,-0.0000,0.0000,False,4,1.4900,2.1763,0.0000,0.0000,0.0000
1781736769.146,motion_disabled,DRIVE,False,False,0.0000,0.0000,-0.0000,0.0000,False,4,1.4900,2.1763,0.0000,0.0000,0.0000
1781736769.226,motion_disabled,DRIVE,False,False,0.0000,0.0000,-0.0000,0.0000,False,4,1.4900,2.1763,0.0000,0.0000,0.0000
1781736769.306,motion_disabled,DRIVE,False,False,0.0000,0.0000,-0.0000,0.0000,False,4,1.4900,2.1763,0.0000,0.0000,0.0000
1781736769.387,motion_disabled,DRIVE,False,False,0.0000,0.0000,-0.0000,0.0000,False,4,1.4900,2.1763,0.0000,0.0000,0.0000
1781736769.466,motion_disabled,DRIVE,False,False,0.0000,0.0000,-0.0000,0.0000,False,4,1.4900,2.1763,0.0000,0.0000,0.0000
1781736769.547,motion_disabled,DRIVE,False,False,0.0000,0.0000,-0.0000,0.0000,False,4,1.4900,2.1763,0.0000,0.0000,0.0000
1781736769.626,motion_disabled,DRIVE,False,False,0.0000,0.0000,-0.0000,0.0000,False,4,1.4900,2.1763,0.0000,0.0000,0.0000
1781736769.707,motion_disabled,DRIVE,False,False,0.0000,0.0000,-0.0000,0.0000,False,4,1.4900,2.1763,0.0000,0.0000,0.0000
1781736769.787,motion_disabled,DRIVE,False,False,0.0000,0.0000,-0.0000,0.0000,False,4,1.4900,2.1763,0.0000,0.0000,0.0000
1781736769.866,motion_disabled,DRIVE,False,False,0.0000,0.0000,-0.0000,0.0000,False,4,1.4900,2.1763,0.0000,0.0000,0.0000
1781736769.946,motion_disabled,DRIVE,False,False,0.0000,0.0000,-0.0000,0.0000,False,4,1.4900,2.1763,0.0000,0.0000,0.0000
1781736770.026,motion_disabled,DRIVE,False,False,0.0000,0.0000,-0.0000,0.0000,False,4,1.4900,2.1763,0.0000,0.0000,0.0000
1781736770.106,motion_disabled,DRIVE,False,False,0.0000,0.0000,-0.0000,0.0000,False,4,1.4900,2.1763,0.0000,0.0000,0.0000
1781736770.186,motion_disabled,DRIVE,False,False,0.0000,0.0000,-0.0000,0.0000,False,4,1.4900,2.1763,0.0000,0.0000,0.0000
1781736770.266,motion_disabled,DRIVE,False,False,0.0000,0.0000,-0.0000,0.0000,False,4,1.4900,2.1763,0.0000,0.0000,0.0000
1781736770.347,motion_disabled,DRIVE,False,False,0.0000,0.0000,-0.0000,0.0000,False,4,1.4900,2.1763,0.0000,0.0000,0.0000
1781736770.428,motion_disabled,DRIVE,False,False,0.0000,0.0000,-0.0000,0.0000,False,4,1.4900,2.1763,0.0000,0.0000,0.0000
1781736770.506,motion_disabled,DRIVE,False,False,0.0000,0.0000,-0.0000,0.0000,False,4,1.4900,2.1763,0.0000,0.0000,0.0000
1781736770.587,motion_disabled,DRIVE,False,False,0.0000,0.0000,-0.0000,0.0000,False,4,1.4900,2.1763,0.0000,0.0000,0.0000
1781736770.666,motion_disabled,DRIVE,False,False,0.0000,0.0000,-0.0000,0.0000,False,4,1.4900,2.1763,0.0000,0.0000,0.0000
1781736770.747,motion_disabled,DRIVE,False,False,0.0000,0.0000,-0.0000,0.0000,False,4,1.4900,2.1763,0.0000,0.0000,0.0000
1781736770.826,motion_disabled,DRIVE,False,False,0.0000,0.0000,-0.0000,0.0000,False,4,1.4900,2.1763,0.0000,0.0000,0.0000
1781736770.907,motion_disabled,DRIVE,False,False,0.0000,0.0000,-0.0000,0.0000,False,4,1.4900,2.1763,0.0000,0.0000,0.0000
1781736770.986,motion_disabled,DRIVE,False,False,0.0000,0.0000,-0.0000,0.0000,False,4,1.4900,2.1763,0.0000,0.0000,0.0000
1781736771.066,motion_disabled,DRIVE,False,False,0.0000,0.0000,-0.0000,0.0000,False,4,1.4900,2.1763,0.0000,0.0000,0.0000
1781736771.147,motion_disabled,DRIVE,False,False,0.0000,0.0000,-0.0000,0.0000,False,4,1.4900,2.1763,0.0000,0.0000,0.0000
1781736771.226,motion_disabled,DRIVE,False,False,0.0000,0.0000,-0.0000,0.0000,False,4,1.4900,2.1763,0.0000,0.0000,0.0000
1781736771.306,motion_disabled,DRIVE,False,False,0.0000,0.0000,-0.0000,0.0000,False,4,1.4900,2.1763,0.0000,0.0000,0.0000
1781736771.387,motion_disabled,DRIVE,False,False,0.0000,0.0000,-0.0000,0.0000,False,4,1.4900,2.1763,0.0000,0.0000,0.0000
1781736771.466,motion_disabled,DRIVE,False,False,0.0000,0.0000,-0.0000,0.0000,False,4,1.4900,2.1763,0.0000,0.0000,0.0000
1781736771.547,motion_disabled,DRIVE,False,False,0.0000,0.0000,-0.0000,0.0000,False,4,1.4900,2.1763,0.0000,0.0000,0.0000
1781736771.627,motion_disabled,DRIVE,False,False,0.0000,0.0000,-0.0000,0.0000,False,4,1.4900,2.1763,0.0000,0.0000,0.0000
1781736771.706,motion_disabled,DRIVE,False,False,0.0000,0.0000,-0.0000,0.0000,False,4,1.4900,2.1763,0.0000,0.0000,0.0000
1781736771.787,motion_disabled,DRIVE,False,False,0.0000,0.0000,-0.0000,0.0000,False,4,1.4900,2.1763,0.0000,0.0000,0.0000
1781736771.867,motion_disabled,DRIVE,False,False,0.0000,0.0000,-0.0000,0.0000,False,4,1.4900,2.1763,0.0000,0.0000,0.0000
1781736771.946,motion_disabled,DRIVE,False,False,0.0000,0.0000,-0.0000,0.0000,False,4,1.4900,2.1763,0.0000,0.0000,0.0000
1781736772.026,motion_disabled,DRIVE,False,False,0.0000,0.0000,-0.0000,0.0000,False,4,1.4900,2.1763,0.0000,0.0000,0.0000
1781736772.106,motion_disabled,DRIVE,False,False,0.0000,0.0000,-0.0000,0.0000,False,4,1.4900,2.1763,0.0000,0.0000,0.0000
1781736772.186,motion_disabled,DRIVE,False,False,0.0000,0.0000,-0.0000,0.0000,False,4,1.4900,2.1763,0.0000,0.0000,0.0000
1781736772.266,motion_disabled,DRIVE,False,False,0.0000,0.0000,-0.0000,0.0000,False,4,1.4900,2.1763,0.0000,0.0000,0.0000
1781736772.347,motion_disabled,DRIVE,False,False,0.0000,0.0000,-0.0000,0.0000,False,4,1.4900,2.1763,0.0000,0.0000,0.0000
1781736772.427,motion_disabled,DRIVE,False,False,0.0000,0.0000,-0.0000,0.0000,False,4,1.4900,2.1763,0.0000,0.0000,0.0000
1781736772.508,motion_disabled,DRIVE,False,False,0.0000,0.0000,-0.0000,0.0000,False,4,1.4900,2.1763,0.0000,0.0000,0.0000
1781736772.586,motion_disabled,DRIVE,False,False,0.0000,0.0000,-0.0000,0.0000,False,4,1.4900,2.1763,0.0000,0.0000,0.0000
1781736772.667,motion_disabled,DRIVE,False,False,0.0000,0.0000,-0.0000,0.0000,False,4,1.4900,2.1763,0.0000,0.0000,0.0000
1781736772.746,motion_disabled,DRIVE,False,False,0.0000,0.0000,-0.0000,0.0000,False,4,1.4900,2.1763,0.0000,0.0000,0.0000
1781736772.826,motion_disabled,DRIVE,False,False,0.0000,0.0000,-0.0000,0.0000,False,4,1.4900,2.1763,0.0000,0.0000,0.0000
1781736772.906,motion_disabled,DRIVE,False,False,0.0000,0.0000,-0.0000,0.0000,False,4,1.4900,2.1763,0.0000,0.0000,0.0000
1781736772.986,motion_disabled,DRIVE,False,False,0.0000,0.0000,-0.0000,0.0000,False,4,1.4900,2.1763,0.0000,0.0000,0.0000
1781736773.067,motion_disabled,DRIVE,False,False,0.0000,0.0000,-0.0000,0.0000,False,4,1.4900,2.1763,0.0000,0.0000,0.0000
1781736773.146,motion_disabled,DRIVE,False,False,0.0000,0.0000,-0.0000,0.0000,False,4,1.4900,2.1763,0.0000,0.0000,0.0000
1781736773.227,motion_disabled,DRIVE,False,False,0.0000,0.0000,-0.0000,0.0000,False,4,1.4900,2.1763,0.0000,0.0000,0.0000
1781736773.306,motion_disabled,DRIVE,False,False,0.0000,0.0000,-0.0000,0.0000,False,4,1.4900,2.1763,0.0000,0.0000,0.0000
1781736773.386,motion_disabled,DRIVE,False,False,0.0000,0.0000,-0.0000,0.0000,False,4,1.4900,2.1763,0.0000,0.0000,0.0000
1781736773.466,motion_disabled,DRIVE,False,False,0.0000,0.0000,-0.0000,0.0000,False,4,1.4900,2.1763,0.0000,0.0000,0.0000
1781736773.546,motion_disabled,DRIVE,False,False,0.0000,0.0000,-0.0000,0.0000,False,4,1.4900,2.1763,0.0000,0.0000,0.0000
1781736773.627,motion_disabled,DRIVE,False,False,0.0000,0.0000,-0.0000,0.0000,False,4,1.4900,2.1763,0.0000,0.0000,0.0000
1781736773.706,motion_disabled,DRIVE,False,False,0.0000,0.0000,-0.0000,0.0000,False,4,1.4900,2.1763,0.0000,0.0000,0.0000
1781736773.786,motion_disabled,DRIVE,False,False,0.0000,0.0000,-0.0000,0.0000,False,4,1.4900,2.1763,0.0000,0.0000,0.0000
1781736773.866,motion_disabled,DRIVE,False,False,0.0000,0.0000,-0.0000,0.0000,False,4,1.4900,2.1763,0.0000,0.0000,0.0000
1781736773.946,motion_disabled,DRIVE,False,False,0.0000,0.0000,-0.0000,0.0000,False,4,1.4900,2.1763,0.0000,0.0000,0.0000
1781736774.026,motion_disabled,DRIVE,False,False,0.0000,0.0000,-0.0000,0.0000,False,4,1.4900,2.1763,0.0000,0.0000,0.0000
1781736774.107,motion_disabled,DRIVE,False,False,0.0000,0.0000,-0.0000,0.0000,False,4,1.4900,2.1763,0.0000,0.0000,0.0000
1781736774.188,motion_disabled,DRIVE,False,False,0.0000,0.0000,-0.0000,0.0000,False,4,1.4900,2.1763,0.0000,0.0000,0.0000
1781736774.266,motion_disabled,DRIVE,False,False,0.0000,0.0000,-0.0000,0.0000,False,4,1.4900,2.1763,0.0000,0.0000,0.0000
1781736774.346,motion_disabled,DRIVE,False,False,0.0000,0.0000,-0.0000,0.0000,False,4,1.4900,2.1763,0.0000,0.0000,0.0000
1781736774.426,motion_disabled,DRIVE,False,False,0.0000,0.0000,-0.0000,0.0000,False,4,1.4900,2.1763,0.0000,0.0000,0.0000
1781736774.506,motion_disabled,DRIVE,False,False,0.0000,0.0000,-0.0000,0.0000,False,4,1.4900,2.1763,0.0000,0.0000,0.0000
1781736774.587,motion_disabled,DRIVE,False,False,0.0000,0.0000,-0.0000,0.0000,False,4,1.4900,2.1763,0.0000,0.0000,0.0000
1781736774.666,motion_disabled,DRIVE,False,False,0.0000,0.0000,-0.0000,0.0000,False,4,1.4900,2.1763,0.0000,0.0000,0.0000
1781736774.746,motion_disabled,DRIVE,False,False,0.0000,0.0000,-0.0000,0.0000,False,4,1.4900,2.1763,0.0000,0.0000,0.0000
1781736774.827,motion_disabled,DRIVE,False,False,0.0000,0.0000,-0.0000,0.0000,False,4,1.4900,2.1763,0.0000,0.0000,0.0000
1781736774.906,motion_disabled,DRIVE,False,False,0.0000,0.0000,-0.0000,0.0000,False,4,1.4900,2.1763,0.0000,0.0000,0.0000
1781736774.987,motion_disabled,DRIVE,False,False,0.0000,0.0000,-0.0000,0.0000,False,4,1.4900,2.1763,0.0000,0.0000,0.0000
1781736775.066,motion_disabled,DRIVE,False,False,0.0000,0.0000,-0.0000,0.0000,False,4,1.4900,2.1763,0.0000,0.0000,0.0000
1781736775.147,motion_disabled,DRIVE,False,False,0.0000,0.0000,-0.0000,0.0000,False,4,1.4900,2.1763,0.0000,0.0000,0.0000
1781736775.226,motion_disabled,DRIVE,False,False,0.0000,0.0000,-0.0000,0.0000,False,4,1.4900,2.1763,0.0000,0.0000,0.0000
1781736775.308,motion_disabled,DRIVE,False,False,0.0000,0.0000,-0.0000,0.0000,False,4,1.4900,2.1763,0.0000,0.0000,0.0000
1781736775.387,motion_disabled,DRIVE,False,False,0.0000,0.0000,-0.0000,0.0000,False,4,1.4900,2.1763,0.0000,0.0000,0.0000
1781736775.466,motion_disabled,DRIVE,False,False,0.0000,0.0000,-0.0000,0.0000,False,4,1.4900,2.1763,0.0000,0.0000,0.0000
1781736775.546,motion_disabled,DRIVE,False,False,0.0000,0.0000,-0.0000,0.0000,False,4,1.4900,2.1763,0.0000,0.0000,0.0000
1781736775.631,motion_disabled,DRIVE,False,False,0.0000,0.0000,-0.0000,0.0000,False,4,1.4900,2.1763,0.0000,0.0000,0.0000
1781736775.706,motion_disabled,DRIVE,False,False,0.0000,0.0000,-0.0000,0.0000,False,4,1.4900,2.1763,0.0000,0.0000,0.0000
1781736775.786,motion_disabled,DRIVE,False,False,0.0000,0.0000,-0.0000,0.0000,False,4,1.4900,2.1763,0.0000,0.0000,0.0000
1781736775.867,motion_disabled,DRIVE,False,False,0.0000,0.0000,-0.0000,0.0000,False,4,1.4900,2.1763,0.0000,0.0000,0.0000
1781736775.947,motion_disabled,DRIVE,False,False,0.0000,0.0000,-0.0000,0.0000,False,4,1.4900,2.1763,0.0000,0.0000,0.0000
1781736776.027,motion_disabled,DRIVE,False,False,0.0000,0.0000,-0.0000,0.0000,False,4,1.4900,2.1763,0.0000,0.0000,0.0000
1781736776.106,motion_disabled,DRIVE,False,False,0.0000,0.0000,-0.0000,0.0000,False,4,1.4900,2.1763,0.0000,0.0000,0.0000
1781736776.186,motion_disabled,DRIVE,False,False,0.0000,0.0000,-0.0000,0.0000,False,4,1.4900,2.1763,0.0000,0.0000,0.0000
1781736776.267,motion_disabled,DRIVE,False,False,0.0000,0.0000,-0.0000,0.0000,False,4,1.4900,2.1763,0.0000,0.0000,0.0000
1781736776.346,motion_disabled,DRIVE,False,False,0.0000,0.0000,-0.0000,0.0000,False,4,1.4900,2.1763,0.0000,0.0000,0.0000
1781736776.426,motion_disabled,DRIVE,False,False,0.0000,0.0000,-0.0000,0.0000,False,4,1.4900,2.1763,0.0000,0.0000,0.0000
1781736776.507,motion_disabled,DRIVE,False,False,0.0000,0.0000,-0.0000,0.0000,False,4,1.4900,2.1763,0.0000,0.0000,0.0000
1781736776.586,motion_disabled,DRIVE,False,False,0.0000,0.0000,-0.0000,0.0000,False,4,1.4900,2.1763,0.0000,0.0000,0.0000
1781736776.666,motion_disabled,DRIVE,False,False,0.0000,0.0000,-0.0000,0.0000,False,4,1.4900,2.1763,0.0000,0.0000,0.0000
1781736776.746,motion_disabled,DRIVE,False,False,0.0000,0.0000,-0.0000,0.0000,False,4,1.4900,2.1763,0.0000,0.0000,0.0000
1781736776.827,motion_disabled,DRIVE,False,False,0.0000,0.0000,-0.0000,0.0000,False,4,1.4900,2.1763,0.0000,0.0000,0.0000
1781736776.906,motion_disabled,DRIVE,False,False,0.0000,0.0000,-0.0000,0.0000,False,4,1.4900,2.1763,0.0000,0.0000,0.0000
1781736776.986,motion_disabled,DRIVE,False,False,0.0000,0.0000,-0.0000,0.0000,False,4,1.4900,2.1763,0.0000,0.0000,0.0000
1781736777.067,motion_disabled,DRIVE,False,False,0.0000,0.0000,-0.0000,0.0000,False,4,1.4900,2.1763,0.0000,0.0000,0.0000
1781736777.146,motion_disabled,DRIVE,False,False,0.0000,0.0000,-0.0000,0.0000,False,4,1.4900,2.1763,0.0000,0.0000,0.0000
1781736777.227,motion_disabled,DRIVE,False,False,0.0000,0.0000,-0.0000,0.0000,False,4,1.4900,2.1763,0.0000,0.0000,0.0000
1781736777.306,motion_disabled,DRIVE,False,False,0.0000,0.0000,-0.0000,0.0000,False,4,1.4900,2.1763,0.0000,0.0000,0.0000
1781736777.388,motion_disabled,DRIVE,False,False,0.0000,0.0000,-0.0000,0.0000,False,4,1.4900,2.1763,0.0000,0.0000,0.0000
1781736777.466,motion_disabled,DRIVE,False,False,0.0000,0.0000,-0.0000,0.0000,False,4,1.4900,2.1763,0.0000,0.0000,0.0000
1781736777.547,motion_disabled,DRIVE,False,False,0.0000,0.0000,-0.0000,0.0000,False,4,1.4900,2.1763,0.0000,0.0000,0.0000
1781736777.628,motion_disabled,DRIVE,False,False,0.0000,0.0000,-0.0000,0.0000,False,4,1.4900,2.1763,0.0000,0.0000,0.0000
1781736777.706,motion_disabled,DRIVE,False,False,0.0000,0.0000,-0.0000,0.0000,False,4,1.4900,2.1763,0.0000,0.0000,0.0000
1781736777.787,motion_disabled,DRIVE,False,False,0.0000,0.0000,-0.0000,0.0000,False,4,1.4900,2.1763,0.0000,0.0000,0.0000
1781736777.866,motion_disabled,DRIVE,False,False,0.0000,0.0000,-0.0000,0.0000,False,4,1.4900,2.1763,0.0000,0.0000,0.0000
1781736777.947,motion_disabled,DRIVE,False,False,0.0000,0.0000,-0.0000,0.0000,False,4,1.4900,2.1763,0.0000,0.0000,0.0000
1781736778.027,motion_disabled,DRIVE,False,False,0.0000,0.0000,-0.0000,0.0000,False,4,1.4900,2.1763,0.0000,0.0000,0.0000
1781736778.106,motion_disabled,DRIVE,False,False,0.0000,0.0000,-0.0000,0.0000,False,4,1.4900,2.1763,0.0000,0.0000,0.0000
1781736778.187,motion_disabled,DRIVE,False,False,0.0000,0.0000,-0.0000,0.0000,False,4,1.4900,2.1763,0.0000,0.0000,0.0000
1781736778.267,motion_disabled,DRIVE,False,False,0.0000,0.0000,-0.0000,0.0000,False,4,1.4900,2.1763,0.0000,0.0000,0.0000
1781736778.347,motion_disabled,DRIVE,False,False,0.0000,0.0000,-0.0000,0.0000,False,4,1.4900,2.1763,0.0000,0.0000,0.0000
1781736778.427,motion_disabled,DRIVE,False,False,0.0000,0.0000,-0.0000,0.0000,False,4,1.4900,2.1763,0.0000,0.0000,0.0000
1781736778.506,motion_disabled,DRIVE,False,False,0.0000,0.0000,-0.0000,0.0000,False,4,1.4900,2.1763,0.0000,0.0000,0.0000
1781736778.586,motion_disabled,DRIVE,False,False,0.0000,0.0000,-0.0000,0.0000,False,4,1.4900,2.1763,0.0000,0.0000,0.0000
1781736778.666,motion_disabled,DRIVE,False,False,0.0000,0.0000,-0.0000,0.0000,False,4,1.4900,2.1763,0.0000,0.0000,0.0000
1781736778.748,motion_disabled,DRIVE,False,False,0.0000,0.0000,-0.0000,0.0000,False,4,1.4900,2.1763,0.0000,0.0000,0.0000
1781736778.827,motion_disabled,DRIVE,False,False,0.0000,0.0000,-0.0000,0.0000,False,4,1.4900,2.1763,0.0000,0.0000,0.0000
1781736778.919,motion_disabled,DRIVE,False,False,0.0000,0.0000,-0.0000,0.0000,False,4,1.4900,2.1763,0.0000,0.0000,0.0000
1781736778.986,motion_disabled,DRIVE,False,False,0.0000,0.0000,-0.0000,0.0000,False,4,1.4900,2.1763,0.0000,0.0000,0.0000
1781736779.066,motion_disabled,DRIVE,False,False,0.0000,0.0000,-0.0000,0.0000,False,4,1.4900,2.1763,0.0000,0.0000,0.0000
1781736779.146,motion_disabled,DRIVE,False,False,0.0000,0.0000,-0.0000,0.0000,False,4,1.4900,2.1763,0.0000,0.0000,0.0000
1781736779.226,motion_disabled,DRIVE,False,False,0.0000,0.0000,-0.0000,0.0000,False,4,1.4900,2.1763,0.0000,0.0000,0.0000
1781736779.306,motion_disabled,DRIVE,False,False,0.0000,0.0000,-0.0000,0.0000,False,4,1.4900,2.1763,0.0000,0.0000,0.0000
1781736779.386,motion_disabled,DRIVE,False,False,0.0000,0.0000,-0.0000,0.0000,False,4,1.4900,2.1763,0.0000,0.0000,0.0000
1781736779.466,motion_disabled,DRIVE,False,False,0.0000,0.0000,-0.0000,0.0000,False,4,1.4900,2.1763,0.0000,0.0000,0.0000
1781736779.546,motion_disabled,DRIVE,False,False,0.0000,0.0000,-0.0000,0.0000,False,4,1.4900,2.1763,0.0000,0.0000,0.0000
1781736779.626,motion_disabled,DRIVE,False,False,0.0000,0.0000,-0.0000,0.0000,False,4,1.4900,2.1763,0.0000,0.0000,0.0000
1781736779.707,motion_disabled,DRIVE,False,False,0.0000,0.0000,-0.0000,0.0000,False,4,1.4900,2.1763,0.0000,0.0000,0.0000
1781736779.787,motion_disabled,DRIVE,False,False,0.0000,0.0000,-0.0000,0.0000,False,4,1.4900,2.1763,0.0000,0.0000,0.0000
1781736779.866,motion_disabled,DRIVE,False,False,0.0000,0.0000,-0.0000,0.0000,False,4,1.4900,2.1763,0.0000,0.0000,0.0000
1781736779.946,motion_disabled,DRIVE,False,False,0.0000,0.0000,-0.0000,0.0000,False,4,1.4900,2.1763,0.0000,0.0000,0.0000
1781736780.027,motion_disabled,DRIVE,False,False,0.0000,0.0000,-0.0000,0.0000,False,4,1.4900,2.1763,0.0000,0.0000,0.0000
1781736780.106,motion_disabled,DRIVE,False,False,0.0000,0.0000,-0.0000,0.0000,False,4,1.4900,2.1763,0.0000,0.0000,0.0000
1781736780.186,motion_disabled,DRIVE,False,False,0.0000,0.0000,-0.0000,0.0000,False,4,1.4900,2.1763,0.0000,0.0000,0.0000
1781736780.266,motion_disabled,DRIVE,False,False,0.0000,0.0000,-0.0000,0.0000,False,4,1.4900,2.1763,0.0000,0.0000,0.0000
1781736780.346,motion_disabled,DRIVE,False,False,0.0000,0.0000,-0.0000,0.0000,False,4,1.4900,2.1763,0.0000,0.0000,0.0000
1781736780.426,motion_disabled,DRIVE,False,False,0.0000,0.0000,-0.0000,0.0000,False,4,1.4900,2.1763,0.0000,0.0000,0.0000
1781736780.506,motion_disabled,DRIVE,False,False,0.0000,0.0000,-0.0000,0.0000,False,4,1.4900,2.1763,0.0000,0.0000,0.0000
1781736780.587,motion_disabled,DRIVE,False,False,0.0000,0.0000,-0.0000,0.0000,False,4,1.4900,2.1763,0.0000,0.0000,0.0000
1781736780.666,motion_disabled,DRIVE,False,False,0.0000,0.0000,-0.0000,0.0000,False,4,1.4900,2.1763,0.0000,0.0000,0.0000
1781736780.753,motion_disabled,DRIVE,False,False,0.0000,0.0000,-0.0000,0.0000,False,4,1.4900,2.1763,0.0000,0.0000,0.0000
1781736780.832,motion_disabled,DRIVE,False,False,0.0000,0.0000,-0.0000,0.0000,False,4,1.4900,2.1763,0.0000,0.0000,0.0000
1781736780.906,motion_disabled,DRIVE,False,False,0.0000,0.0000,-0.0000,0.0000,False,4,1.4900,2.1763,0.0000,0.0000,0.0000
1781736780.986,motion_disabled,DRIVE,False,False,0.0000,0.0000,-0.0000,0.0000,False,4,1.4900,2.1763,0.0000,0.0000,0.0000
1781736781.066,motion_disabled,DRIVE,False,False,0.0000,0.0000,-0.0000,0.0000,False,4,1.4900,2.1763,0.0000,0.0000,0.0000
1781736781.146,motion_disabled,DRIVE,False,False,0.0000,0.0000,-0.0000,0.0000,False,4,1.4900,2.1763,0.0000,0.0000,0.0000
1781736781.226,motion_disabled,DRIVE,False,False,0.0000,0.0000,-0.0000,0.0000,False,4,1.4900,2.1763,0.0000,0.0000,0.0000
1781736781.306,motion_disabled,DRIVE,False,False,0.0000,0.0000,-0.0000,0.0000,False,4,1.4900,2.1763,0.0000,0.0000,0.0000
1781736781.386,motion_disabled,DRIVE,False,False,0.0000,0.0000,-0.0000,0.0000,False,4,1.4900,2.1763,0.0000,0.0000,0.0000
1781736781.466,motion_disabled,DRIVE,False,False,0.0000,0.0000,-0.0000,0.0000,False,4,1.4900,2.1763,0.0000,0.0000,0.0000
1781736781.547,motion_disabled,DRIVE,False,False,0.0000,0.0000,-0.0000,0.0000,False,4,1.4900,2.1763,0.0000,0.0000,0.0000
1781736781.627,motion_disabled,DRIVE,False,False,0.0000,0.0000,-0.0000,0.0000,False,4,1.4900,2.1763,0.0000,0.0000,0.0000
1781736781.706,motion_disabled,DRIVE,False,False,0.0000,0.0000,-0.0000,0.0000,False,4,1.4900,2.1763,0.0000,0.0000,0.0000
1781736781.786,motion_disabled,DRIVE,False,False,0.0000,0.0000,-0.0000,0.0000,False,4,1.4900,2.1763,0.0000,0.0000,0.0000
1781736781.866,motion_disabled,DRIVE,False,False,0.0000,0.0000,-0.0000,0.0000,False,4,1.4900,2.1763,0.0000,0.0000,0.0000
1781736781.946,motion_disabled,DRIVE,False,False,0.0000,0.0000,-0.0000,0.0000,False,4,1.4900,2.1763,0.0000,0.0000,0.0000
1781736782.026,motion_disabled,DRIVE,False,False,0.0000,0.0000,-0.0000,0.0000,False,4,1.4900,2.1763,0.0000,0.0000,0.0000
1781736782.108,motion_disabled,DRIVE,False,False,0.0000,0.0000,-0.0000,0.0000,False,4,1.4900,2.1763,0.0000,0.0000,0.0000
1781736782.186,motion_disabled,DRIVE,False,False,0.0000,0.0000,-0.0000,0.0000,False,4,1.4900,2.1763,0.0000,0.0000,0.0000
1781736782.266,motion_disabled,DRIVE,False,False,0.0000,0.0000,-0.0000,0.0000,False,4,1.4900,2.1763,0.0000,0.0000,0.0000
1781736782.346,motion_disabled,DRIVE,False,False,0.0000,0.0000,-0.0000,0.0000,False,4,1.4900,2.1763,0.0000,0.0000,0.0000
1781736782.427,motion_disabled,DRIVE,False,False,0.0000,0.0000,-0.0000,0.0000,False,4,1.4900,2.1763,0.0000,0.0000,0.0000
1781736782.507,motion_disabled,DRIVE,False,False,0.0000,0.0000,-0.0000,0.0000,False,4,1.4900,2.1763,0.0000,0.0000,0.0000
1781736782.586,motion_disabled,DRIVE,False,False,0.0000,0.0000,-0.0000,0.0000,False,4,1.4900,2.1763,0.0000,0.0000,0.0000
1781736782.666,motion_disabled,DRIVE,False,False,0.0000,0.0000,-0.0000,0.0000,False,4,1.4900,2.1763,0.0000,0.0000,0.0000
1781736782.746,motion_disabled,DRIVE,False,False,0.0000,0.0000,-0.0000,0.0000,False,4,1.4900,2.1763,0.0000,0.0000,0.0000
1781736782.827,motion_disabled,DRIVE,False,False,0.0000,0.0000,-0.0000,0.0000,False,4,1.4900,2.1763,0.0000,0.0000,0.0000
1781736782.907,motion_disabled,DRIVE,False,False,0.0000,0.0000,-0.0000,0.0000,False,4,1.4900,2.1763,0.0000,0.0000,0.0000
1781736782.987,motion_disabled,DRIVE,False,False,0.0000,0.0000,-0.0000,0.0000,False,4,1.4900,2.1763,0.0000,0.0000,0.0000
1781736783.067,motion_disabled,DRIVE,False,False,0.0000,0.0000,-0.0000,0.0000,False,4,1.4900,2.1763,0.0000,0.0000,0.0000
1781736783.147,motion_disabled,DRIVE,False,False,0.0000,0.0000,-0.0000,0.0000,False,4,1.4900,2.1763,0.0000,0.0000,0.0000
1781736783.227,motion_disabled,DRIVE,False,False,0.0000,0.0000,-0.0000,0.0000,False,4,1.4900,2.1763,0.0000,0.0000,0.0000
1781736783.306,motion_disabled,DRIVE,False,False,0.0000,0.0000,-0.0000,0.0000,False,4,1.4900,2.1763,0.0000,0.0000,0.0000
1781736783.394,motion_disabled,DRIVE,False,False,0.0000,0.0000,-0.0000,0.0000,False,4,1.4900,2.1763,0.0000,0.0000,0.0000
1781736783.466,motion_disabled,DRIVE,False,False,0.0000,0.0000,-0.0000,0.0000,False,4,1.4900,2.1763,0.0000,0.0000,0.0000
1781736783.547,motion_disabled,DRIVE,False,False,0.0000,0.0000,-0.0000,0.0000,False,4,1.4900,2.1763,0.0000,0.0000,0.0000
1781736783.627,motion_disabled,DRIVE,False,False,0.0000,0.0000,-0.0000,0.0000,False,4,1.4900,2.1763,0.0000,0.0000,0.0000
1781736783.706,motion_disabled,DRIVE,False,False,0.0000,0.0000,-0.0000,0.0000,False,4,1.4900,2.1763,0.0000,0.0000,0.0000
1781736783.786,motion_disabled,DRIVE,False,False,0.0000,0.0000,-0.0000,0.0000,False,4,1.4900,2.1763,0.0000,0.0000,0.0000
1781736783.866,motion_disabled,DRIVE,False,False,0.0000,0.0000,-0.0000,0.0000,False,4,1.4900,2.1763,0.0000,0.0000,0.0000
1781736783.946,motion_disabled,DRIVE,False,False,0.0000,0.0000,-0.0000,0.0000,False,4,1.4900,2.1763,0.0000,0.0000,0.0000
1781736784.028,motion_disabled,DRIVE,False,False,0.0000,0.0000,-0.0000,0.0000,False,4,1.4900,2.1763,0.0000,0.0000,0.0000
1781736784.106,motion_disabled,DRIVE,False,False,0.0000,0.0000,-0.0000,0.0000,False,4,1.4900,2.1763,0.0000,0.0000,0.0000
1781736784.186,motion_disabled,DRIVE,False,False,0.0000,0.0000,-0.0000,0.0000,False,4,1.4900,2.1763,0.0000,0.0000,0.0000
1781736784.267,motion_disabled,DRIVE,False,False,0.0000,0.0000,-0.0000,0.0000,False,4,1.4900,2.1763,0.0000,0.0000,0.0000
1781736784.347,motion_disabled,DRIVE,False,False,0.0000,0.0000,-0.0000,0.0000,False,4,1.4900,2.1763,0.0000,0.0000,0.0000
1781736784.427,motion_disabled,DRIVE,False,False,0.0000,0.0000,-0.0000,0.0000,False,4,1.4900,2.1763,0.0000,0.0000,0.0000
1781736784.506,motion_disabled,DRIVE,False,False,0.0000,0.0000,-0.0000,0.0000,False,4,1.4900,2.1763,0.0000,0.0000,0.0000
1781736784.586,motion_disabled,DRIVE,False,False,0.0000,0.0000,-0.0000,0.0000,False,4,1.4900,2.1763,0.0000,0.0000,0.0000
1781736784.666,motion_disabled,DRIVE,False,False,0.0000,0.0000,-0.0000,0.0000,False,4,1.4900,2.1763,0.0000,0.0000,0.0000
1781736784.746,motion_disabled,DRIVE,False,False,0.0000,0.0000,-0.0000,0.0000,False,4,1.4900,2.1763,0.0000,0.0000,0.0000
1781736784.827,motion_disabled,DRIVE,False,False,0.0000,0.0000,-0.0000,0.0000,False,4,1.4900,2.1763,0.0000,0.0000,0.0000
1781736784.906,motion_disabled,DRIVE,False,False,0.0000,0.0000,-0.0000,0.0000,False,4,1.4900,2.1763,0.0000,0.0000,0.0000
1781736784.986,motion_disabled,DRIVE,False,False,0.0000,0.0000,-0.0000,0.0000,False,4,1.4900,2.1763,0.0000,0.0000,0.0000
1781736785.066,motion_disabled,DRIVE,False,False,0.0000,0.0000,-0.0000,0.0000,False,4,1.4900,2.1763,0.0000,0.0000,0.0000
1781736785.146,motion_disabled,DRIVE,False,False,0.0000,0.0000,-0.0000,0.0000,False,4,1.4900,2.1763,0.0000,0.0000,0.0000
1781736785.227,motion_disabled,DRIVE,False,False,0.0000,0.0000,-0.0000,0.0000,False,4,1.4900,2.1763,0.0000,0.0000,0.0000
1781736785.306,motion_disabled,DRIVE,False,False,0.0000,0.0000,-0.0000,0.0000,False,4,1.4900,2.1763,0.0000,0.0000,0.0000
1781736785.386,motion_disabled,DRIVE,False,False,0.0000,0.0000,-0.0000,0.0000,False,4,1.4900,2.1763,0.0000,0.0000,0.0000
1781736785.466,motion_disabled,DRIVE,False,False,0.0000,0.0000,-0.0000,0.0000,False,4,1.4900,2.1763,0.0000,0.0000,0.0000
1781736785.546,motion_disabled,DRIVE,False,False,0.0000,0.0000,-0.0000,0.0000,False,4,1.4900,2.1763,0.0000,0.0000,0.0000
1781736785.626,motion_disabled,DRIVE,False,False,0.0000,0.0000,-0.0000,0.0000,False,4,1.4900,2.1763,0.0000,0.0000,0.0000
1781736785.707,motion_disabled,DRIVE,False,False,0.0000,0.0000,-0.0000,0.0000,False,4,1.4900,2.1763,0.0000,0.0000,0.0000
1781736785.787,motion_disabled,DRIVE,False,False,0.0000,0.0000,-0.0000,0.0000,False,4,1.4900,2.1763,0.0000,0.0000,0.0000
1781736785.867,motion_disabled,DRIVE,False,False,0.0000,0.0000,-0.0000,0.0000,False,4,1.4900,2.1763,0.0000,0.0000,0.0000
1781736785.946,motion_disabled,DRIVE,False,False,0.0000,0.0000,-0.0000,0.0000,False,4,1.4900,2.1763,0.0000,0.0000,0.0000
1781736786.026,motion_disabled,DRIVE,False,False,0.0000,0.0000,-0.0000,0.0000,False,4,1.4900,2.1763,0.0000,0.0000,0.0000
1781736786.106,motion_disabled,DRIVE,False,False,0.0000,0.0000,-0.0000,0.0000,False,4,1.4900,2.1763,0.0000,0.0000,0.0000
1781736786.186,motion_disabled,DRIVE,False,False,0.0000,0.0000,-0.0000,0.0000,False,4,1.4900,2.1763,0.0000,0.0000,0.0000
1781736786.266,motion_disabled,DRIVE,False,False,0.0000,0.0000,-0.0000,0.0000,False,4,1.4900,2.1763,0.0000,0.0000,0.0000
1781736786.347,motion_disabled,DRIVE,False,False,0.0000,0.0000,-0.0000,0.0000,False,4,1.4900,2.1763,0.0000,0.0000,0.0000
1781736786.427,motion_disabled,DRIVE,False,False,0.0000,0.0000,-0.0000,0.0000,False,4,1.4900,2.1763,0.0000,0.0000,0.0000
1781736786.506,motion_disabled,DRIVE,False,False,0.0000,0.0000,-0.0000,0.0000,False,4,1.4900,2.1763,0.0000,0.0000,0.0000
1781736786.586,motion_disabled,DRIVE,False,False,0.0000,0.0000,-0.0000,0.0000,False,4,1.4900,2.1763,0.0000,0.0000,0.0000
1781736786.667,motion_disabled,DRIVE,False,False,0.0000,0.0000,-0.0000,0.0000,False,4,1.4900,2.1763,0.0000,0.0000,0.0000
1781736786.746,motion_disabled,DRIVE,False,False,0.0000,0.0000,-0.0000,0.0000,False,4,1.4900,2.1763,0.0000,0.0000,0.0000
1781736786.828,motion_disabled,DRIVE,False,False,0.0000,0.0000,-0.0000,0.0000,False,4,1.4900,2.1763,0.0000,0.0000,0.0000
1781736786.906,motion_disabled,DRIVE,False,False,0.0000,0.0000,-0.0000,0.0000,False,4,1.4900,2.1763,0.0000,0.0000,0.0000
1781736786.986,motion_disabled,DRIVE,False,False,0.0000,0.0000,-0.0000,0.0000,False,4,1.4900,2.1763,0.0000,0.0000,0.0000
1781736787.066,motion_disabled,DRIVE,False,False,0.0000,0.0000,-0.0000,0.0000,False,4,1.4900,2.1763,0.0000,0.0000,0.0000
1781736787.146,motion_disabled,DRIVE,False,False,0.0000,0.0000,-0.0000,0.0000,False,4,1.4900,2.1763,0.0000,0.0000,0.0000
1781736787.227,motion_disabled,DRIVE,False,False,0.0000,0.0000,-0.0000,0.0000,False,4,1.4900,2.1763,0.0000,0.0000,0.0000
1781736787.306,motion_disabled,DRIVE,False,False,0.0000,0.0000,-0.0000,0.0000,False,4,1.4900,2.1763,0.0000,0.0000,0.0000
1781736787.388,motion_disabled,DRIVE,False,False,0.0000,0.0000,-0.0000,0.0000,False,4,1.4900,2.1763,0.0000,0.0000,0.0000
1781736787.466,motion_disabled,DRIVE,False,False,0.0000,0.0000,-0.0000,0.0000,False,4,1.4900,2.1763,0.0000,0.0000,0.0000
1781736787.546,motion_disabled,DRIVE,False,False,0.0000,0.0000,-0.0000,0.0000,False,4,1.4900,2.1763,0.0000,0.0000,0.0000
1781736787.626,motion_disabled,DRIVE,False,False,0.0000,0.0000,-0.0000,0.0000,False,4,1.4900,2.1763,0.0000,0.0000,0.0000
1781736787.706,motion_disabled,DRIVE,False,False,0.0000,0.0000,-0.0000,0.0000,False,4,1.4900,2.1763,0.0000,0.0000,0.0000
1781736787.786,motion_disabled,DRIVE,False,False,0.0000,0.0000,-0.0000,0.0000,False,4,1.4900,2.1763,0.0000,0.0000,0.0000
1781736787.866,motion_disabled,DRIVE,False,False,0.0000,0.0000,-0.0000,0.0000,False,4,1.4900,2.1763,0.0000,0.0000,0.0000
1781736787.947,motion_disabled,DRIVE,False,False,0.0000,0.0000,-0.0000,0.0000,False,4,1.4900,2.1763,0.0000,0.0000,0.0000
1781736788.027,motion_disabled,DRIVE,False,False,0.0000,0.0000,-0.0000,0.0000,False,4,1.4900,2.1763,0.0000,0.0000,0.0000
1781736788.107,motion_disabled,DRIVE,False,False,0.0000,0.0000,-0.0000,0.0000,False,4,1.4900,2.1763,0.0000,0.0000,0.0000
1781736788.188,motion_disabled,DRIVE,False,False,0.0000,0.0000,-0.0000,0.0000,False,4,1.4900,2.1763,0.0000,0.0000,0.0000
1781736788.266,motion_disabled,DRIVE,False,False,0.0000,0.0000,-0.0000,0.0000,False,4,1.4900,2.1763,0.0000,0.0000,0.0000
1781736788.346,motion_disabled,DRIVE,False,False,0.0000,0.0000,-0.0000,0.0000,False,4,1.4900,2.1763,0.0000,0.0000,0.0000
1781736788.426,motion_disabled,DRIVE,False,False,0.0000,0.0000,-0.0000,0.0000,False,4,1.4900,2.1763,0.0000,0.0000,0.0000
1781736788.506,motion_disabled,DRIVE,False,False,0.0000,0.0000,-0.0000,0.0000,False,4,1.4900,2.1763,0.0000,0.0000,0.0000
1781736788.587,motion_disabled,DRIVE,False,False,0.0000,0.0000,-0.0000,0.0000,False,4,1.4900,2.1763,0.0000,0.0000,0.0000
1781736788.673,motion_disabled,DRIVE,False,False,0.0000,0.0000,-0.0000,0.0000,False,4,1.4900,2.1763,0.0000,0.0000,0.0000
1781736788.747,motion_disabled,DRIVE,False,False,0.0000,0.0000,-0.0000,0.0000,False,4,1.4900,2.1763,0.0000,0.0000,0.0000
1781736788.827,motion_disabled,DRIVE,False,False,0.0000,0.0000,-0.0000,0.0000,False,4,1.4900,2.1763,0.0000,0.0000,0.0000
1781736788.907,motion_disabled,DRIVE,False,False,0.0000,0.0000,-0.0000,0.0000,False,4,1.4900,2.1763,0.0000,0.0000,0.0000
1781736788.986,motion_disabled,DRIVE,False,False,0.0000,0.0000,-0.0000,0.0000,False,4,1.4900,2.1763,0.0000,0.0000,0.0000
1781736789.067,motion_disabled,DRIVE,False,False,0.0000,0.0000,-0.0000,0.0000,False,4,1.4900,2.1763,0.0000,0.0000,0.0000
1781736789.146,motion_disabled,DRIVE,False,False,0.0000,0.0000,-0.0000,0.0000,False,4,1.4900,2.1763,0.0000,0.0000,0.0000
1781736789.226,motion_disabled,DRIVE,False,False,0.0000,0.0000,-0.0000,0.0000,False,4,1.4900,2.1763,0.0000,0.0000,0.0000
1781736789.307,motion_disabled,DRIVE,False,False,0.0000,0.0000,-0.0000,0.0000,False,4,1.4900,2.1763,0.0000,0.0000,0.0000
1781736789.387,motion_disabled,DRIVE,False,False,0.0000,0.0000,-0.0000,0.0000,False,4,1.4900,2.1763,0.0000,0.0000,0.0000
1781736789.467,motion_disabled,DRIVE,False,False,0.0000,0.0000,-0.0000,0.0000,False,4,1.4900,2.1763,0.0000,0.0000,0.0000
1781736789.546,motion_disabled,DRIVE,False,False,0.0000,0.0000,-0.0000,0.0000,False,4,1.4900,2.1763,0.0000,0.0000,0.0000
1781736789.627,motion_disabled,DRIVE,False,False,0.0000,0.0000,-0.0000,0.0000,False,4,1.4900,2.1763,0.0000,0.0000,0.0000
1781736789.707,motion_disabled,DRIVE,False,False,0.0000,0.0000,-0.0000,0.0000,False,4,1.4900,2.1763,0.0000,0.0000,0.0000
1781736789.786,motion_disabled,DRIVE,False,False,0.0000,0.0000,-0.0000,0.0000,False,4,1.4900,2.1763,0.0000,0.0000,0.0000
1781736789.867,motion_disabled,DRIVE,False,False,0.0000,0.0000,-0.0000,0.0000,False,4,1.4900,2.1763,0.0000,0.0000,0.0000
1781736789.953,motion_disabled,DRIVE,False,False,0.0000,0.0000,-0.0000,0.0000,False,4,1.4900,2.1763,0.0000,0.0000,0.0000
1781736790.027,motion_disabled,DRIVE,False,False,0.0000,0.0000,-0.0000,0.0000,False,4,1.4900,2.1763,0.0000,0.0000,0.0000
1781736790.106,motion_disabled,DRIVE,False,False,0.0000,0.0000,-0.0000,0.0000,False,4,1.4900,2.1763,0.0000,0.0000,0.0000
1781736790.186,motion_disabled,DRIVE,False,False,0.0000,0.0000,-0.0000,0.0000,False,4,1.4900,2.1763,0.0000,0.0000,0.0000
1781736790.266,motion_disabled,DRIVE,False,False,0.0000,0.0000,-0.0000,0.0000,False,4,1.4900,2.1763,0.0000,0.0000,0.0000
1781736790.348,motion_disabled,DRIVE,False,False,0.0000,0.0000,-0.0000,0.0000,False,4,1.4900,2.1763,0.0000,0.0000,0.0000
1781736790.429,motion_disabled,DRIVE,False,False,0.0000,0.0000,-0.0000,0.0000,False,4,1.4900,2.1763,0.0000,0.0000,0.0000
1781736790.506,motion_disabled,DRIVE,False,False,0.0000,0.0000,-0.0000,0.0000,False,4,1.4900,2.1763,0.0000,0.0000,0.0000
1781736790.588,motion_disabled,DRIVE,False,False,0.0000,0.0000,-0.0000,0.0000,False,4,1.4900,2.1763,0.0000,0.0000,0.0000
1781736790.666,motion_disabled,DRIVE,False,False,0.0000,0.0000,-0.0000,0.0000,False,4,1.4900,2.1763,0.0000,0.0000,0.0000
1781736790.748,motion_disabled,DRIVE,False,False,0.0000,0.0000,-0.0000,0.0000,False,4,1.4900,2.1763,0.0000,0.0000,0.0000
1781736790.826,motion_disabled,DRIVE,False,False,0.0000,0.0000,-0.0000,0.0000,False,4,1.4900,2.1763,0.0000,0.0000,0.0000
1781736790.906,motion_disabled,DRIVE,False,False,0.0000,0.0000,-0.0000,0.0000,False,4,1.4900,2.1763,0.0000,0.0000,0.0000
1781736790.986,motion_disabled,DRIVE,False,False,0.0000,0.0000,-0.0000,0.0000,False,4,1.4900,2.1763,0.0000,0.0000,0.0000
1781736791.066,motion_disabled,DRIVE,False,False,0.0000,0.0000,-0.0000,0.0000,False,4,1.4900,2.1763,0.0000,0.0000,0.0000
1781736791.147,motion_disabled,DRIVE,False,False,0.0000,0.0000,-0.0000,0.0000,False,4,1.4900,2.1763,0.0000,0.0000,0.0000
1781736791.227,motion_disabled,DRIVE,False,False,0.0000,0.0000,-0.0000,0.0000,False,4,1.4900,2.1763,0.0000,0.0000,0.0000
1781736791.306,motion_disabled,DRIVE,False,False,0.0000,0.0000,-0.0000,0.0000,False,4,1.4900,2.1763,0.0000,0.0000,0.0000
1781736791.387,motion_disabled,DRIVE,False,False,0.0000,0.0000,-0.0000,0.0000,False,4,1.4900,2.1763,0.0000,0.0000,0.0000
1781736791.466,motion_disabled,DRIVE,False,False,0.0000,0.0000,-0.0000,0.0000,False,4,1.4900,2.1763,0.0000,0.0000,0.0000
1781736791.547,motion_disabled,DRIVE,False,False,0.0000,0.0000,-0.0000,0.0000,False,4,1.4900,2.1763,0.0000,0.0000,0.0000
1781736791.626,motion_disabled,DRIVE,False,False,0.0000,0.0000,-0.0000,0.0000,False,4,1.4900,2.1763,0.0000,0.0000,0.0000
1781736791.709,motion_disabled,DRIVE,False,False,0.0000,0.0000,-0.0000,0.0000,False,4,1.4900,2.1763,0.0000,0.0000,0.0000
1781736791.786,motion_disabled,DRIVE,False,False,0.0000,0.0000,-0.0000,0.0000,False,4,1.4900,2.1763,0.0000,0.0000,0.0000
1781736791.867,motion_disabled,DRIVE,False,False,0.0000,0.0000,-0.0000,0.0000,False,4,1.4900,2.1763,0.0000,0.0000,0.0000
1781736791.947,motion_disabled,DRIVE,False,False,0.0000,0.0000,-0.0000,0.0000,False,4,1.4900,2.1763,0.0000,0.0000,0.0000
1781736792.026,motion_disabled,DRIVE,False,False,0.0000,0.0000,-0.0000,0.0000,False,4,1.4900,2.1763,0.0000,0.0000,0.0000
1781736792.107,motion_disabled,DRIVE,False,False,0.0000,0.0000,-0.0000,0.0000,False,4,1.4900,2.1763,0.0000,0.0000,0.0000
1781736792.186,motion_disabled,DRIVE,False,False,0.0000,0.0000,-0.0000,0.0000,False,4,1.4900,2.1763,0.0000,0.0000,0.0000
1781736792.266,motion_disabled,DRIVE,False,False,0.0000,0.0000,-0.0000,0.0000,False,4,1.4900,2.1763,0.0000,0.0000,0.0000
1781736792.348,motion_disabled,DRIVE,False,False,0.0000,0.0000,-0.0000,0.0000,False,4,1.4900,2.1763,0.0000,0.0000,0.0000
1781736792.435,motion_disabled,DRIVE,False,False,0.0000,0.0000,-0.0000,0.0000,False,4,1.4900,2.1763,0.0000,0.0000,0.0000
1781736792.507,motion_disabled,DRIVE,False,False,0.0000,0.0000,-0.0000,0.0000,False,4,1.4900,2.1763,0.0000,0.0000,0.0000
1781736792.607,motion_disabled,DRIVE,False,False,0.0000,0.0000,-0.0000,0.0000,False,4,1.4900,2.1763,0.0000,0.0000,0.0000
1781736792.666,motion_disabled,DRIVE,False,False,0.0000,0.0000,-0.0000,0.0000,False,4,1.4900,2.1763,0.0000,0.0000,0.0000
1781736792.748,motion_disabled,DRIVE,False,False,0.0000,0.0000,-0.0000,0.0000,False,4,1.4900,2.1763,0.0000,0.0000,0.0000
1781736792.826,motion_disabled,DRIVE,False,False,0.0000,0.0000,-0.0000,0.0000,False,4,1.4900,2.1763,0.0000,0.0000,0.0000
1781736792.908,motion_disabled,DRIVE,False,False,0.0000,0.0000,-0.0000,0.0000,False,4,1.4900,2.1763,0.0000,0.0000,0.0000
1781736792.986,motion_disabled,DRIVE,False,False,0.0000,0.0000,-0.0000,0.0000,False,4,1.4900,2.1763,0.0000,0.0000,0.0000
1781736793.069,motion_disabled,DRIVE,False,False,0.0000,0.0000,-0.0000,0.0000,False,4,1.4900,2.1763,0.0000,0.0000,0.0000
1781736793.147,motion_disabled,DRIVE,False,False,0.0000,0.0000,-0.0000,0.0000,False,4,1.4900,2.1763,0.0000,0.0000,0.0000
1781736793.227,motion_disabled,DRIVE,False,False,0.0000,0.0000,-0.0000,0.0000,False,4,1.4900,2.1763,0.0000,0.0000,0.0000
1781736793.306,motion_disabled,DRIVE,False,False,0.0000,0.0000,-0.0000,0.0000,False,4,1.4900,2.1763,0.0000,0.0000,0.0000
1781736793.386,motion_disabled,DRIVE,False,False,0.0000,0.0000,-0.0000,0.0000,False,4,1.4900,2.1763,0.0000,0.0000,0.0000
1781736793.467,motion_disabled,DRIVE,False,False,0.0000,0.0000,-0.0000,0.0000,False,4,1.4900,2.1763,0.0000,0.0000,0.0000
1781736793.547,motion_disabled,DRIVE,False,False,0.0000,0.0000,-0.0000,0.0000,False,4,1.4900,2.1763,0.0000,0.0000,0.0000
1781736793.627,motion_disabled,DRIVE,False,False,0.0000,0.0000,-0.0000,0.0000,False,4,1.4900,2.1763,0.0000,0.0000,0.0000
1781736793.706,motion_disabled,DRIVE,False,False,0.0000,0.0000,-0.0000,0.0000,False,4,1.4900,2.1763,0.0000,0.0000,0.0000
1781736793.787,motion_disabled,DRIVE,False,False,0.0000,0.0000,-0.0000,0.0000,False,4,1.4900,2.1763,0.0000,0.0000,0.0000
1781736793.866,motion_disabled,DRIVE,False,False,0.0000,0.0000,-0.0000,0.0000,False,4,1.4900,2.1763,0.0000,0.0000,0.0000
1781736793.946,motion_disabled,DRIVE,False,False,0.0000,0.0000,-0.0000,0.0000,False,4,1.4900,2.1763,0.0000,0.0000,0.0000
1781736794.026,motion_disabled,DRIVE,False,False,0.0000,0.0000,-0.0000,0.0000,False,4,1.4900,2.1763,0.0000,0.0000,0.0000
1781736794.106,motion_disabled,DRIVE,False,False,0.0000,0.0000,-0.0000,0.0000,False,4,1.4900,2.1763,0.0000,0.0000,0.0000
1781736794.187,motion_disabled,DRIVE,False,False,0.0000,0.0000,-0.0000,0.0000,False,4,1.4900,2.1763,0.0000,0.0000,0.0000
1781736794.266,motion_disabled,DRIVE,False,False,0.0000,0.0000,-0.0000,0.0000,False,4,1.4900,2.1763,0.0000,0.0000,0.0000
1781736794.347,motion_disabled,DRIVE,False,False,0.0000,0.0000,-0.0000,0.0000,False,4,1.4900,2.1763,0.0000,0.0000,0.0000
1781736794.426,motion_disabled,DRIVE,False,False,0.0000,0.0000,-0.0000,0.0000,False,4,1.4900,2.1763,0.0000,0.0000,0.0000
1781736794.507,motion_disabled,DRIVE,False,False,0.0000,0.0000,-0.0000,0.0000,False,4,1.4900,2.1763,0.0000,0.0000,0.0000
1781736794.586,motion_disabled,DRIVE,False,False,0.0000,0.0000,-0.0000,0.0000,False,4,1.4900,2.1763,0.0000,0.0000,0.0000
1781736794.668,motion_disabled,DRIVE,False,False,0.0000,0.0000,-0.0000,0.0000,False,4,1.4900,2.1763,0.0000,0.0000,0.0000
1781736794.747,motion_disabled,DRIVE,False,False,0.0000,0.0000,-0.0000,0.0000,False,4,1.4900,2.1763,0.0000,0.0000,0.0000
1781736794.826,motion_disabled,DRIVE,False,False,0.0000,0.0000,-0.0000,0.0000,False,4,1.4900,2.1763,0.0000,0.0000,0.0000
1781736794.907,motion_disabled,DRIVE,False,False,0.0000,0.0000,-0.0000,0.0000,False,4,1.4900,2.1763,0.0000,0.0000,0.0000
1781736794.986,motion_disabled,DRIVE,False,False,0.0000,0.0000,-0.0000,0.0000,False,4,1.4900,2.1763,0.0000,0.0000,0.0000
1781736795.066,motion_disabled,DRIVE,False,False,0.0000,0.0000,-0.0000,0.0000,False,4,1.4900,2.1763,0.0000,0.0000,0.0000
1781736795.146,motion_disabled,DRIVE,False,False,0.0000,0.0000,-0.0000,0.0000,False,4,1.4900,2.1763,0.0000,0.0000,0.0000
1781736795.226,motion_disabled,DRIVE,False,False,0.0000,0.0000,-0.0000,0.0000,False,4,1.4900,2.1763,0.0000,0.0000,0.0000
1781736795.311,motion_disabled,DRIVE,False,False,0.0000,0.0000,-0.0000,0.0000,False,4,1.4900,2.1763,0.0000,0.0000,0.0000
1781736795.386,motion_disabled,DRIVE,False,False,0.0000,0.0000,-0.0000,0.0000,False,4,1.4900,2.1763,0.0000,0.0000,0.0000
1781736795.466,motion_disabled,DRIVE,False,False,0.0000,0.0000,-0.0000,0.0000,False,4,1.4900,2.1763,0.0000,0.0000,0.0000
1781736795.549,motion_disabled,DRIVE,False,False,0.0000,0.0000,-0.0000,0.0000,False,4,1.4900,2.1763,0.0000,0.0000,0.0000
1781736795.626,motion_disabled,DRIVE,False,False,0.0000,0.0000,-0.0000,0.0000,False,4,1.4900,2.1763,0.0000,0.0000,0.0000
1781736795.707,motion_disabled,DRIVE,False,False,0.0000,0.0000,-0.0000,0.0000,False,4,1.4900,2.1763,0.0000,0.0000,0.0000
1781736795.787,motion_disabled,DRIVE,False,False,0.0000,0.0000,-0.0000,0.0000,False,4,1.4900,2.1763,0.0000,0.0000,0.0000
1781736795.881,motion_disabled,DRIVE,False,False,0.0000,0.0000,-0.0000,0.0000,False,4,1.4900,2.1763,0.0000,0.0000,0.0000
1781736795.948,motion_disabled,DRIVE,False,False,0.0000,0.0000,-0.0000,0.0000,False,4,1.4900,2.1763,0.0000,0.0000,0.0000
1781736796.026,motion_disabled,DRIVE,False,False,0.0000,0.0000,-0.0000,0.0000,False,4,1.4900,2.1763,0.0000,0.0000,0.0000
1781736796.106,motion_disabled,DRIVE,False,False,0.0000,0.0000,-0.0000,0.0000,False,4,1.4900,2.1763,0.0000,0.0000,0.0000
1781736796.189,motion_disabled,DRIVE,False,False,0.0000,0.0000,-0.0000,0.0000,False,4,1.4900,2.1763,0.0000,0.0000,0.0000
1781736796.267,motion_disabled,DRIVE,False,False,0.0000,0.0000,-0.0000,0.0000,False,4,1.4900,2.1763,0.0000,0.0000,0.0000
1781736796.346,motion_disabled,DRIVE,False,False,0.0000,0.0000,-0.0000,0.0000,False,4,1.4900,2.1763,0.0000,0.0000,0.0000
1781736796.426,motion_disabled,DRIVE,False,False,0.0000,0.0000,-0.0000,0.0000,False,4,1.4900,2.1763,0.0000,0.0000,0.0000
1781736796.506,motion_disabled,DRIVE,False,False,0.0000,0.0000,-0.0000,0.0000,False,4,1.4900,2.1763,0.0000,0.0000,0.0000
1781736796.586,motion_disabled,DRIVE,False,False,0.0000,0.0000,-0.0000,0.0000,False,4,1.4900,2.1763,0.0000,0.0000,0.0000
1781736796.670,motion_disabled,DRIVE,False,False,0.0000,0.0000,-0.0000,0.0000,False,4,1.4900,2.1763,0.0000,0.0000,0.0000
1781736796.746,motion_disabled,DRIVE,False,False,0.0000,0.0000,-0.0000,0.0000,False,4,1.4900,2.1763,0.0000,0.0000,0.0000
1781736796.827,motion_disabled,DRIVE,False,False,0.0000,0.0000,-0.0000,0.0000,False,4,1.4900,2.1763,0.0000,0.0000,0.0000
1781736796.927,motion_disabled,DRIVE,False,False,0.0000,0.0000,-0.0000,0.0000,False,4,1.4900,2.1763,0.0000,0.0000,0.0000
1781736796.991,motion_disabled,DRIVE,False,False,0.0000,0.0000,-0.0000,0.0000,False,4,1.4900,2.1763,0.0000,0.0000,0.0000
1781736797.069,motion_disabled,DRIVE,False,False,0.0000,0.0000,-0.0000,0.0000,False,4,1.4900,2.1763,0.0000,0.0000,0.0000
1781736797.146,motion_disabled,DRIVE,False,False,0.0000,0.0000,-0.0000,0.0000,False,4,1.4900,2.1763,0.0000,0.0000,0.0000
1781736797.228,motion_disabled,DRIVE,False,False,0.0000,0.0000,-0.0000,0.0000,False,4,1.4900,2.1763,0.0000,0.0000,0.0000
1781736797.306,motion_disabled,DRIVE,False,False,0.0000,0.0000,-0.0000,0.0000,False,4,1.4900,2.1763,0.0000,0.0000,0.0000
1781736797.391,motion_disabled,DRIVE,False,False,0.0000,0.0000,-0.0000,0.0000,False,4,1.4900,2.1763,0.0000,0.0000,0.0000
1781736797.467,motion_disabled,DRIVE,False,False,0.0000,0.0000,-0.0000,0.0000,False,4,1.4900,2.1763,0.0000,0.0000,0.0000
1781736797.546,motion_disabled,DRIVE,False,False,0.0000,0.0000,-0.0000,0.0000,False,4,1.4900,2.1763,0.0000,0.0000,0.0000
1781736797.626,motion_disabled,DRIVE,False,False,0.0000,0.0000,-0.0000,0.0000,False,4,1.4900,2.1763,0.0000,0.0000,0.0000
1781736797.706,motion_disabled,DRIVE,False,False,0.0000,0.0000,-0.0000,0.0000,False,4,1.4900,2.1763,0.0000,0.0000,0.0000
1781736797.807,motion_disabled,DRIVE,False,False,0.0000,0.0000,-0.0000,0.0000,False,4,1.4900,2.1763,0.0000,0.0000,0.0000
1781736797.867,motion_disabled,DRIVE,False,False,0.0000,0.0000,-0.0000,0.0000,False,4,1.4900,2.1763,0.0000,0.0000,0.0000
1781736797.947,motion_disabled,DRIVE,False,False,0.0000,0.0000,-0.0000,0.0000,False,4,1.4900,2.1763,0.0000,0.0000,0.0000
1781736798.027,motion_disabled,DRIVE,False,False,0.0000,0.0000,-0.0000,0.0000,False,4,1.4900,2.1763,0.0000,0.0000,0.0000
1781736798.106,motion_disabled,DRIVE,False,False,0.0000,0.0000,-0.0000,0.0000,False,4,1.4900,2.1763,0.0000,0.0000,0.0000
1781736798.191,motion_disabled,DRIVE,False,False,0.0000,0.0000,-0.0000,0.0000,False,4,1.4900,2.1763,0.0000,0.0000,0.0000
1781736798.266,motion_disabled,DRIVE,False,False,0.0000,0.0000,-0.0000,0.0000,False,4,1.4900,2.1763,0.0000,0.0000,0.0000
1781736798.347,motion_disabled,DRIVE,False,False,0.0000,0.0000,-0.0000,0.0000,False,4,1.4900,2.1763,0.0000,0.0000,0.0000
1781736798.426,motion_disabled,DRIVE,False,False,0.0000,0.0000,-0.0000,0.0000,False,4,1.4900,2.1763,0.0000,0.0000,0.0000
1781736798.507,motion_disabled,DRIVE,False,False,0.0000,0.0000,-0.0000,0.0000,False,4,1.4900,2.1763,0.0000,0.0000,0.0000
1781736798.586,motion_disabled,DRIVE,False,False,0.0000,0.0000,-0.0000,0.0000,False,4,1.4900,2.1763,0.0000,0.0000,0.0000
1781736798.666,motion_disabled,DRIVE,False,False,0.0000,0.0000,-0.0000,0.0000,False,4,1.4900,2.1763,0.0000,0.0000,0.0000
1781736798.747,motion_disabled,DRIVE,False,False,0.0000,0.0000,-0.0000,0.0000,False,4,1.4900,2.1763,0.0000,0.0000,0.0000
1781736798.827,motion_disabled,DRIVE,False,False,0.0000,0.0000,-0.0000,0.0000,False,4,1.4900,2.1763,0.0000,0.0000,0.0000
1781736798.910,motion_disabled,DRIVE,False,False,0.0000,0.0000,-0.0000,0.0000,False,4,1.4900,2.1763,0.0000,0.0000,0.0000
1781736798.986,motion_disabled,DRIVE,False,False,0.0000,0.0000,-0.0000,0.0000,False,4,1.4900,2.1763,0.0000,0.0000,0.0000
1781736799.068,motion_disabled,DRIVE,False,False,0.0000,0.0000,-0.0000,0.0000,False,4,1.4900,2.1763,0.0000,0.0000,0.0000
1781736799.147,motion_disabled,DRIVE,False,False,0.0000,0.0000,-0.0000,0.0000,False,4,1.4900,2.1763,0.0000,0.0000,0.0000
1781736799.226,motion_disabled,DRIVE,False,False,0.0000,0.0000,-0.0000,0.0000,False,4,1.4900,2.1763,0.0000,0.0000,0.0000
1781736799.310,motion_disabled,DRIVE,False,False,0.0000,0.0000,-0.0000,0.0000,False,4,1.4900,2.1763,0.0000,0.0000,0.0000
1781736799.387,motion_disabled,DRIVE,False,False,0.0000,0.0000,-0.0000,0.0000,False,4,1.4900,2.1763,0.0000,0.0000,0.0000
1781736799.467,motion_disabled,DRIVE,False,False,0.0000,0.0000,-0.0000,0.0000,False,4,1.4900,2.1763,0.0000,0.0000,0.0000
1781736799.551,motion_disabled,DRIVE,False,False,0.0000,0.0000,-0.0000,0.0000,False,4,1.4900,2.1763,0.0000,0.0000,0.0000
1781736799.627,motion_disabled,DRIVE,False,False,0.0000,0.0000,-0.0000,0.0000,False,4,1.4900,2.1763,0.0000,0.0000,0.0000
1781736799.706,motion_disabled,DRIVE,False,False,0.0000,0.0000,-0.0000,0.0000,False,4,1.4900,2.1763,0.0000,0.0000,0.0000
1781736799.786,motion_disabled,DRIVE,False,False,0.0000,0.0000,-0.0000,0.0000,False,4,1.4900,2.1763,0.0000,0.0000,0.0000
1781736799.866,motion_disabled,DRIVE,False,False,0.0000,0.0000,-0.0000,0.0000,False,4,1.4900,2.1763,0.0000,0.0000,0.0000
1781736799.946,motion_disabled,DRIVE,False,False,0.0000,0.0000,-0.0000,0.0000,False,4,1.4900,2.1763,0.0000,0.0000,0.0000
1781736800.028,motion_disabled,DRIVE,False,False,0.0000,0.0000,-0.0000,0.0000,False,4,1.4900,2.1763,0.0000,0.0000,0.0000
1781736800.107,motion_disabled,DRIVE,False,False,0.0000,0.0000,-0.0000,0.0000,False,4,1.4900,2.1763,0.0000,0.0000,0.0000
1781736800.190,motion_disabled,DRIVE,False,False,0.0000,0.0000,-0.0000,0.0000,False,4,1.4900,2.1763,0.0000,0.0000,0.0000
1781736800.266,motion_disabled,DRIVE,False,False,0.0000,0.0000,-0.0000,0.0000,False,4,1.4900,2.1763,0.0000,0.0000,0.0000
1781736800.347,motion_disabled,DRIVE,False,False,0.0000,0.0000,-0.0000,0.0000,False,4,1.4900,2.1763,0.0000,0.0000,0.0000
1781736800.427,motion_disabled,DRIVE,False,False,0.0000,0.0000,-0.0000,0.0000,False,4,1.4900,2.1763,0.0000,0.0000,0.0000
1781736800.508,motion_disabled,DRIVE,False,False,0.0000,0.0000,-0.0000,0.0000,False,4,1.4900,2.1763,0.0000,0.0000,0.0000
1781736800.589,motion_disabled,DRIVE,False,False,0.0000,0.0000,-0.0000,0.0000,False,4,1.4900,2.1763,0.0000,0.0000,0.0000
1781736800.666,motion_disabled,DRIVE,False,False,0.0000,0.0000,-0.0000,0.0000,False,4,1.4900,2.1763,0.0000,0.0000,0.0000
1781736800.747,motion_disabled,DRIVE,False,False,0.0000,0.0000,-0.0000,0.0000,False,4,1.4900,2.1763,0.0000,0.0000,0.0000
1781736800.828,motion_disabled,DRIVE,False,False,0.0000,0.0000,-0.0000,0.0000,False,4,1.4900,2.1763,0.0000,0.0000,0.0000
1781736800.913,motion_disabled,DRIVE,False,False,0.0000,0.0000,-0.0000,0.0000,False,4,1.4900,2.1763,0.0000,0.0000,0.0000
1781736800.986,motion_disabled,DRIVE,False,False,0.0000,0.0000,-0.0000,0.0000,False,4,1.4900,2.1763,0.0000,0.0000,0.0000
1781736801.074,motion_disabled,DRIVE,False,False,0.0000,0.0000,-0.0000,0.0000,False,4,1.4900,2.1763,0.0000,0.0000,0.0000
1781736801.146,motion_disabled,DRIVE,False,False,0.0000,0.0000,-0.0000,0.0000,False,4,1.4900,2.1763,0.0000,0.0000,0.0000
1781736801.226,motion_disabled,DRIVE,False,False,0.0000,0.0000,-0.0000,0.0000,False,4,1.4900,2.1763,0.0000,0.0000,0.0000
1781736801.307,motion_disabled,DRIVE,False,False,0.0000,0.0000,-0.0000,0.0000,False,4,1.4900,2.1763,0.0000,0.0000,0.0000
1781736801.387,motion_disabled,DRIVE,False,False,0.0000,0.0000,-0.0000,0.0000,False,4,1.4900,2.1763,0.0000,0.0000,0.0000
1781736801.466,motion_disabled,DRIVE,False,False,0.0000,0.0000,-0.0000,0.0000,False,4,1.4900,2.1763,0.0000,0.0000,0.0000
1781736801.548,motion_disabled,DRIVE,False,False,0.0000,0.0000,-0.0000,0.0000,False,4,1.4900,2.1763,0.0000,0.0000,0.0000
1781736801.627,motion_disabled,DRIVE,False,False,0.0000,0.0000,-0.0000,0.0000,False,4,1.4900,2.1763,0.0000,0.0000,0.0000
1781736801.706,motion_disabled,DRIVE,False,False,0.0000,0.0000,-0.0000,0.0000,False,4,1.4900,2.1763,0.0000,0.0000,0.0000
1781736801.786,motion_disabled,DRIVE,False,False,0.0000,0.0000,-0.0000,0.0000,False,4,1.4900,2.1763,0.0000,0.0000,0.0000
1781736801.866,motion_disabled,DRIVE,False,False,0.0000,0.0000,-0.0000,0.0000,False,4,1.4900,2.1763,0.0000,0.0000,0.0000
1781736801.947,motion_disabled,DRIVE,False,False,0.0000,0.0000,-0.0000,0.0000,False,4,1.4900,2.1763,0.0000,0.0000,0.0000
1781736802.026,motion_disabled,DRIVE,False,False,0.0000,0.0000,-0.0000,0.0000,False,4,1.4900,2.1763,0.0000,0.0000,0.0000
1781736802.106,motion_disabled,DRIVE,False,False,0.0000,0.0000,-0.0000,0.0000,False,4,1.4900,2.1763,0.0000,0.0000,0.0000
1781736802.186,motion_disabled,DRIVE,False,False,0.0000,0.0000,-0.0000,0.0000,False,4,1.4900,2.1763,0.0000,0.0000,0.0000
1781736802.266,motion_disabled,DRIVE,False,False,0.0000,0.0000,-0.0000,0.0000,False,4,1.4900,2.1763,0.0000,0.0000,0.0000
1781736802.346,motion_disabled,DRIVE,False,False,0.0000,0.0000,-0.0000,0.0000,False,4,1.4900,2.1763,0.0000,0.0000,0.0000
1781736802.426,motion_disabled,DRIVE,False,False,0.0000,0.0000,-0.0000,0.0000,False,4,1.4900,2.1763,0.0000,0.0000,0.0000
1781736802.506,motion_disabled,DRIVE,False,False,0.0000,0.0000,-0.0000,0.0000,False,4,1.4900,2.1763,0.0000,0.0000,0.0000
1781736802.586,motion_disabled,DRIVE,False,False,0.0000,0.0000,-0.0000,0.0000,False,4,1.4900,2.1763,0.0000,0.0000,0.0000
1781736802.667,motion_disabled,DRIVE,False,False,0.0000,0.0000,-0.0000,0.0000,False,4,1.4900,2.1763,0.0000,0.0000,0.0000
1781736802.749,motion_disabled,DRIVE,False,False,0.0000,0.0000,-0.0000,0.0000,False,4,1.4900,2.1763,0.0000,0.0000,0.0000
1781736802.827,motion_disabled,DRIVE,False,False,0.0000,0.0000,-0.0000,0.0000,False,4,1.4900,2.1763,0.0000,0.0000,0.0000
1781736802.906,motion_disabled,DRIVE,False,False,0.0000,0.0000,-0.0000,0.0000,False,4,1.4900,2.1763,0.0000,0.0000,0.0000
1781736802.987,motion_disabled,DRIVE,False,False,0.0000,0.0000,-0.0000,0.0000,False,4,1.4900,2.1763,0.0000,0.0000,0.0000
1781736803.066,motion_disabled,DRIVE,False,False,0.0000,0.0000,-0.0000,0.0000,False,4,1.4900,2.1763,0.0000,0.0000,0.0000
1781736803.147,motion_disabled,DRIVE,False,False,0.0000,0.0000,-0.0000,0.0000,False,4,1.4900,2.1763,0.0000,0.0000,0.0000
1781736803.227,motion_disabled,DRIVE,False,False,0.0000,0.0000,-0.0000,0.0000,False,4,1.4900,2.1763,0.0000,0.0000,0.0000
1781736803.310,motion_disabled,DRIVE,False,False,0.0000,0.0000,-0.0000,0.0000,False,4,1.4900,2.1763,0.0000,0.0000,0.0000
1781736803.387,motion_disabled,DRIVE,False,False,0.0000,0.0000,-0.0000,0.0000,False,4,1.4900,2.1763,0.0000,0.0000,0.0000
1781736803.467,motion_disabled,DRIVE,False,False,0.0000,0.0000,-0.0000,0.0000,False,4,1.4900,2.1763,0.0000,0.0000,0.0000
1781736803.547,motion_disabled,DRIVE,False,False,0.0000,0.0000,-0.0000,0.0000,False,4,1.4900,2.1763,0.0000,0.0000,0.0000
1781736803.627,motion_disabled,DRIVE,False,False,0.0000,0.0000,-0.0000,0.0000,False,4,1.4900,2.1763,0.0000,0.0000,0.0000
1781736803.707,motion_disabled,DRIVE,False,False,0.0000,0.0000,-0.0000,0.0000,False,4,1.4900,2.1763,0.0000,0.0000,0.0000
1781736803.786,motion_disabled,DRIVE,False,False,0.0000,0.0000,-0.0000,0.0000,False,4,1.4900,2.1763,0.0000,0.0000,0.0000
1781736803.866,motion_disabled,DRIVE,False,False,0.0000,0.0000,-0.0000,0.0000,False,4,1.4900,2.1763,0.0000,0.0000,0.0000
1781736803.946,motion_disabled,DRIVE,False,False,0.0000,0.0000,-0.0000,0.0000,False,4,1.4900,2.1763,0.0000,0.0000,0.0000
1781736804.026,motion_disabled,DRIVE,False,False,0.0000,0.0000,-0.0000,0.0000,False,4,1.4900,2.1763,0.0000,0.0000,0.0000
1781736804.107,motion_disabled,DRIVE,False,False,0.0000,0.0000,-0.0000,0.0000,False,4,1.4900,2.1763,0.0000,0.0000,0.0000
1781736804.187,motion_disabled,DRIVE,False,False,0.0000,0.0000,-0.0000,0.0000,False,4,1.4900,2.1763,0.0000,0.0000,0.0000
1781736804.266,motion_disabled,DRIVE,False,False,0.0000,0.0000,-0.0000,0.0000,False,4,1.4900,2.1763,0.0000,0.0000,0.0000
1781736804.346,motion_disabled,DRIVE,False,False,0.0000,0.0000,-0.0000,0.0000,False,4,1.4900,2.1763,0.0000,0.0000,0.0000
1781736804.432,motion_disabled,DRIVE,False,False,0.0000,0.0000,-0.0000,0.0000,False,4,1.4900,2.1763,0.0000,0.0000,0.0000
1781736804.506,motion_disabled,DRIVE,False,False,0.0000,0.0000,-0.0000,0.0000,False,4,1.4900,2.1763,0.0000,0.0000,0.0000
1781736804.586,motion_disabled,DRIVE,False,False,0.0000,0.0000,-0.0000,0.0000,False,4,1.4900,2.1763,0.0000,0.0000,0.0000
1781736804.666,motion_disabled,DRIVE,False,False,0.0000,0.0000,-0.0000,0.0000,False,4,1.4900,2.1763,0.0000,0.0000,0.0000
1781736804.746,motion_disabled,DRIVE,False,False,0.0000,0.0000,-0.0000,0.0000,False,4,1.4900,2.1763,0.0000,0.0000,0.0000
1781736804.826,motion_disabled,DRIVE,False,False,0.0000,0.0000,-0.0000,0.0000,False,4,1.4900,2.1763,0.0000,0.0000,0.0000
1781736804.907,motion_disabled,DRIVE,False,False,0.0000,0.0000,-0.0000,0.0000,False,4,1.4900,2.1763,0.0000,0.0000,0.0000
1781736804.986,motion_disabled,DRIVE,False,False,0.0000,0.0000,-0.0000,0.0000,False,4,1.4900,2.1763,0.0000,0.0000,0.0000
1781736805.066,motion_disabled,DRIVE,False,False,0.0000,0.0000,-0.0000,0.0000,False,4,1.4900,2.1763,0.0000,0.0000,0.0000
1781736805.150,motion_disabled,DRIVE,False,False,0.0000,0.0000,-0.0000,0.0000,False,4,1.4900,2.1763,0.0000,0.0000,0.0000
1781736805.226,motion_disabled,DRIVE,False,False,0.0000,0.0000,-0.0000,0.0000,False,4,1.4900,2.1763,0.0000,0.0000,0.0000
1781736805.307,motion_disabled,DRIVE,False,False,0.0000,0.0000,-0.0000,0.0000,False,4,1.4900,2.1763,0.0000,0.0000,0.0000
1781736805.387,motion_disabled,DRIVE,False,False,0.0000,0.0000,-0.0000,0.0000,False,4,1.4900,2.1763,0.0000,0.0000,0.0000
1781736805.467,motion_disabled,DRIVE,False,False,0.0000,0.0000,-0.0000,0.0000,False,4,1.4900,2.1763,0.0000,0.0000,0.0000
1781736805.546,motion_disabled,DRIVE,False,False,0.0000,0.0000,-0.0000,0.0000,False,4,1.4900,2.1763,0.0000,0.0000,0.0000
1781736805.627,motion_disabled,DRIVE,False,False,0.0000,0.0000,-0.0000,0.0000,False,4,1.4900,2.1763,0.0000,0.0000,0.0000
1781736805.707,motion_disabled,DRIVE,False,False,0.0000,0.0000,-0.0000,0.0000,False,4,1.4900,2.1763,0.0000,0.0000,0.0000
1781736805.786,motion_disabled,DRIVE,False,False,0.0000,0.0000,-0.0000,0.0000,False,4,1.4900,2.1763,0.0000,0.0000,0.0000
1781736805.866,motion_disabled,DRIVE,False,False,0.0000,0.0000,-0.0000,0.0000,False,4,1.4900,2.1763,0.0000,0.0000,0.0000
1781736805.953,motion_disabled,DRIVE,False,False,0.0000,0.0000,-0.0000,0.0000,False,4,1.4900,2.1763,0.0000,0.0000,0.0000
1781736806.026,motion_disabled,DRIVE,False,False,0.0000,0.0000,-0.0000,0.0000,False,4,1.4900,2.1763,0.0000,0.0000,0.0000
1781736806.107,motion_disabled,DRIVE,False,False,0.0000,0.0000,-0.0000,0.0000,False,4,1.4900,2.1763,0.0000,0.0000,0.0000
1781736806.186,motion_disabled,DRIVE,False,False,0.0000,0.0000,-0.0000,0.0000,False,4,1.4900,2.1763,0.0000,0.0000,0.0000
1781736806.267,motion_disabled,DRIVE,False,False,0.0000,0.0000,-0.0000,0.0000,False,4,1.4900,2.1763,0.0000,0.0000,0.0000
1781736806.346,motion_disabled,DRIVE,False,False,0.0000,0.0000,-0.0000,0.0000,False,4,1.4900,2.1763,0.0000,0.0000,0.0000
1781736806.427,motion_disabled,DRIVE,False,False,0.0000,0.0000,-0.0000,0.0000,False,4,1.4900,2.1763,0.0000,0.0000,0.0000
1781736806.506,motion_disabled,DRIVE,False,False,0.0000,0.0000,-0.0000,0.0000,False,4,1.4900,2.1763,0.0000,0.0000,0.0000
1781736806.586,motion_disabled,DRIVE,False,False,0.0000,0.0000,-0.0000,0.0000,False,4,1.4900,2.1763,0.0000,0.0000,0.0000
1781736806.666,motion_disabled,DRIVE,False,False,0.0000,0.0000,-0.0000,0.0000,False,4,1.4900,2.1763,0.0000,0.0000,0.0000
1781736806.746,motion_disabled,DRIVE,False,False,0.0000,0.0000,-0.0000,0.0000,False,4,1.4900,2.1763,0.0000,0.0000,0.0000
1781736806.827,motion_disabled,DRIVE,False,False,0.0000,0.0000,-0.0000,0.0000,False,4,1.4900,2.1763,0.0000,0.0000,0.0000
1781736806.906,motion_disabled,DRIVE,False,False,0.0000,0.0000,-0.0000,0.0000,False,4,1.4900,2.1763,0.0000,0.0000,0.0000
1781736806.987,motion_disabled,DRIVE,False,False,0.0000,0.0000,-0.0000,0.0000,False,4,1.4900,2.1763,0.0000,0.0000,0.0000
1781736807.066,motion_disabled,DRIVE,False,False,0.0000,0.0000,-0.0000,0.0000,False,4,1.4900,2.1763,0.0000,0.0000,0.0000
1781736807.146,motion_disabled,DRIVE,False,False,0.0000,0.0000,-0.0000,0.0000,False,4,1.4900,2.1763,0.0000,0.0000,0.0000
1781736807.226,motion_disabled,DRIVE,False,False,0.0000,0.0000,-0.0000,0.0000,False,4,1.4900,2.1763,0.0000,0.0000,0.0000
1781736807.306,motion_disabled,DRIVE,False,False,0.0000,0.0000,-0.0000,0.0000,False,4,1.4900,2.1763,0.0000,0.0000,0.0000
1781736807.387,motion_disabled,DRIVE,False,False,0.0000,0.0000,-0.0000,0.0000,False,4,1.4900,2.1763,0.0000,0.0000,0.0000
1781736807.467,motion_disabled,DRIVE,False,False,0.0000,0.0000,-0.0000,0.0000,False,4,1.4900,2.1763,0.0000,0.0000,0.0000
1781736807.546,motion_disabled,DRIVE,False,False,0.0000,0.0000,-0.0000,0.0000,False,4,1.4900,2.1763,0.0000,0.0000,0.0000
1781736807.627,motion_disabled,DRIVE,False,False,0.0000,0.0000,-0.0000,0.0000,False,4,1.4900,2.1763,0.0000,0.0000,0.0000
1781736807.706,motion_disabled,DRIVE,False,False,0.0000,0.0000,-0.0000,0.0000,False,4,1.4900,2.1763,0.0000,0.0000,0.0000
1781736807.787,motion_disabled,DRIVE,False,False,0.0000,0.0000,-0.0000,0.0000,False,4,1.4900,2.1763,0.0000,0.0000,0.0000
1781736807.866,motion_disabled,DRIVE,False,False,0.0000,0.0000,-0.0000,0.0000,False,4,1.4900,2.1763,0.0000,0.0000,0.0000
1781736807.946,motion_disabled,DRIVE,False,False,0.0000,0.0000,-0.0000,0.0000,False,4,1.4900,2.1763,0.0000,0.0000,0.0000
1781736808.027,motion_disabled,DRIVE,False,False,0.0000,0.0000,-0.0000,0.0000,False,4,1.4900,2.1763,0.0000,0.0000,0.0000
1781736808.107,motion_disabled,DRIVE,False,False,0.0000,0.0000,-0.0000,0.0000,False,4,1.4900,2.1763,0.0000,0.0000,0.0000
1781736808.188,motion_disabled,DRIVE,False,False,0.0000,0.0000,-0.0000,0.0000,False,4,1.4900,2.1763,0.0000,0.0000,0.0000
1781736808.266,motion_disabled,DRIVE,False,False,0.0000,0.0000,-0.0000,0.0000,False,4,1.4900,2.1763,0.0000,0.0000,0.0000
1781736808.347,motion_disabled,DRIVE,False,False,0.0000,0.0000,-0.0000,0.0000,False,4,1.4900,2.1763,0.0000,0.0000,0.0000
1781736808.426,motion_disabled,DRIVE,False,False,0.0000,0.0000,-0.0000,0.0000,False,4,1.4900,2.1763,0.0000,0.0000,0.0000
1781736808.511,motion_disabled,DRIVE,False,False,0.0000,0.0000,-0.0000,0.0000,False,4,1.4900,2.1763,0.0000,0.0000,0.0000
1781736808.586,motion_disabled,DRIVE,False,False,0.0000,0.0000,-0.0000,0.0000,False,4,1.4900,2.1763,0.0000,0.0000,0.0000
1781736808.666,motion_disabled,DRIVE,False,False,0.0000,0.0000,-0.0000,0.0000,False,4,1.4900,2.1763,0.0000,0.0000,0.0000
1781736808.746,motion_disabled,DRIVE,False,False,0.0000,0.0000,-0.0000,0.0000,False,4,1.4900,2.1763,0.0000,0.0000,0.0000
1781736808.826,motion_disabled,DRIVE,False,False,0.0000,0.0000,-0.0000,0.0000,False,4,1.4900,2.1763,0.0000,0.0000,0.0000
1781736808.906,motion_disabled,DRIVE,False,False,0.0000,0.0000,-0.0000,0.0000,False,4,1.4900,2.1763,0.0000,0.0000,0.0000
1781736808.986,motion_disabled,DRIVE,False,False,0.0000,0.0000,-0.0000,0.0000,False,4,1.4900,2.1763,0.0000,0.0000,0.0000
1781736809.067,motion_disabled,DRIVE,False,False,0.0000,0.0000,-0.0000,0.0000,False,4,1.4900,2.1763,0.0000,0.0000,0.0000
1781736809.147,motion_disabled,DRIVE,False,False,0.0000,0.0000,-0.0000,0.0000,False,4,1.4900,2.1763,0.0000,0.0000,0.0000
1781736809.226,motion_disabled,DRIVE,False,False,0.0000,0.0000,-0.0000,0.0000,False,4,1.4900,2.1763,0.0000,0.0000,0.0000
1781736809.308,motion_disabled,DRIVE,False,False,0.0000,0.0000,-0.0000,0.0000,False,4,1.4900,2.1763,0.0000,0.0000,0.0000
1781736809.394,motion_disabled,DRIVE,False,False,0.0000,0.0000,-0.0000,0.0000,False,4,1.4900,2.1763,0.0000,0.0000,0.0000
1781736809.467,motion_disabled,DRIVE,False,False,0.0000,0.0000,-0.0000,0.0000,False,4,1.4900,2.1763,0.0000,0.0000,0.0000
1781736809.547,motion_disabled,DRIVE,False,False,0.0000,0.0000,-0.0000,0.0000,False,4,1.4900,2.1763,0.0000,0.0000,0.0000
1781736809.627,motion_disabled,DRIVE,False,False,0.0000,0.0000,-0.0000,0.0000,False,4,1.4900,2.1763,0.0000,0.0000,0.0000
1781736809.706,motion_disabled,DRIVE,False,False,0.0000,0.0000,-0.0000,0.0000,False,4,1.4900,2.1763,0.0000,0.0000,0.0000
1781736809.786,motion_disabled,DRIVE,False,False,0.0000,0.0000,-0.0000,0.0000,False,4,1.4900,2.1763,0.0000,0.0000,0.0000
1781736809.866,motion_disabled,DRIVE,False,False,0.0000,0.0000,-0.0000,0.0000,False,4,1.4900,2.1763,0.0000,0.0000,0.0000
1781736809.946,motion_disabled,DRIVE,False,False,0.0000,0.0000,-0.0000,0.0000,False,4,1.4900,2.1763,0.0000,0.0000,0.0000
1781736810.028,motion_disabled,DRIVE,False,False,0.0000,0.0000,-0.0000,0.0000,False,4,1.4900,2.1763,0.0000,0.0000,0.0000
1781736810.106,motion_disabled,DRIVE,False,False,0.0000,0.0000,-0.0000,0.0000,False,4,1.4900,2.1763,0.0000,0.0000,0.0000
1781736810.187,motion_disabled,DRIVE,False,False,0.0000,0.0000,-0.0000,0.0000,False,4,1.4900,2.1763,0.0000,0.0000,0.0000
1781736810.267,motion_disabled,DRIVE,False,False,0.0000,0.0000,-0.0000,0.0000,False,4,1.4900,2.1763,0.0000,0.0000,0.0000
1781736810.346,motion_disabled,DRIVE,False,False,0.0000,0.0000,-0.0000,0.0000,False,4,1.4900,2.1763,0.0000,0.0000,0.0000
1781736810.428,motion_disabled,DRIVE,False,False,0.0000,0.0000,-0.0000,0.0000,False,4,1.4900,2.1763,0.0000,0.0000,0.0000
1781736810.507,motion_disabled,DRIVE,False,False,0.0000,0.0000,-0.0000,0.0000,False,4,1.4900,2.1763,0.0000,0.0000,0.0000
1781736810.587,motion_disabled,DRIVE,False,False,0.0000,0.0000,-0.0000,0.0000,False,4,1.4900,2.1763,0.0000,0.0000,0.0000
1781736810.666,motion_disabled,DRIVE,False,False,0.0000,0.0000,-0.0000,0.0000,False,4,1.4900,2.1763,0.0000,0.0000,0.0000
1781736810.747,motion_disabled,DRIVE,False,False,0.0000,0.0000,-0.0000,0.0000,False,4,1.4900,2.1763,0.0000,0.0000,0.0000
1781736810.827,motion_disabled,DRIVE,False,False,0.0000,0.0000,-0.0000,0.0000,False,4,1.4900,2.1763,0.0000,0.0000,0.0000
1781736810.906,motion_disabled,DRIVE,False,False,0.0000,0.0000,-0.0000,0.0000,False,4,1.4900,2.1763,0.0000,0.0000,0.0000
1781736810.987,motion_disabled,DRIVE,False,False,0.0000,0.0000,-0.0000,0.0000,False,4,1.4900,2.1763,0.0000,0.0000,0.0000
1781736811.066,motion_disabled,DRIVE,False,False,0.0000,0.0000,-0.0000,0.0000,False,4,1.4900,2.1763,0.0000,0.0000,0.0000
1781736811.147,motion_disabled,DRIVE,False,False,0.0000,0.0000,-0.0000,0.0000,False,4,1.4900,2.1763,0.0000,0.0000,0.0000
1781736811.227,motion_disabled,DRIVE,False,False,0.0000,0.0000,-0.0000,0.0000,False,4,1.4900,2.1763,0.0000,0.0000,0.0000
1781736811.306,motion_disabled,DRIVE,False,False,0.0000,0.0000,-0.0000,0.0000,False,4,1.4900,2.1763,0.0000,0.0000,0.0000
1781736811.386,motion_disabled,DRIVE,False,False,0.0000,0.0000,-0.0000,0.0000,False,4,1.4900,2.1763,0.0000,0.0000,0.0000
1781736811.466,motion_disabled,DRIVE,False,False,0.0000,0.0000,-0.0000,0.0000,False,4,1.4900,2.1763,0.0000,0.0000,0.0000
1781736811.546,motion_disabled,DRIVE,False,False,0.0000,0.0000,-0.0000,0.0000,False,4,1.4900,2.1763,0.0000,0.0000,0.0000
1781736811.626,motion_disabled,DRIVE,False,False,0.0000,0.0000,-0.0000,0.0000,False,4,1.4900,2.1763,0.0000,0.0000,0.0000
1781736811.706,motion_disabled,DRIVE,False,False,0.0000,0.0000,-0.0000,0.0000,False,4,1.4900,2.1763,0.0000,0.0000,0.0000
1781736811.786,motion_disabled,DRIVE,False,False,0.0000,0.0000,-0.0000,0.0000,False,4,1.4900,2.1763,0.0000,0.0000,0.0000
1781736811.866,motion_disabled,DRIVE,False,False,0.0000,0.0000,-0.0000,0.0000,False,4,1.4900,2.1763,0.0000,0.0000,0.0000
1781736811.948,motion_disabled,DRIVE,False,False,0.0000,0.0000,-0.0000,0.0000,False,4,1.4900,2.1763,0.0000,0.0000,0.0000
1781736812.027,motion_disabled,DRIVE,False,False,0.0000,0.0000,-0.0000,0.0000,False,4,1.4900,2.1763,0.0000,0.0000,0.0000
1781736812.106,motion_disabled,DRIVE,False,False,0.0000,0.0000,-0.0000,0.0000,False,4,1.4900,2.1763,0.0000,0.0000,0.0000
1781736812.187,motion_disabled,DRIVE,False,False,0.0000,0.0000,-0.0000,0.0000,False,4,1.4900,2.1763,0.0000,0.0000,0.0000
1781736812.267,motion_disabled,DRIVE,False,False,0.0000,0.0000,-0.0000,0.0000,False,4,1.4900,2.1763,0.0000,0.0000,0.0000
1781736812.347,motion_disabled,DRIVE,False,False,0.0000,0.0000,-0.0000,0.0000,False,4,1.4900,2.1763,0.0000,0.0000,0.0000
1781736812.427,motion_disabled,DRIVE,False,False,0.0000,0.0000,-0.0000,0.0000,False,4,1.4900,2.1763,0.0000,0.0000,0.0000
1781736812.507,motion_disabled,DRIVE,False,False,0.0000,0.0000,-0.0000,0.0000,False,4,1.4900,2.1763,0.0000,0.0000,0.0000
1781736812.586,motion_disabled,DRIVE,False,False,0.0000,0.0000,-0.0000,0.0000,False,4,1.4900,2.1763,0.0000,0.0000,0.0000
1781736812.668,motion_disabled,DRIVE,False,False,0.0000,0.0000,-0.0000,0.0000,False,4,1.4900,2.1763,0.0000,0.0000,0.0000
1781736812.746,motion_disabled,DRIVE,False,False,0.0000,0.0000,-0.0000,0.0000,False,4,1.4900,2.1763,0.0000,0.0000,0.0000
1781736812.827,motion_disabled,DRIVE,False,False,0.0000,0.0000,-0.0000,0.0000,False,4,1.4900,2.1763,0.0000,0.0000,0.0000
1781736812.906,motion_disabled,DRIVE,False,False,0.0000,0.0000,-0.0000,0.0000,False,4,1.4900,2.1763,0.0000,0.0000,0.0000
1781736812.987,motion_disabled,DRIVE,False,False,0.0000,0.0000,-0.0000,0.0000,False,4,1.4900,2.1763,0.0000,0.0000,0.0000
1781736813.066,motion_disabled,DRIVE,False,False,0.0000,0.0000,-0.0000,0.0000,False,4,1.4900,2.1763,0.0000,0.0000,0.0000
1781736813.147,motion_disabled,DRIVE,False,False,0.0000,0.0000,-0.0000,0.0000,False,4,1.4900,2.1763,0.0000,0.0000,0.0000
1781736813.228,motion_disabled,DRIVE,False,False,0.0000,0.0000,-0.0000,0.0000,False,4,1.4900,2.1763,0.0000,0.0000,0.0000
1781736813.307,motion_disabled,DRIVE,False,False,0.0000,0.0000,-0.0000,0.0000,False,4,1.4900,2.1763,0.0000,0.0000,0.0000
1781736813.387,motion_disabled,DRIVE,False,False,0.0000,0.0000,-0.0000,0.0000,False,4,1.4900,2.1763,0.0000,0.0000,0.0000
1781736813.466,motion_disabled,DRIVE,False,False,0.0000,0.0000,-0.0000,0.0000,False,4,1.4900,2.1763,0.0000,0.0000,0.0000
1781736813.546,motion_disabled,DRIVE,False,False,0.0000,0.0000,-0.0000,0.0000,False,4,1.4900,2.1763,0.0000,0.0000,0.0000
1781736813.626,motion_disabled,DRIVE,False,False,0.0000,0.0000,-0.0000,0.0000,False,4,1.4900,2.1763,0.0000,0.0000,0.0000
1781736813.706,motion_disabled,DRIVE,False,False,0.0000,0.0000,-0.0000,0.0000,False,4,1.4900,2.1763,0.0000,0.0000,0.0000
1781736813.787,motion_disabled,DRIVE,False,False,0.0000,0.0000,-0.0000,0.0000,False,4,1.4900,2.1763,0.0000,0.0000,0.0000
1781736813.866,motion_disabled,DRIVE,False,False,0.0000,0.0000,-0.0000,0.0000,False,4,1.4900,2.1763,0.0000,0.0000,0.0000
1781736813.946,motion_disabled,DRIVE,False,False,0.0000,0.0000,-0.0000,0.0000,False,4,1.4900,2.1763,0.0000,0.0000,0.0000
1781736814.026,motion_disabled,DRIVE,False,False,0.0000,0.0000,-0.0000,0.0000,False,4,1.4900,2.1763,0.0000,0.0000,0.0000
1781736814.106,motion_disabled,DRIVE,False,False,0.0000,0.0000,-0.0000,0.0000,False,4,1.4900,2.1763,0.0000,0.0000,0.0000
1781736814.186,motion_disabled,DRIVE,False,False,0.0000,0.0000,-0.0000,0.0000,False,4,1.4900,2.1763,0.0000,0.0000,0.0000
1781736814.266,motion_disabled,DRIVE,False,False,0.0000,0.0000,-0.0000,0.0000,False,4,1.4900,2.1763,0.0000,0.0000,0.0000
1781736814.349,motion_disabled,DRIVE,False,False,0.0000,0.0000,-0.0000,0.0000,False,4,1.4900,2.1763,0.0000,0.0000,0.0000
1781736814.426,motion_disabled,DRIVE,False,False,0.0000,0.0000,-0.0000,0.0000,False,4,1.4900,2.1763,0.0000,0.0000,0.0000
1781736814.506,motion_disabled,DRIVE,False,False,0.0000,0.0000,-0.0000,0.0000,False,4,1.4900,2.1763,0.0000,0.0000,0.0000
1781736814.586,motion_disabled,DRIVE,False,False,0.0000,0.0000,-0.0000,0.0000,False,4,1.4900,2.1763,0.0000,0.0000,0.0000
1781736814.666,motion_disabled,DRIVE,False,False,0.0000,0.0000,-0.0000,0.0000,False,4,1.4900,2.1763,0.0000,0.0000,0.0000
1781736814.746,motion_disabled,DRIVE,False,False,0.0000,0.0000,-0.0000,0.0000,False,4,1.4900,2.1763,0.0000,0.0000,0.0000
1781736814.827,motion_disabled,DRIVE,False,False,0.0000,0.0000,-0.0000,0.0000,False,4,1.4900,2.1763,0.0000,0.0000,0.0000
1781736814.906,motion_disabled,DRIVE,False,False,0.0000,0.0000,-0.0000,0.0000,False,4,1.4900,2.1763,0.0000,0.0000,0.0000
1781736814.986,motion_disabled,DRIVE,False,False,0.0000,0.0000,-0.0000,0.0000,False,4,1.4900,2.1763,0.0000,0.0000,0.0000
1781736815.066,motion_disabled,DRIVE,False,False,0.0000,0.0000,-0.0000,0.0000,False,4,1.4900,2.1763,0.0000,0.0000,0.0000
1781736815.149,motion_disabled,DRIVE,False,False,0.0000,0.0000,-0.0000,0.0000,False,4,1.4900,2.1763,0.0000,0.0000,0.0000
1781736815.226,motion_disabled,DRIVE,False,False,0.0000,0.0000,-0.0000,0.0000,False,4,1.4900,2.1763,0.0000,0.0000,0.0000
1781736815.306,motion_disabled,DRIVE,False,False,0.0000,0.0000,-0.0000,0.0000,False,4,1.4900,2.1763,0.0000,0.0000,0.0000
1781736815.386,motion_disabled,DRIVE,False,False,0.0000,0.0000,-0.0000,0.0000,False,4,1.4900,2.1763,0.0000,0.0000,0.0000
1781736815.468,motion_disabled,DRIVE,False,False,0.0000,0.0000,-0.0000,0.0000,False,4,1.4900,2.1763,0.0000,0.0000,0.0000
1781736815.546,motion_disabled,DRIVE,False,False,0.0000,0.0000,-0.0000,0.0000,False,4,1.4900,2.1763,0.0000,0.0000,0.0000
1781736815.626,motion_disabled,DRIVE,False,False,0.0000,0.0000,-0.0000,0.0000,False,4,1.4900,2.1763,0.0000,0.0000,0.0000
1781736815.707,motion_disabled,DRIVE,False,False,0.0000,0.0000,-0.0000,0.0000,False,4,1.4900,2.1763,0.0000,0.0000,0.0000
1781736815.786,motion_disabled,DRIVE,False,False,0.0000,0.0000,-0.0000,0.0000,False,4,1.4900,2.1763,0.0000,0.0000,0.0000
1781736815.866,motion_disabled,DRIVE,False,False,0.0000,0.0000,-0.0000,0.0000,False,4,1.4900,2.1763,0.0000,0.0000,0.0000
1781736815.947,motion_disabled,DRIVE,False,False,0.0000,0.0000,-0.0000,0.0000,False,4,1.4900,2.1763,0.0000,0.0000,0.0000
1781736816.028,motion_disabled,DRIVE,False,False,0.0000,0.0000,-0.0000,0.0000,False,4,1.4900,2.1763,0.0000,0.0000,0.0000
1781736816.106,motion_disabled,DRIVE,False,False,0.0000,0.0000,-0.0000,0.0000,False,4,1.4900,2.1763,0.0000,0.0000,0.0000
1781736816.186,motion_disabled,DRIVE,False,False,0.0000,0.0000,-0.0000,0.0000,False,4,1.4900,2.1763,0.0000,0.0000,0.0000
1781736816.266,motion_disabled,DRIVE,False,False,0.0000,0.0000,-0.0000,0.0000,False,4,1.4900,2.1763,0.0000,0.0000,0.0000
1781736816.353,motion_disabled,DRIVE,False,False,0.0000,0.0000,-0.0000,0.0000,False,4,1.4900,2.1763,0.0000,0.0000,0.0000
1781736816.428,motion_disabled,DRIVE,False,False,0.0000,0.0000,-0.0000,0.0000,False,4,1.4900,2.1763,0.0000,0.0000,0.0000
1781736816.506,motion_disabled,DRIVE,False,False,0.0000,0.0000,-0.0000,0.0000,False,4,1.4900,2.1763,0.0000,0.0000,0.0000
1781736816.586,motion_disabled,DRIVE,False,False,0.0000,0.0000,-0.0000,0.0000,False,4,1.4900,2.1763,0.0000,0.0000,0.0000
1781736816.668,motion_disabled,DRIVE,False,False,0.0000,0.0000,-0.0000,0.0000,False,4,1.4900,2.1763,0.0000,0.0000,0.0000
1781736816.747,motion_disabled,DRIVE,False,False,0.0000,0.0000,-0.0000,0.0000,False,4,1.4900,2.1763,0.0000,0.0000,0.0000
1781736816.828,motion_disabled,DRIVE,False,False,0.0000,0.0000,-0.0000,0.0000,False,4,1.4900,2.1763,0.0000,0.0000,0.0000
1781736816.906,motion_disabled,DRIVE,False,False,0.0000,0.0000,-0.0000,0.0000,False,4,1.4900,2.1763,0.0000,0.0000,0.0000
1781736816.988,motion_disabled,DRIVE,False,False,0.0000,0.0000,-0.0000,0.0000,False,4,1.4900,2.1763,0.0000,0.0000,0.0000
1781736817.066,motion_disabled,DRIVE,False,False,0.0000,0.0000,-0.0000,0.0000,False,4,1.4900,2.1763,0.0000,0.0000,0.0000
1781736817.146,motion_disabled,DRIVE,False,False,0.0000,0.0000,-0.0000,0.0000,False,4,1.4900,2.1763,0.0000,0.0000,0.0000
1781736817.226,motion_disabled,DRIVE,False,False,0.0000,0.0000,-0.0000,0.0000,False,4,1.4900,2.1763,0.0000,0.0000,0.0000
1781736817.306,motion_disabled,DRIVE,False,False,0.0000,0.0000,-0.0000,0.0000,False,4,1.4900,2.1763,0.0000,0.0000,0.0000
1781736817.387,motion_disabled,DRIVE,False,False,0.0000,0.0000,-0.0000,0.0000,False,4,1.4900,2.1763,0.0000,0.0000,0.0000
1781736817.466,motion_disabled,DRIVE,False,False,0.0000,0.0000,-0.0000,0.0000,False,4,1.4900,2.1763,0.0000,0.0000,0.0000
1781736817.547,motion_disabled,DRIVE,False,False,0.0000,0.0000,-0.0000,0.0000,False,4,1.4900,2.1763,0.0000,0.0000,0.0000
1781736817.626,motion_disabled,DRIVE,False,False,0.0000,0.0000,-0.0000,0.0000,False,4,1.4900,2.1763,0.0000,0.0000,0.0000
1781736817.706,motion_disabled,DRIVE,False,False,0.0000,0.0000,-0.0000,0.0000,False,4,1.4900,2.1763,0.0000,0.0000,0.0000
1781736817.787,motion_disabled,DRIVE,False,False,0.0000,0.0000,-0.0000,0.0000,False,4,1.4900,2.1763,0.0000,0.0000,0.0000
1781736817.866,motion_disabled,DRIVE,False,False,0.0000,0.0000,-0.0000,0.0000,False,4,1.4900,2.1763,0.0000,0.0000,0.0000
1781736817.946,motion_disabled,DRIVE,False,False,0.0000,0.0000,-0.0000,0.0000,False,4,1.4900,2.1763,0.0000,0.0000,0.0000
1781736818.027,motion_disabled,DRIVE,False,False,0.0000,0.0000,-0.0000,0.0000,False,4,1.4900,2.1763,0.0000,0.0000,0.0000
1781736818.106,motion_disabled,DRIVE,False,False,0.0000,0.0000,-0.0000,0.0000,False,4,1.4900,2.1763,0.0000,0.0000,0.0000
1781736818.188,motion_disabled,DRIVE,False,False,0.0000,0.0000,-0.0000,0.0000,False,4,1.4900,2.1763,0.0000,0.0000,0.0000
1781736818.266,motion_disabled,DRIVE,False,False,0.0000,0.0000,-0.0000,0.0000,False,4,1.4900,2.1763,0.0000,0.0000,0.0000
1781736818.346,motion_disabled,DRIVE,False,False,0.0000,0.0000,-0.0000,0.0000,False,4,1.4900,2.1763,0.0000,0.0000,0.0000
1781736818.427,motion_disabled,DRIVE,False,False,0.0000,0.0000,-0.0000,0.0000,False,4,1.4900,2.1763,0.0000,0.0000,0.0000
1781736818.507,motion_disabled,DRIVE,False,False,0.0000,0.0000,-0.0000,0.0000,False,4,1.4900,2.1763,0.0000,0.0000,0.0000
1781736818.586,motion_disabled,DRIVE,False,False,0.0000,0.0000,-0.0000,0.0000,False,4,1.4900,2.1763,0.0000,0.0000,0.0000
1781736818.666,motion_disabled,DRIVE,False,False,0.0000,0.0000,-0.0000,0.0000,False,4,1.4900,2.1763,0.0000,0.0000,0.0000
1781736818.746,motion_disabled,DRIVE,False,False,0.0000,0.0000,-0.0000,0.0000,False,4,1.4900,2.1763,0.0000,0.0000,0.0000
1781736818.826,motion_disabled,DRIVE,False,False,0.0000,0.0000,-0.0000,0.0000,False,4,1.4900,2.1763,0.0000,0.0000,0.0000
1781736818.906,motion_disabled,DRIVE,False,False,0.0000,0.0000,-0.0000,0.0000,False,4,1.4900,2.1763,0.0000,0.0000,0.0000
1781736818.987,motion_disabled,DRIVE,False,False,0.0000,0.0000,-0.0000,0.0000,False,4,1.4900,2.1763,0.0000,0.0000,0.0000
1781736819.067,motion_disabled,DRIVE,False,False,0.0000,0.0000,-0.0000,0.0000,False,4,1.4900,2.1763,0.0000,0.0000,0.0000
1781736819.146,motion_disabled,DRIVE,False,False,0.0000,0.0000,-0.0000,0.0000,False,4,1.4900,2.1763,0.0000,0.0000,0.0000
1781736819.226,motion_disabled,DRIVE,False,False,0.0000,0.0000,-0.0000,0.0000,False,4,1.4900,2.1763,0.0000,0.0000,0.0000
1781736819.306,motion_disabled,DRIVE,False,False,0.0000,0.0000,-0.0000,0.0000,False,4,1.4900,2.1763,0.0000,0.0000,0.0000
1781736819.386,motion_disabled,DRIVE,False,False,0.0000,0.0000,-0.0000,0.0000,False,4,1.4900,2.1763,0.0000,0.0000,0.0000
1781736819.466,motion_disabled,DRIVE,False,False,0.0000,0.0000,-0.0000,0.0000,False,4,1.4900,2.1763,0.0000,0.0000,0.0000
1781736819.546,motion_disabled,DRIVE,False,False,0.0000,0.0000,-0.0000,0.0000,False,4,1.4900,2.1763,0.0000,0.0000,0.0000
1781736819.626,motion_disabled,DRIVE,False,False,0.0000,0.0000,-0.0000,0.0000,False,4,1.4900,2.1763,0.0000,0.0000,0.0000
1781736819.706,motion_disabled,DRIVE,False,False,0.0000,0.0000,-0.0000,0.0000,False,4,1.4900,2.1763,0.0000,0.0000,0.0000
1781736819.798,motion_disabled,DRIVE,False,False,0.0000,0.0000,-0.0000,0.0000,False,4,1.4900,2.1763,0.0000,0.0000,0.0000
1781736819.866,motion_disabled,DRIVE,False,False,0.0000,0.0000,-0.0000,0.0000,False,4,1.4900,2.1763,0.0000,0.0000,0.0000
1781736819.960,motion_disabled,DRIVE,False,False,0.0000,0.0000,-0.0000,0.0000,False,4,1.4900,2.1763,0.0000,0.0000,0.0000
1781736820.031,motion_disabled,DRIVE,False,False,0.0000,0.0000,-0.0000,0.0000,False,4,1.4900,2.1763,0.0000,0.0000,0.0000
1781736820.106,motion_disabled,DRIVE,False,False,0.0000,0.0000,-0.0000,0.0000,False,4,1.4900,2.1763,0.0000,0.0000,0.0000
1781736820.187,motion_disabled,DRIVE,False,False,0.0000,0.0000,-0.0000,0.0000,False,4,1.4900,2.1763,0.0000,0.0000,0.0000
1781736820.267,motion_disabled,DRIVE,False,False,0.0000,0.0000,-0.0000,0.0000,False,4,1.4900,2.1763,0.0000,0.0000,0.0000
1781736820.346,motion_disabled,DRIVE,False,False,0.0000,0.0000,-0.0000,0.0000,False,4,1.4900,2.1763,0.0000,0.0000,0.0000
1781736820.426,motion_disabled,DRIVE,False,False,0.0000,0.0000,-0.0000,0.0000,False,4,1.4900,2.1763,0.0000,0.0000,0.0000
1781736820.506,motion_disabled,DRIVE,False,False,0.0000,0.0000,-0.0000,0.0000,False,4,1.4900,2.1763,0.0000,0.0000,0.0000
1781736820.587,motion_disabled,DRIVE,False,False,0.0000,0.0000,-0.0000,0.0000,False,4,1.4900,2.1763,0.0000,0.0000,0.0000
1781736820.667,motion_disabled,DRIVE,False,False,0.0000,0.0000,-0.0000,0.0000,False,4,1.4900,2.1763,0.0000,0.0000,0.0000
1781736820.751,motion_disabled,DRIVE,False,False,0.0000,0.0000,-0.0000,0.0000,False,4,1.4900,2.1763,0.0000,0.0000,0.0000
1781736820.826,motion_disabled,DRIVE,False,False,0.0000,0.0000,-0.0000,0.0000,False,4,1.4900,2.1763,0.0000,0.0000,0.0000
1781736820.906,motion_disabled,DRIVE,False,False,0.0000,0.0000,-0.0000,0.0000,False,4,1.4900,2.1763,0.0000,0.0000,0.0000
1781736820.988,motion_disabled,DRIVE,False,False,0.0000,0.0000,-0.0000,0.0000,False,4,1.4900,2.1763,0.0000,0.0000,0.0000
1781736821.068,motion_disabled,DRIVE,False,False,0.0000,0.0000,-0.0000,0.0000,False,4,1.4900,2.1763,0.0000,0.0000,0.0000
1781736821.147,motion_disabled,DRIVE,False,False,0.0000,0.0000,-0.0000,0.0000,False,4,1.4900,2.1763,0.0000,0.0000,0.0000
1781736821.226,motion_disabled,DRIVE,False,False,0.0000,0.0000,-0.0000,0.0000,False,4,1.4900,2.1763,0.0000,0.0000,0.0000
1781736821.306,motion_disabled,DRIVE,False,False,0.0000,0.0000,-0.0000,0.0000,False,4,1.4900,2.1763,0.0000,0.0000,0.0000
1781736821.386,motion_disabled,DRIVE,False,False,0.0000,0.0000,-0.0000,0.0000,False,4,1.4900,2.1763,0.0000,0.0000,0.0000
1781736821.467,motion_disabled,DRIVE,False,False,0.0000,0.0000,-0.0000,0.0000,False,4,1.4900,2.1763,0.0000,0.0000,0.0000
1781736821.547,motion_disabled,DRIVE,False,False,0.0000,0.0000,-0.0000,0.0000,False,4,1.4900,2.1763,0.0000,0.0000,0.0000
1781736821.629,motion_disabled,DRIVE,False,False,0.0000,0.0000,-0.0000,0.0000,False,4,1.4900,2.1763,0.0000,0.0000,0.0000
1781736821.707,motion_disabled,DRIVE,False,False,0.0000,0.0000,-0.0000,0.0000,False,4,1.4900,2.1763,0.0000,0.0000,0.0000
1781736821.787,motion_disabled,DRIVE,False,False,0.0000,0.0000,-0.0000,0.0000,False,4,1.4900,2.1763,0.0000,0.0000,0.0000
1781736821.866,motion_disabled,DRIVE,False,False,0.0000,0.0000,-0.0000,0.0000,False,4,1.4900,2.1763,0.0000,0.0000,0.0000
1781736821.947,motion_disabled,DRIVE,False,False,0.0000,0.0000,-0.0000,0.0000,False,4,1.4900,2.1763,0.0000,0.0000,0.0000
1781736822.029,motion_disabled,DRIVE,False,False,0.0000,0.0000,-0.0000,0.0000,False,4,1.4900,2.1763,0.0000,0.0000,0.0000
1781736822.107,motion_disabled,DRIVE,False,False,0.0000,0.0000,-0.0000,0.0000,False,4,1.4900,2.1763,0.0000,0.0000,0.0000
1781736822.196,motion_disabled,DRIVE,False,False,0.0000,0.0000,-0.0000,0.0000,False,4,1.4900,2.1763,0.0000,0.0000,0.0000
1781736822.267,motion_disabled,DRIVE,False,False,0.0000,0.0000,-0.0000,0.0000,False,4,1.4900,2.1763,0.0000,0.0000,0.0000
1781736822.347,motion_disabled,DRIVE,False,False,0.0000,0.0000,-0.0000,0.0000,False,4,1.4900,2.1763,0.0000,0.0000,0.0000
1781736822.426,motion_disabled,DRIVE,False,False,0.0000,0.0000,-0.0000,0.0000,False,4,1.4900,2.1763,0.0000,0.0000,0.0000
1781736822.508,motion_disabled,DRIVE,False,False,0.0000,0.0000,-0.0000,0.0000,False,4,1.4900,2.1763,0.0000,0.0000,0.0000
1781736822.586,motion_disabled,DRIVE,False,False,0.0000,0.0000,-0.0000,0.0000,False,4,1.4900,2.1763,0.0000,0.0000,0.0000
1781736822.667,motion_disabled,DRIVE,False,False,0.0000,0.0000,-0.0000,0.0000,False,4,1.4900,2.1763,0.0000,0.0000,0.0000
1781736822.746,motion_disabled,DRIVE,False,False,0.0000,0.0000,-0.0000,0.0000,False,4,1.4900,2.1763,0.0000,0.0000,0.0000
1781736822.827,motion_disabled,DRIVE,False,False,0.0000,0.0000,-0.0000,0.0000,False,4,1.4900,2.1763,0.0000,0.0000,0.0000
1781736822.906,motion_disabled,DRIVE,False,False,0.0000,0.0000,-0.0000,0.0000,False,4,1.4900,2.1763,0.0000,0.0000,0.0000
1781736822.986,motion_disabled,DRIVE,False,False,0.0000,0.0000,-0.0000,0.0000,False,4,1.4900,2.1763,0.0000,0.0000,0.0000
1781736823.067,motion_disabled,DRIVE,False,False,0.0000,0.0000,-0.0000,0.0000,False,4,1.4900,2.1763,0.0000,0.0000,0.0000
1781736823.147,motion_disabled,DRIVE,False,False,0.0000,0.0000,-0.0000,0.0000,False,4,1.4900,2.1763,0.0000,0.0000,0.0000
1781736823.227,motion_disabled,DRIVE,False,False,0.0000,0.0000,-0.0000,0.0000,False,4,1.4900,2.1763,0.0000,0.0000,0.0000
1781736823.306,motion_disabled,DRIVE,False,False,0.0000,0.0000,-0.0000,0.0000,False,4,1.4900,2.1763,0.0000,0.0000,0.0000
1781736823.387,motion_disabled,DRIVE,False,False,0.0000,0.0000,-0.0000,0.0000,False,4,1.4900,2.1763,0.0000,0.0000,0.0000
1781736823.466,motion_disabled,DRIVE,False,False,0.0000,0.0000,-0.0000,0.0000,False,4,1.4900,2.1763,0.0000,0.0000,0.0000
1781736823.546,motion_disabled,DRIVE,False,False,0.0000,0.0000,-0.0000,0.0000,False,4,1.4900,2.1763,0.0000,0.0000,0.0000
1781736823.627,motion_disabled,DRIVE,False,False,0.0000,0.0000,-0.0000,0.0000,False,4,1.4900,2.1763,0.0000,0.0000,0.0000
1781736823.707,motion_disabled,DRIVE,False,False,0.0000,0.0000,-0.0000,0.0000,False,4,1.4900,2.1763,0.0000,0.0000,0.0000
1781736823.787,motion_disabled,DRIVE,False,False,0.0000,0.0000,-0.0000,0.0000,False,4,1.4900,2.1763,0.0000,0.0000,0.0000
1781736823.866,motion_disabled,DRIVE,False,False,0.0000,0.0000,-0.0000,0.0000,False,4,1.4900,2.1763,0.0000,0.0000,0.0000
1781736823.947,motion_disabled,DRIVE,False,False,0.0000,0.0000,-0.0000,0.0000,False,4,1.4900,2.1763,0.0000,0.0000,0.0000
1781736824.026,motion_disabled,DRIVE,False,False,0.0000,0.0000,-0.0000,0.0000,False,4,1.4900,2.1763,0.0000,0.0000,0.0000
1781736824.106,motion_disabled,DRIVE,False,False,0.0000,0.0000,-0.0000,0.0000,False,4,1.4900,2.1763,0.0000,0.0000,0.0000
1781736824.188,motion_disabled,DRIVE,False,False,0.0000,0.0000,-0.0000,0.0000,False,4,1.4900,2.1763,0.0000,0.0000,0.0000
1781736824.267,motion_disabled,DRIVE,False,False,0.0000,0.0000,-0.0000,0.0000,False,4,1.4900,2.1763,0.0000,0.0000,0.0000
1781736824.347,motion_disabled,DRIVE,False,False,0.0000,0.0000,-0.0000,0.0000,False,4,1.4900,2.1763,0.0000,0.0000,0.0000
1781736824.427,motion_disabled,DRIVE,False,False,0.0000,0.0000,-0.0000,0.0000,False,4,1.4900,2.1763,0.0000,0.0000,0.0000
1781736824.506,motion_disabled,DRIVE,False,False,0.0000,0.0000,-0.0000,0.0000,False,4,1.4900,2.1763,0.0000,0.0000,0.0000
1781736824.587,motion_disabled,DRIVE,False,False,0.0000,0.0000,-0.0000,0.0000,False,4,1.4900,2.1763,0.0000,0.0000,0.0000
1781736824.667,motion_disabled,DRIVE,False,False,0.0000,0.0000,-0.0000,0.0000,False,4,1.4900,2.1763,0.0000,0.0000,0.0000
1781736824.746,motion_disabled,DRIVE,False,False,0.0000,0.0000,-0.0000,0.0000,False,4,1.4900,2.1763,0.0000,0.0000,0.0000
1781736824.826,motion_disabled,DRIVE,False,False,0.0000,0.0000,-0.0000,0.0000,False,4,1.4900,2.1763,0.0000,0.0000,0.0000
1781736824.906,motion_disabled,DRIVE,False,False,0.0000,0.0000,-0.0000,0.0000,False,4,1.4900,2.1763,0.0000,0.0000,0.0000
1781736824.986,motion_disabled,DRIVE,False,False,0.0000,0.0000,-0.0000,0.0000,False,4,1.4900,2.1763,0.0000,0.0000,0.0000
1781736825.066,motion_disabled,DRIVE,False,False,0.0000,0.0000,-0.0000,0.0000,False,4,1.4900,2.1763,0.0000,0.0000,0.0000
1781736825.146,motion_disabled,DRIVE,False,False,0.0000,0.0000,-0.0000,0.0000,False,4,1.4900,2.1763,0.0000,0.0000,0.0000
1781736825.228,motion_disabled,DRIVE,False,False,0.0000,0.0000,-0.0000,0.0000,False,4,1.4900,2.1763,0.0000,0.0000,0.0000
1781736825.306,motion_disabled,DRIVE,False,False,0.0000,0.0000,-0.0000,0.0000,False,4,1.4900,2.1763,0.0000,0.0000,0.0000
1781736825.386,motion_disabled,DRIVE,False,False,0.0000,0.0000,-0.0000,0.0000,False,4,1.4900,2.1763,0.0000,0.0000,0.0000
1781736825.466,motion_disabled,DRIVE,False,False,0.0000,0.0000,-0.0000,0.0000,False,4,1.4900,2.1763,0.0000,0.0000,0.0000
1781736825.546,motion_disabled,DRIVE,False,False,0.0000,0.0000,-0.0000,0.0000,False,4,1.4900,2.1763,0.0000,0.0000,0.0000
1781736825.626,motion_disabled,DRIVE,False,False,0.0000,0.0000,-0.0000,0.0000,False,4,1.4900,2.1763,0.0000,0.0000,0.0000
1781736825.707,motion_disabled,DRIVE,False,False,0.0000,0.0000,-0.0000,0.0000,False,4,1.4900,2.1763,0.0000,0.0000,0.0000
1781736825.786,motion_disabled,DRIVE,False,False,0.0000,0.0000,-0.0000,0.0000,False,4,1.4900,2.1763,0.0000,0.0000,0.0000
1781736825.866,motion_disabled,DRIVE,False,False,0.0000,0.0000,-0.0000,0.0000,False,4,1.4900,2.1763,0.0000,0.0000,0.0000
1781736825.946,motion_disabled,DRIVE,False,False,0.0000,0.0000,-0.0000,0.0000,False,4,1.4900,2.1763,0.0000,0.0000,0.0000
1781736826.026,motion_disabled,DRIVE,False,False,0.0000,0.0000,-0.0000,0.0000,False,4,1.4900,2.1763,0.0000,0.0000,0.0000
1781736826.107,motion_disabled,DRIVE,False,False,0.0000,0.0000,-0.0000,0.0000,False,4,1.4900,2.1763,0.0000,0.0000,0.0000
1781736826.186,motion_disabled,DRIVE,False,False,0.0000,0.0000,-0.0000,0.0000,False,4,1.4900,2.1763,0.0000,0.0000,0.0000
1781736826.267,motion_disabled,DRIVE,False,False,0.0000,0.0000,-0.0000,0.0000,False,4,1.4900,2.1763,0.0000,0.0000,0.0000
1781736826.347,motion_disabled,DRIVE,False,False,0.0000,0.0000,-0.0000,0.0000,False,4,1.4900,2.1763,0.0000,0.0000,0.0000
1781736826.426,motion_disabled,DRIVE,False,False,0.0000,0.0000,-0.0000,0.0000,False,4,1.4900,2.1763,0.0000,0.0000,0.0000
1781736826.515,motion_disabled,DRIVE,False,False,0.0000,0.0000,-0.0000,0.0000,False,4,1.4900,2.1763,0.0000,0.0000,0.0000
1781736826.587,motion_disabled,DRIVE,False,False,0.0000,0.0000,-0.0000,0.0000,False,4,1.4900,2.1763,0.0000,0.0000,0.0000
1781736826.666,motion_disabled,DRIVE,False,False,0.0000,0.0000,-0.0000,0.0000,False,4,1.4900,2.1763,0.0000,0.0000,0.0000
1781736826.747,motion_disabled,DRIVE,False,False,0.0000,0.0000,-0.0000,0.0000,False,4,1.4900,2.1763,0.0000,0.0000,0.0000
1781736826.826,motion_disabled,DRIVE,False,False,0.0000,0.0000,-0.0000,0.0000,False,4,1.4900,2.1763,0.0000,0.0000,0.0000
1781736826.906,motion_disabled,DRIVE,False,False,0.0000,0.0000,-0.0000,0.0000,False,4,1.4900,2.1763,0.0000,0.0000,0.0000
1781736826.993,motion_disabled,DRIVE,False,False,0.0000,0.0000,-0.0000,0.0000,False,4,1.4900,2.1763,0.0000,0.0000,0.0000
1781736827.067,motion_disabled,DRIVE,False,False,0.0000,0.0000,-0.0000,0.0000,False,4,1.4900,2.1763,0.0000,0.0000,0.0000
1781736827.146,motion_disabled,DRIVE,False,False,0.0000,0.0000,-0.0000,0.0000,False,4,1.4900,2.1763,0.0000,0.0000,0.0000
1781736827.226,motion_disabled,DRIVE,False,False,0.0000,0.0000,-0.0000,0.0000,False,4,1.4900,2.1763,0.0000,0.0000,0.0000
1781736827.306,motion_disabled,DRIVE,False,False,0.0000,0.0000,-0.0000,0.0000,False,4,1.4900,2.1763,0.0000,0.0000,0.0000
1781736827.389,motion_disabled,DRIVE,False,False,0.0000,0.0000,-0.0000,0.0000,False,4,1.4900,2.1763,0.0000,0.0000,0.0000
1781736827.466,motion_disabled,DRIVE,False,False,0.0000,0.0000,-0.0000,0.0000,False,4,1.4900,2.1763,0.0000,0.0000,0.0000
1781736827.546,motion_disabled,DRIVE,False,False,0.0000,0.0000,-0.0000,0.0000,False,4,1.4900,2.1763,0.0000,0.0000,0.0000
1781736827.627,motion_disabled,DRIVE,False,False,0.0000,0.0000,-0.0000,0.0000,False,4,1.4900,2.1763,0.0000,0.0000,0.0000
1781736827.706,motion_disabled,DRIVE,False,False,0.0000,0.0000,-0.0000,0.0000,False,4,1.4900,2.1763,0.0000,0.0000,0.0000
1781736827.787,motion_disabled,DRIVE,False,False,0.0000,0.0000,-0.0000,0.0000,False,4,1.4900,2.1763,0.0000,0.0000,0.0000
1781736827.866,motion_disabled,DRIVE,False,False,0.0000,0.0000,-0.0000,0.0000,False,4,1.4900,2.1763,0.0000,0.0000,0.0000
1781736827.947,motion_disabled,DRIVE,False,False,0.0000,0.0000,-0.0000,0.0000,False,4,1.4900,2.1763,0.0000,0.0000,0.0000
1781736828.027,motion_disabled,DRIVE,False,False,0.0000,0.0000,-0.0000,0.0000,False,4,1.4900,2.1763,0.0000,0.0000,0.0000
1781736828.106,motion_disabled,DRIVE,False,False,0.0000,0.0000,-0.0000,0.0000,False,4,1.4900,2.1763,0.0000,0.0000,0.0000
1781736828.187,motion_disabled,DRIVE,False,False,0.0000,0.0000,-0.0000,0.0000,False,4,1.4900,2.1763,0.0000,0.0000,0.0000
1781736828.267,motion_disabled,DRIVE,False,False,0.0000,0.0000,-0.0000,0.0000,False,4,1.4900,2.1763,0.0000,0.0000,0.0000
1781736828.346,motion_disabled,DRIVE,False,False,0.0000,0.0000,-0.0000,0.0000,False,4,1.4900,2.1763,0.0000,0.0000,0.0000
1781736828.426,motion_disabled,DRIVE,False,False,0.0000,0.0000,-0.0000,0.0000,False,4,1.4900,2.1763,0.0000,0.0000,0.0000
1781736828.508,motion_disabled,DRIVE,False,False,0.0000,0.0000,-0.0000,0.0000,False,4,1.4900,2.1763,0.0000,0.0000,0.0000
1781736828.586,motion_disabled,DRIVE,False,False,0.0000,0.0000,-0.0000,0.0000,False,4,1.4900,2.1763,0.0000,0.0000,0.0000
1781736828.666,motion_disabled,DRIVE,False,False,0.0000,0.0000,-0.0000,0.0000,False,4,1.4900,2.1763,0.0000,0.0000,0.0000
1781736828.752,motion_disabled,DRIVE,False,False,0.0000,0.0000,-0.0000,0.0000,False,4,1.4900,2.1763,0.0000,0.0000,0.0000
1781736828.827,motion_disabled,DRIVE,False,False,0.0000,0.0000,-0.0000,0.0000,False,4,1.4900,2.1763,0.0000,0.0000,0.0000
1781736828.907,motion_disabled,DRIVE,False,False,0.0000,0.0000,-0.0000,0.0000,False,4,1.4900,2.1763,0.0000,0.0000,0.0000
1781736828.986,motion_disabled,DRIVE,False,False,0.0000,0.0000,-0.0000,0.0000,False,4,1.4900,2.1763,0.0000,0.0000,0.0000
1781736829.066,motion_disabled,DRIVE,False,False,0.0000,0.0000,-0.0000,0.0000,False,4,1.4900,2.1763,0.0000,0.0000,0.0000
1781736829.146,motion_disabled,DRIVE,False,False,0.0000,0.0000,-0.0000,0.0000,False,4,1.4900,2.1763,0.0000,0.0000,0.0000
1781736829.226,motion_disabled,DRIVE,False,False,0.0000,0.0000,-0.0000,0.0000,False,4,1.4900,2.1763,0.0000,0.0000,0.0000
1781736829.306,motion_disabled,DRIVE,False,False,0.0000,0.0000,-0.0000,0.0000,False,4,1.4900,2.1763,0.0000,0.0000,0.0000
1781736829.386,motion_disabled,DRIVE,False,False,0.0000,0.0000,-0.0000,0.0000,False,4,1.4900,2.1763,0.0000,0.0000,0.0000
1781736829.466,motion_disabled,DRIVE,False,False,0.0000,0.0000,-0.0000,0.0000,False,4,1.4900,2.1763,0.0000,0.0000,0.0000
1781736829.553,motion_disabled,DRIVE,False,False,0.0000,0.0000,-0.0000,0.0000,False,4,1.4900,2.1763,0.0000,0.0000,0.0000
1781736829.629,motion_disabled,DRIVE,False,False,0.0000,0.0000,-0.0000,0.0000,False,4,1.4900,2.1763,0.0000,0.0000,0.0000
1781736829.711,motion_disabled,DRIVE,False,False,0.0000,0.0000,-0.0000,0.0000,False,4,1.4900,2.1763,0.0000,0.0000,0.0000
1781736829.787,motion_disabled,DRIVE,False,False,0.0000,0.0000,-0.0000,0.0000,False,4,1.4900,2.1763,0.0000,0.0000,0.0000
1781736829.867,motion_disabled,DRIVE,False,False,0.0000,0.0000,-0.0000,0.0000,False,4,1.4900,2.1763,0.0000,0.0000,0.0000
1781736829.946,motion_disabled,DRIVE,False,False,0.0000,0.0000,-0.0000,0.0000,False,4,1.4900,2.1763,0.0000,0.0000,0.0000
1781736830.027,motion_disabled,DRIVE,False,False,0.0000,0.0000,-0.0000,0.0000,False,4,1.4900,2.1763,0.0000,0.0000,0.0000
1781736830.106,motion_disabled,DRIVE,False,False,0.0000,0.0000,-0.0000,0.0000,False,4,1.4900,2.1763,0.0000,0.0000,0.0000
1781736830.187,motion_disabled,DRIVE,False,False,0.0000,0.0000,-0.0000,0.0000,False,4,1.4900,2.1763,0.0000,0.0000,0.0000
1781736830.271,motion_disabled,DRIVE,False,False,0.0000,0.0000,-0.0000,0.0000,False,4,1.4900,2.1763,0.0000,0.0000,0.0000
1781736830.346,motion_disabled,DRIVE,False,False,0.0000,0.0000,-0.0000,0.0000,False,4,1.4900,2.1763,0.0000,0.0000,0.0000
1781736830.427,motion_disabled,DRIVE,False,False,0.0000,0.0000,-0.0000,0.0000,False,4,1.4900,2.1763,0.0000,0.0000,0.0000
1781736830.506,motion_disabled,DRIVE,False,False,0.0000,0.0000,-0.0000,0.0000,False,4,1.4900,2.1763,0.0000,0.0000,0.0000
1781736830.590,motion_disabled,DRIVE,False,False,0.0000,0.0000,-0.0000,0.0000,False,4,1.4900,2.1763,0.0000,0.0000,0.0000
1781736830.666,motion_disabled,DRIVE,False,False,0.0000,0.0000,-0.0000,0.0000,False,4,1.4900,2.1763,0.0000,0.0000,0.0000
1781736830.747,motion_disabled,DRIVE,False,False,0.0000,0.0000,-0.0000,0.0000,False,4,1.4900,2.1763,0.0000,0.0000,0.0000
1781736830.826,motion_disabled,DRIVE,False,False,0.0000,0.0000,-0.0000,0.0000,False,4,1.4900,2.1763,0.0000,0.0000,0.0000
1781736830.906,motion_disabled,DRIVE,False,False,0.0000,0.0000,-0.0000,0.0000,False,4,1.4900,2.1763,0.0000,0.0000,0.0000
1781736830.991,motion_disabled,DRIVE,False,False,0.0000,0.0000,-0.0000,0.0000,False,4,1.4900,2.1763,0.0000,0.0000,0.0000
1781736831.066,motion_disabled,DRIVE,False,False,0.0000,0.0000,-0.0000,0.0000,False,4,1.4900,2.1763,0.0000,0.0000,0.0000
1781736831.147,motion_disabled,DRIVE,False,False,0.0000,0.0000,-0.0000,0.0000,False,4,1.4900,2.1763,0.0000,0.0000,0.0000
1781736831.228,motion_disabled,DRIVE,False,False,0.0000,0.0000,-0.0000,0.0000,False,4,1.4900,2.1763,0.0000,0.0000,0.0000
1781736831.306,motion_disabled,DRIVE,False,False,0.0000,0.0000,-0.0000,0.0000,False,4,1.4900,2.1763,0.0000,0.0000,0.0000
1781736831.387,motion_disabled,DRIVE,False,False,0.0000,0.0000,-0.0000,0.0000,False,4,1.4900,2.1763,0.0000,0.0000,0.0000
1781736831.466,motion_disabled,DRIVE,False,False,0.0000,0.0000,-0.0000,0.0000,False,4,1.4900,2.1763,0.0000,0.0000,0.0000
1781736831.546,motion_disabled,DRIVE,False,False,0.0000,0.0000,-0.0000,0.0000,False,4,1.4900,2.1763,0.0000,0.0000,0.0000
1781736831.627,motion_disabled,DRIVE,False,False,0.0000,0.0000,-0.0000,0.0000,False,4,1.4900,2.1763,0.0000,0.0000,0.0000
1781736831.707,motion_disabled,DRIVE,False,False,0.0000,0.0000,-0.0000,0.0000,False,4,1.4900,2.1763,0.0000,0.0000,0.0000
1781736831.787,motion_disabled,DRIVE,False,False,0.0000,0.0000,-0.0000,0.0000,False,4,1.4900,2.1763,0.0000,0.0000,0.0000
1781736831.867,motion_disabled,DRIVE,False,False,0.0000,0.0000,-0.0000,0.0000,False,4,1.4900,2.1763,0.0000,0.0000,0.0000
1781736831.946,motion_disabled,DRIVE,False,False,0.0000,0.0000,-0.0000,0.0000,False,4,1.4900,2.1763,0.0000,0.0000,0.0000
1781736832.026,motion_disabled,DRIVE,False,False,0.0000,0.0000,-0.0000,0.0000,False,4,1.4900,2.1763,0.0000,0.0000,0.0000
1781736832.106,motion_disabled,DRIVE,False,False,0.0000,0.0000,-0.0000,0.0000,False,4,1.4900,2.1763,0.0000,0.0000,0.0000
1781736832.191,motion_disabled,DRIVE,False,False,0.0000,0.0000,-0.0000,0.0000,False,4,1.4900,2.1763,0.0000,0.0000,0.0000
1781736832.267,motion_disabled,DRIVE,False,False,0.0000,0.0000,-0.0000,0.0000,False,4,1.4900,2.1763,0.0000,0.0000,0.0000
1781736832.346,motion_disabled,DRIVE,False,False,0.0000,0.0000,-0.0000,0.0000,False,4,1.4900,2.1763,0.0000,0.0000,0.0000
1781736832.427,motion_disabled,DRIVE,False,False,0.0000,0.0000,-0.0000,0.0000,False,4,1.4900,2.1763,0.0000,0.0000,0.0000
1781736832.507,motion_disabled,DRIVE,False,False,0.0000,0.0000,-0.0000,0.0000,False,4,1.4900,2.1763,0.0000,0.0000,0.0000
1781736832.586,motion_disabled,DRIVE,False,False,0.0000,0.0000,-0.0000,0.0000,False,4,1.4900,2.1763,0.0000,0.0000,0.0000
1781736832.666,motion_disabled,DRIVE,False,False,0.0000,0.0000,-0.0000,0.0000,False,4,1.4900,2.1763,0.0000,0.0000,0.0000
1781736832.746,motion_disabled,DRIVE,False,False,0.0000,0.0000,-0.0000,0.0000,False,4,1.4900,2.1763,0.0000,0.0000,0.0000
1781736832.827,motion_disabled,DRIVE,False,False,0.0000,0.0000,-0.0000,0.0000,False,4,1.4900,2.1763,0.0000,0.0000,0.0000
1781736832.906,motion_disabled,DRIVE,False,False,0.0000,0.0000,-0.0000,0.0000,False,4,1.4900,2.1763,0.0000,0.0000,0.0000
1781736832.989,motion_disabled,DRIVE,False,False,0.0000,0.0000,-0.0000,0.0000,False,4,1.4900,2.1763,0.0000,0.0000,0.0000
1781736833.066,motion_disabled,DRIVE,False,False,0.0000,0.0000,-0.0000,0.0000,False,4,1.4900,2.1763,0.0000,0.0000,0.0000
1781736833.146,motion_disabled,DRIVE,False,False,0.0000,0.0000,-0.0000,0.0000,False,4,1.4900,2.1763,0.0000,0.0000,0.0000
1781736833.227,motion_disabled,DRIVE,False,False,0.0000,0.0000,-0.0000,0.0000,False,4,1.4900,2.1763,0.0000,0.0000,0.0000
1781736833.306,motion_disabled,DRIVE,False,False,0.0000,0.0000,-0.0000,0.0000,False,4,1.4900,2.1763,0.0000,0.0000,0.0000
1781736833.387,motion_disabled,DRIVE,False,False,0.0000,0.0000,-0.0000,0.0000,False,4,1.4900,2.1763,0.0000,0.0000,0.0000
1781736833.466,motion_disabled,DRIVE,False,False,0.0000,0.0000,-0.0000,0.0000,False,4,1.4900,2.1763,0.0000,0.0000,0.0000
1781736833.547,motion_disabled,DRIVE,False,False,0.0000,0.0000,-0.0000,0.0000,False,4,1.4900,2.1763,0.0000,0.0000,0.0000
1781736833.627,motion_disabled,DRIVE,False,False,0.0000,0.0000,-0.0000,0.0000,False,4,1.4900,2.1763,0.0000,0.0000,0.0000
1781736833.706,motion_disabled,DRIVE,False,False,0.0000,0.0000,-0.0000,0.0000,False,4,1.4900,2.1763,0.0000,0.0000,0.0000
1781736833.786,motion_disabled,DRIVE,False,False,0.0000,0.0000,-0.0000,0.0000,False,4,1.4900,2.1763,0.0000,0.0000,0.0000
1781736833.874,motion_disabled,DRIVE,False,False,0.0000,0.0000,-0.0000,0.0000,False,4,1.4900,2.1763,0.0000,0.0000,0.0000
1781736833.959,motion_disabled,DRIVE,False,False,0.0000,0.0000,-0.0000,0.0000,False,4,1.4900,2.1763,0.0000,0.0000,0.0000
1781736834.027,motion_disabled,DRIVE,False,False,0.0000,0.0000,-0.0000,0.0000,False,4,1.4900,2.1763,0.0000,0.0000,0.0000
1781736834.106,motion_disabled,DRIVE,False,False,0.0000,0.0000,-0.0000,0.0000,False,4,1.4900,2.1763,0.0000,0.0000,0.0000
1781736834.186,motion_disabled,DRIVE,False,False,0.0000,0.0000,-0.0000,0.0000,False,4,1.4900,2.1763,0.0000,0.0000,0.0000
1781736834.266,motion_disabled,DRIVE,False,False,0.0000,0.0000,-0.0000,0.0000,False,4,1.4900,2.1763,0.0000,0.0000,0.0000
1781736834.346,motion_disabled,DRIVE,False,False,0.0000,0.0000,-0.0000,0.0000,False,4,1.4900,2.1763,0.0000,0.0000,0.0000
1781736834.427,motion_disabled,DRIVE,False,False,0.0000,0.0000,-0.0000,0.0000,False,4,1.4900,2.1763,0.0000,0.0000,0.0000
1781736834.508,motion_disabled,DRIVE,False,False,0.0000,0.0000,-0.0000,0.0000,False,4,1.4900,2.1763,0.0000,0.0000,0.0000
1781736834.586,motion_disabled,DRIVE,False,False,0.0000,0.0000,-0.0000,0.0000,False,4,1.4900,2.1763,0.0000,0.0000,0.0000
1781736834.666,motion_disabled,DRIVE,False,False,0.0000,0.0000,-0.0000,0.0000,False,4,1.4900,2.1763,0.0000,0.0000,0.0000
1781736834.747,motion_disabled,DRIVE,False,False,0.0000,0.0000,-0.0000,0.0000,False,4,1.4900,2.1763,0.0000,0.0000,0.0000
1781736834.827,motion_disabled,DRIVE,False,False,0.0000,0.0000,-0.0000,0.0000,False,4,1.4900,2.1763,0.0000,0.0000,0.0000
1781736834.907,motion_disabled,DRIVE,False,False,0.0000,0.0000,-0.0000,0.0000,False,4,1.4900,2.1763,0.0000,0.0000,0.0000
1781736834.986,motion_disabled,DRIVE,False,False,0.0000,0.0000,-0.0000,0.0000,False,4,1.4900,2.1763,0.0000,0.0000,0.0000
1781736835.066,motion_disabled,DRIVE,False,False,0.0000,0.0000,-0.0000,0.0000,False,4,1.4900,2.1763,0.0000,0.0000,0.0000
1781736835.147,motion_disabled,DRIVE,False,False,0.0000,0.0000,-0.0000,0.0000,False,4,1.4900,2.1763,0.0000,0.0000,0.0000
1781736835.227,motion_disabled,DRIVE,False,False,0.0000,0.0000,-0.0000,0.0000,False,4,1.4900,2.1763,0.0000,0.0000,0.0000
1781736835.306,motion_disabled,DRIVE,False,False,0.0000,0.0000,-0.0000,0.0000,False,4,1.4900,2.1763,0.0000,0.0000,0.0000
1781736835.386,motion_disabled,DRIVE,False,False,0.0000,0.0000,-0.0000,0.0000,False,4,1.4900,2.1763,0.0000,0.0000,0.0000
1781736835.467,motion_disabled,DRIVE,False,False,0.0000,0.0000,-0.0000,0.0000,False,4,1.4900,2.1763,0.0000,0.0000,0.0000
1781736835.546,motion_disabled,DRIVE,False,False,0.0000,0.0000,-0.0000,0.0000,False,4,1.4900,2.1763,0.0000,0.0000,0.0000
1781736835.627,motion_disabled,DRIVE,False,False,0.0000,0.0000,-0.0000,0.0000,False,4,1.4900,2.1763,0.0000,0.0000,0.0000
1781736835.706,motion_disabled,DRIVE,False,False,0.0000,0.0000,-0.0000,0.0000,False,4,1.4900,2.1763,0.0000,0.0000,0.0000
1781736835.786,motion_disabled,DRIVE,False,False,0.0000,0.0000,-0.0000,0.0000,False,4,1.4900,2.1763,0.0000,0.0000,0.0000
1781736835.872,motion_disabled,DRIVE,False,False,0.0000,0.0000,-0.0000,0.0000,False,4,1.4900,2.1763,0.0000,0.0000,0.0000
1781736835.946,motion_disabled,DRIVE,False,False,0.0000,0.0000,-0.0000,0.0000,False,4,1.4900,2.1763,0.0000,0.0000,0.0000
1781736836.027,motion_disabled,DRIVE,False,False,0.0000,0.0000,-0.0000,0.0000,False,4,1.4900,2.1763,0.0000,0.0000,0.0000
1781736836.106,motion_disabled,DRIVE,False,False,0.0000,0.0000,-0.0000,0.0000,False,4,1.4900,2.1763,0.0000,0.0000,0.0000
1781736836.186,motion_disabled,DRIVE,False,False,0.0000,0.0000,-0.0000,0.0000,False,4,1.4900,2.1763,0.0000,0.0000,0.0000
1781736836.266,motion_disabled,DRIVE,False,False,0.0000,0.0000,-0.0000,0.0000,False,4,1.4900,2.1763,0.0000,0.0000,0.0000
1781736836.346,motion_disabled,DRIVE,False,False,0.0000,0.0000,-0.0000,0.0000,False,4,1.4900,2.1763,0.0000,0.0000,0.0000
1781736836.426,motion_disabled,DRIVE,False,False,0.0000,0.0000,-0.0000,0.0000,False,4,1.4900,2.1763,0.0000,0.0000,0.0000
1781736836.506,motion_disabled,DRIVE,False,False,0.0000,0.0000,-0.0000,0.0000,False,4,1.4900,2.1763,0.0000,0.0000,0.0000
1781736836.586,motion_disabled,DRIVE,False,False,0.0000,0.0000,-0.0000,0.0000,False,4,1.4900,2.1763,0.0000,0.0000,0.0000
1781736836.668,motion_disabled,DRIVE,False,False,0.0000,0.0000,-0.0000,0.0000,False,4,1.4900,2.1763,0.0000,0.0000,0.0000
1781736836.746,motion_disabled,DRIVE,False,False,0.0000,0.0000,-0.0000,0.0000,False,4,1.4900,2.1763,0.0000,0.0000,0.0000
1781736836.827,motion_disabled,DRIVE,False,False,0.0000,0.0000,-0.0000,0.0000,False,4,1.4900,2.1763,0.0000,0.0000,0.0000
1781736836.907,motion_disabled,DRIVE,False,False,0.0000,0.0000,-0.0000,0.0000,False,4,1.4900,2.1763,0.0000,0.0000,0.0000
1781736836.987,motion_disabled,DRIVE,False,False,0.0000,0.0000,-0.0000,0.0000,False,4,1.4900,2.1763,0.0000,0.0000,0.0000
1781736837.066,motion_disabled,DRIVE,False,False,0.0000,0.0000,-0.0000,0.0000,False,4,1.4900,2.1763,0.0000,0.0000,0.0000
1781736837.146,motion_disabled,DRIVE,False,False,0.0000,0.0000,-0.0000,0.0000,False,4,1.4900,2.1763,0.0000,0.0000,0.0000
1781736837.238,motion_disabled,DRIVE,False,False,0.0000,0.0000,-0.0000,0.0000,False,4,1.4900,2.1763,0.0000,0.0000,0.0000
1781736837.308,motion_disabled,DRIVE,False,False,0.0000,0.0000,-0.0000,0.0000,False,4,1.4900,2.1763,0.0000,0.0000,0.0000
1781736837.399,motion_disabled,DRIVE,False,False,0.0000,0.0000,-0.0000,0.0000,False,4,1.4900,2.1763,0.0000,0.0000,0.0000
1781736837.467,motion_disabled,DRIVE,False,False,0.0000,0.0000,-0.0000,0.0000,False,4,1.4900,2.1763,0.0000,0.0000,0.0000
1781736837.546,motion_disabled,DRIVE,False,False,0.0000,0.0000,-0.0000,0.0000,False,4,1.4900,2.1763,0.0000,0.0000,0.0000
1781736837.631,motion_disabled,DRIVE,False,False,0.0000,0.0000,-0.0000,0.0000,False,4,1.4900,2.1763,0.0000,0.0000,0.0000
1781736837.706,motion_disabled,DRIVE,False,False,0.0000,0.0000,-0.0000,0.0000,False,4,1.4900,2.1763,0.0000,0.0000,0.0000
1781736837.789,motion_disabled,DRIVE,False,False,0.0000,0.0000,-0.0000,0.0000,False,4,1.4900,2.1763,0.0000,0.0000,0.0000
1781736837.867,motion_disabled,DRIVE,False,False,0.0000,0.0000,-0.0000,0.0000,False,4,1.4900,2.1763,0.0000,0.0000,0.0000
1781736837.946,motion_disabled,DRIVE,False,False,0.0000,0.0000,-0.0000,0.0000,False,4,1.4900,2.1763,0.0000,0.0000,0.0000
1781736838.027,motion_disabled,DRIVE,False,False,0.0000,0.0000,-0.0000,0.0000,False,4,1.4900,2.1763,0.0000,0.0000,0.0000
1781736838.107,motion_disabled,DRIVE,False,False,0.0000,0.0000,-0.0000,0.0000,False,4,1.4900,2.1763,0.0000,0.0000,0.0000
1781736838.186,motion_disabled,DRIVE,False,False,0.0000,0.0000,-0.0000,0.0000,False,4,1.4900,2.1763,0.0000,0.0000,0.0000
1781736838.267,motion_disabled,DRIVE,False,False,0.0000,0.0000,-0.0000,0.0000,False,4,1.4900,2.1763,0.0000,0.0000,0.0000
1781736838.347,motion_disabled,DRIVE,False,False,0.0000,0.0000,-0.0000,0.0000,False,4,1.4900,2.1763,0.0000,0.0000,0.0000
1781736838.426,motion_disabled,DRIVE,False,False,0.0000,0.0000,-0.0000,0.0000,False,4,1.4900,2.1763,0.0000,0.0000,0.0000
1781736838.509,motion_disabled,DRIVE,False,False,0.0000,0.0000,-0.0000,0.0000,False,4,1.4900,2.1763,0.0000,0.0000,0.0000
1781736838.587,motion_disabled,DRIVE,False,False,0.0000,0.0000,-0.0000,0.0000,False,4,1.4900,2.1763,0.0000,0.0000,0.0000
1781736838.667,motion_disabled,DRIVE,False,False,0.0000,0.0000,-0.0000,0.0000,False,4,1.4900,2.1763,0.0000,0.0000,0.0000
1781736838.747,motion_disabled,DRIVE,False,False,0.0000,0.0000,-0.0000,0.0000,False,4,1.4900,2.1763,0.0000,0.0000,0.0000
1781736838.826,motion_disabled,DRIVE,False,False,0.0000,0.0000,-0.0000,0.0000,False,4,1.4900,2.1763,0.0000,0.0000,0.0000
1781736838.906,motion_disabled,DRIVE,False,False,0.0000,0.0000,-0.0000,0.0000,False,4,1.4900,2.1763,0.0000,0.0000,0.0000
1781736838.987,motion_disabled,DRIVE,False,False,0.0000,0.0000,-0.0000,0.0000,False,4,1.4900,2.1763,0.0000,0.0000,0.0000
1781736839.067,motion_disabled,DRIVE,False,False,0.0000,0.0000,-0.0000,0.0000,False,4,1.4900,2.1763,0.0000,0.0000,0.0000
1781736839.146,motion_disabled,DRIVE,False,False,0.0000,0.0000,-0.0000,0.0000,False,4,1.4900,2.1763,0.0000,0.0000,0.0000
1781736839.226,motion_disabled,DRIVE,False,False,0.0000,0.0000,-0.0000,0.0000,False,4,1.4900,2.1763,0.0000,0.0000,0.0000
1781736839.306,motion_disabled,DRIVE,False,False,0.0000,0.0000,-0.0000,0.0000,False,4,1.4900,2.1763,0.0000,0.0000,0.0000
1781736839.387,motion_disabled,DRIVE,False,False,0.0000,0.0000,-0.0000,0.0000,False,4,1.4900,2.1763,0.0000,0.0000,0.0000
1781736839.466,motion_disabled,DRIVE,False,False,0.0000,0.0000,-0.0000,0.0000,False,4,1.4900,2.1763,0.0000,0.0000,0.0000
1781736839.546,motion_disabled,DRIVE,False,False,0.0000,0.0000,-0.0000,0.0000,False,4,1.4900,2.1763,0.0000,0.0000,0.0000
1781736839.627,motion_disabled,DRIVE,False,False,0.0000,0.0000,-0.0000,0.0000,False,4,1.4900,2.1763,0.0000,0.0000,0.0000
1781736839.710,motion_disabled,DRIVE,False,False,0.0000,0.0000,-0.0000,0.0000,False,4,1.4900,2.1763,0.0000,0.0000,0.0000
1781736839.786,motion_disabled,DRIVE,False,False,0.0000,0.0000,-0.0000,0.0000,False,4,1.4900,2.1763,0.0000,0.0000,0.0000
1781736839.866,motion_disabled,DRIVE,False,False,0.0000,0.0000,-0.0000,0.0000,False,4,1.4900,2.1763,0.0000,0.0000,0.0000
1781736839.946,motion_disabled,DRIVE,False,False,0.0000,0.0000,-0.0000,0.0000,False,4,1.4900,2.1763,0.0000,0.0000,0.0000
1781736840.029,motion_disabled,DRIVE,False,False,0.0000,0.0000,-0.0000,0.0000,False,4,1.4900,2.1763,0.0000,0.0000,0.0000
1781736840.107,motion_disabled,DRIVE,False,False,0.0000,0.0000,-0.0000,0.0000,False,4,1.4900,2.1763,0.0000,0.0000,0.0000
1781736840.187,motion_disabled,DRIVE,False,False,0.0000,0.0000,-0.0000,0.0000,False,4,1.4900,2.1763,0.0000,0.0000,0.0000
1781736840.269,motion_disabled,DRIVE,False,False,0.0000,0.0000,-0.0000,0.0000,False,4,1.4900,2.1763,0.0000,0.0000,0.0000
1781736840.347,motion_disabled,DRIVE,False,False,0.0000,0.0000,-0.0000,0.0000,False,4,1.4900,2.1763,0.0000,0.0000,0.0000
1781736840.427,motion_disabled,DRIVE,False,False,0.0000,0.0000,-0.0000,0.0000,False,4,1.4900,2.1763,0.0000,0.0000,0.0000
1781736840.507,motion_disabled,DRIVE,False,False,0.0000,0.0000,-0.0000,0.0000,False,4,1.4900,2.1763,0.0000,0.0000,0.0000
1781736840.587,motion_disabled,DRIVE,False,False,0.0000,0.0000,-0.0000,0.0000,False,4,1.4900,2.1763,0.0000,0.0000,0.0000
1781736840.672,motion_disabled,DRIVE,False,False,0.0000,0.0000,-0.0000,0.0000,False,4,1.4900,2.1763,0.0000,0.0000,0.0000
1781736840.751,motion_disabled,DRIVE,False,False,0.0000,0.0000,-0.0000,0.0000,False,4,1.4900,2.1763,0.0000,0.0000,0.0000
1781736840.826,motion_disabled,DRIVE,False,False,0.0000,0.0000,-0.0000,0.0000,False,4,1.4900,2.1763,0.0000,0.0000,0.0000
1781736840.907,motion_disabled,DRIVE,False,False,0.0000,0.0000,-0.0000,0.0000,False,4,1.4900,2.1763,0.0000,0.0000,0.0000
1781736840.987,motion_disabled,DRIVE,False,False,0.0000,0.0000,-0.0000,0.0000,False,4,1.4900,2.1763,0.0000,0.0000,0.0000
1781736841.070,motion_disabled,DRIVE,False,False,0.0000,0.0000,-0.0000,0.0000,False,4,1.4900,2.1763,0.0000,0.0000,0.0000
1781736841.147,motion_disabled,DRIVE,False,False,0.0000,0.0000,-0.0000,0.0000,False,4,1.4900,2.1763,0.0000,0.0000,0.0000
1781736841.227,motion_disabled,DRIVE,False,False,0.0000,0.0000,-0.0000,0.0000,False,4,1.4900,2.1763,0.0000,0.0000,0.0000
1781736841.308,motion_disabled,DRIVE,False,False,0.0000,0.0000,-0.0000,0.0000,False,4,1.4900,2.1763,0.0000,0.0000,0.0000
1781736841.391,motion_disabled,DRIVE,False,False,0.0000,0.0000,-0.0000,0.0000,False,4,1.4900,2.1763,0.0000,0.0000,0.0000
1781736841.470,motion_disabled,DRIVE,False,False,0.0000,0.0000,-0.0000,0.0000,False,4,1.4900,2.1763,0.0000,0.0000,0.0000
1781736841.547,motion_disabled,DRIVE,False,False,0.0000,0.0000,-0.0000,0.0000,False,4,1.4900,2.1763,0.0000,0.0000,0.0000
1781736841.627,motion_disabled,DRIVE,False,False,0.0000,0.0000,-0.0000,0.0000,False,4,1.4900,2.1763,0.0000,0.0000,0.0000
1781736841.706,motion_disabled,DRIVE,False,False,0.0000,0.0000,-0.0000,0.0000,False,4,1.4900,2.1763,0.0000,0.0000,0.0000
1781736841.786,motion_disabled,DRIVE,False,False,0.0000,0.0000,-0.0000,0.0000,False,4,1.4900,2.1763,0.0000,0.0000,0.0000
1781736841.866,motion_disabled,DRIVE,False,False,0.0000,0.0000,-0.0000,0.0000,False,4,1.4900,2.1763,0.0000,0.0000,0.0000
1781736841.946,motion_disabled,DRIVE,False,False,0.0000,0.0000,-0.0000,0.0000,False,4,1.4900,2.1763,0.0000,0.0000,0.0000
1781736842.027,motion_disabled,DRIVE,False,False,0.0000,0.0000,-0.0000,0.0000,False,4,1.4900,2.1763,0.0000,0.0000,0.0000
1781736842.106,motion_disabled,DRIVE,False,False,0.0000,0.0000,-0.0000,0.0000,False,4,1.4900,2.1763,0.0000,0.0000,0.0000
1781736842.187,motion_disabled,DRIVE,False,False,0.0000,0.0000,-0.0000,0.0000,False,4,1.4900,2.1763,0.0000,0.0000,0.0000
1781736842.266,motion_disabled,DRIVE,False,False,0.0000,0.0000,-0.0000,0.0000,False,4,1.4900,2.1763,0.0000,0.0000,0.0000
1781736842.348,motion_disabled,DRIVE,False,False,0.0000,0.0000,-0.0000,0.0000,False,4,1.4900,2.1763,0.0000,0.0000,0.0000
1781736842.427,motion_disabled,DRIVE,False,False,0.0000,0.0000,-0.0000,0.0000,False,4,1.4900,2.1763,0.0000,0.0000,0.0000
1781736842.506,motion_disabled,DRIVE,False,False,0.0000,0.0000,-0.0000,0.0000,False,4,1.4900,2.1763,0.0000,0.0000,0.0000
1781736842.586,motion_disabled,DRIVE,False,False,0.0000,0.0000,-0.0000,0.0000,False,4,1.4900,2.1763,0.0000,0.0000,0.0000
1781736842.666,motion_disabled,DRIVE,False,False,0.0000,0.0000,-0.0000,0.0000,False,4,1.4900,2.1763,0.0000,0.0000,0.0000
1781736842.747,motion_disabled,DRIVE,False,False,0.0000,0.0000,-0.0000,0.0000,False,4,1.4900,2.1763,0.0000,0.0000,0.0000
1781736842.827,motion_disabled,DRIVE,False,False,0.0000,0.0000,-0.0000,0.0000,False,4,1.4900,2.1763,0.0000,0.0000,0.0000
1781736842.906,motion_disabled,DRIVE,False,False,0.0000,0.0000,-0.0000,0.0000,False,4,1.4900,2.1763,0.0000,0.0000,0.0000
1781736842.995,motion_disabled,DRIVE,False,False,0.0000,0.0000,-0.0000,0.0000,False,4,1.4900,2.1763,0.0000,0.0000,0.0000
1781736843.066,motion_disabled,DRIVE,False,False,0.0000,0.0000,-0.0000,0.0000,False,4,1.4900,2.1763,0.0000,0.0000,0.0000
1781736843.146,motion_disabled,DRIVE,False,False,0.0000,0.0000,-0.0000,0.0000,False,4,1.4900,2.1763,0.0000,0.0000,0.0000
1781736843.226,motion_disabled,DRIVE,False,False,0.0000,0.0000,-0.0000,0.0000,False,4,1.4900,2.1763,0.0000,0.0000,0.0000
1781736843.307,motion_disabled,DRIVE,False,False,0.0000,0.0000,-0.0000,0.0000,False,4,1.4900,2.1763,0.0000,0.0000,0.0000
1781736843.386,motion_disabled,DRIVE,False,False,0.0000,0.0000,-0.0000,0.0000,False,4,1.4900,2.1763,0.0000,0.0000,0.0000
1781736843.466,motion_disabled,DRIVE,False,False,0.0000,0.0000,-0.0000,0.0000,False,4,1.4900,2.1763,0.0000,0.0000,0.0000
1781736843.546,motion_disabled,DRIVE,False,False,0.0000,0.0000,-0.0000,0.0000,False,4,1.4900,2.1763,0.0000,0.0000,0.0000
1781736843.626,motion_disabled,DRIVE,False,False,0.0000,0.0000,-0.0000,0.0000,False,4,1.4900,2.1763,0.0000,0.0000,0.0000
1781736843.706,motion_disabled,DRIVE,False,False,0.0000,0.0000,-0.0000,0.0000,False,4,1.4900,2.1763,0.0000,0.0000,0.0000
1781736843.786,motion_disabled,DRIVE,False,False,0.0000,0.0000,-0.0000,0.0000,False,4,1.4900,2.1763,0.0000,0.0000,0.0000
1781736843.867,motion_disabled,DRIVE,False,False,0.0000,0.0000,-0.0000,0.0000,False,4,1.4900,2.1763,0.0000,0.0000,0.0000
1781736843.946,motion_disabled,DRIVE,False,False,0.0000,0.0000,-0.0000,0.0000,False,4,1.4900,2.1763,0.0000,0.0000,0.0000
1781736844.027,motion_disabled,DRIVE,False,False,0.0000,0.0000,-0.0000,0.0000,False,4,1.4900,2.1763,0.0000,0.0000,0.0000
1781736844.106,motion_disabled,DRIVE,False,False,0.0000,0.0000,-0.0000,0.0000,False,4,1.4900,2.1763,0.0000,0.0000,0.0000
1781736844.186,motion_disabled,DRIVE,False,False,0.0000,0.0000,-0.0000,0.0000,False,4,1.4900,2.1763,0.0000,0.0000,0.0000
1781736844.266,motion_disabled,DRIVE,False,False,0.0000,0.0000,-0.0000,0.0000,False,4,1.4900,2.1763,0.0000,0.0000,0.0000
1781736844.346,motion_disabled,DRIVE,False,False,0.0000,0.0000,-0.0000,0.0000,False,4,1.4900,2.1763,0.0000,0.0000,0.0000
1781736844.427,motion_disabled,DRIVE,False,False,0.0000,0.0000,-0.0000,0.0000,False,4,1.4900,2.1763,0.0000,0.0000,0.0000
1781736844.506,motion_disabled,DRIVE,False,False,0.0000,0.0000,-0.0000,0.0000,False,4,1.4900,2.1763,0.0000,0.0000,0.0000
1781736844.586,motion_disabled,DRIVE,False,False,0.0000,0.0000,-0.0000,0.0000,False,4,1.4900,2.1763,0.0000,0.0000,0.0000
1781736844.666,motion_disabled,DRIVE,False,False,0.0000,0.0000,-0.0000,0.0000,False,4,1.4900,2.1763,0.0000,0.0000,0.0000
1781736844.746,motion_disabled,DRIVE,False,False,0.0000,0.0000,-0.0000,0.0000,False,4,1.4900,2.1763,0.0000,0.0000,0.0000
1781736844.826,motion_disabled,DRIVE,False,False,0.0000,0.0000,-0.0000,0.0000,False,4,1.4900,2.1763,0.0000,0.0000,0.0000
1781736844.907,motion_disabled,DRIVE,False,False,0.0000,0.0000,-0.0000,0.0000,False,4,1.4900,2.1763,0.0000,0.0000,0.0000
1781736844.987,motion_disabled,DRIVE,False,False,0.0000,0.0000,-0.0000,0.0000,False,4,1.4900,2.1763,0.0000,0.0000,0.0000
1781736845.066,motion_disabled,DRIVE,False,False,0.0000,0.0000,-0.0000,0.0000,False,4,1.4900,2.1763,0.0000,0.0000,0.0000
1781736845.147,motion_disabled,DRIVE,False,False,0.0000,0.0000,-0.0000,0.0000,False,4,1.4900,2.1763,0.0000,0.0000,0.0000
1781736845.227,motion_disabled,DRIVE,False,False,0.0000,0.0000,-0.0000,0.0000,False,4,1.4900,2.1763,0.0000,0.0000,0.0000
1781736845.306,motion_disabled,DRIVE,False,False,0.0000,0.0000,-0.0000,0.0000,False,4,1.4900,2.1763,0.0000,0.0000,0.0000
1781736845.386,motion_disabled,DRIVE,False,False,0.0000,0.0000,-0.0000,0.0000,False,4,1.4900,2.1763,0.0000,0.0000,0.0000
1781736845.467,motion_disabled,DRIVE,False,False,0.0000,0.0000,-0.0000,0.0000,False,4,1.4900,2.1763,0.0000,0.0000,0.0000
1781736845.546,motion_disabled,DRIVE,False,False,0.0000,0.0000,-0.0000,0.0000,False,4,1.4900,2.1763,0.0000,0.0000,0.0000
1781736845.626,motion_disabled,DRIVE,False,False,0.0000,0.0000,-0.0000,0.0000,False,4,1.4900,2.1763,0.0000,0.0000,0.0000
1781736845.706,motion_disabled,DRIVE,False,False,0.0000,0.0000,-0.0000,0.0000,False,4,1.4900,2.1763,0.0000,0.0000,0.0000
1781736845.787,motion_disabled,DRIVE,False,False,0.0000,0.0000,-0.0000,0.0000,False,4,1.4900,2.1763,0.0000,0.0000,0.0000
1781736845.867,motion_disabled,DRIVE,False,False,0.0000,0.0000,-0.0000,0.0000,False,4,1.4900,2.1763,0.0000,0.0000,0.0000
1781736845.948,motion_disabled,DRIVE,False,False,0.0000,0.0000,-0.0000,0.0000,False,4,1.4900,2.1763,0.0000,0.0000,0.0000
1781736846.029,motion_disabled,DRIVE,False,False,0.0000,0.0000,-0.0000,0.0000,False,4,1.4900,2.1763,0.0000,0.0000,0.0000
1781736846.106,motion_disabled,DRIVE,False,False,0.0000,0.0000,-0.0000,0.0000,False,4,1.4900,2.1763,0.0000,0.0000,0.0000
1781736846.186,motion_disabled,DRIVE,False,False,0.0000,0.0000,-0.0000,0.0000,False,4,1.4900,2.1763,0.0000,0.0000,0.0000
1781736846.266,motion_disabled,DRIVE,False,False,0.0000,0.0000,-0.0000,0.0000,False,4,1.4900,2.1763,0.0000,0.0000,0.0000
1781736846.346,motion_disabled,DRIVE,False,False,0.0000,0.0000,-0.0000,0.0000,False,4,1.4900,2.1763,0.0000,0.0000,0.0000
1781736846.426,motion_disabled,DRIVE,False,False,0.0000,0.0000,-0.0000,0.0000,False,4,1.4900,2.1763,0.0000,0.0000,0.0000
1781736846.506,motion_disabled,DRIVE,False,False,0.0000,0.0000,-0.0000,0.0000,False,4,1.4900,2.1763,0.0000,0.0000,0.0000
1781736846.587,motion_disabled,DRIVE,False,False,0.0000,0.0000,-0.0000,0.0000,False,4,1.4900,2.1763,0.0000,0.0000,0.0000
1781736846.667,motion_disabled,DRIVE,False,False,0.0000,0.0000,-0.0000,0.0000,False,4,1.4900,2.1763,0.0000,0.0000,0.0000
1781736846.746,motion_disabled,DRIVE,False,False,0.0000,0.0000,-0.0000,0.0000,False,4,1.4900,2.1763,0.0000,0.0000,0.0000
1781736846.827,motion_disabled,DRIVE,False,False,0.0000,0.0000,-0.0000,0.0000,False,4,1.4900,2.1763,0.0000,0.0000,0.0000
1781736846.906,motion_disabled,DRIVE,False,False,0.0000,0.0000,-0.0000,0.0000,False,4,1.4900,2.1763,0.0000,0.0000,0.0000
1781736846.987,motion_disabled,DRIVE,False,False,0.0000,0.0000,-0.0000,0.0000,False,4,1.4900,2.1763,0.0000,0.0000,0.0000
1781736847.066,motion_disabled,DRIVE,False,False,0.0000,0.0000,-0.0000,0.0000,False,4,1.4900,2.1763,0.0000,0.0000,0.0000
1781736847.149,motion_disabled,DRIVE,False,False,0.0000,0.0000,-0.0000,0.0000,False,4,1.4900,2.1763,0.0000,0.0000,0.0000
1781736847.227,motion_disabled,DRIVE,False,False,0.0000,0.0000,-0.0000,0.0000,False,4,1.4900,2.1763,0.0000,0.0000,0.0000
1781736847.306,motion_disabled,DRIVE,False,False,0.0000,0.0000,-0.0000,0.0000,False,4,1.4900,2.1763,0.0000,0.0000,0.0000
1781736847.386,motion_disabled,DRIVE,False,False,0.0000,0.0000,-0.0000,0.0000,False,4,1.4900,2.1763,0.0000,0.0000,0.0000
1781736847.466,motion_disabled,DRIVE,False,False,0.0000,0.0000,-0.0000,0.0000,False,4,1.4900,2.1763,0.0000,0.0000,0.0000
1781736847.547,motion_disabled,DRIVE,False,False,0.0000,0.0000,-0.0000,0.0000,False,4,1.4900,2.1763,0.0000,0.0000,0.0000
1781736847.629,motion_disabled,DRIVE,False,False,0.0000,0.0000,-0.0000,0.0000,False,4,1.4900,2.1763,0.0000,0.0000,0.0000
1781736847.706,motion_disabled,DRIVE,False,False,0.0000,0.0000,-0.0000,0.0000,False,4,1.4900,2.1763,0.0000,0.0000,0.0000
1781736847.786,motion_disabled,DRIVE,False,False,0.0000,0.0000,-0.0000,0.0000,False,4,1.4900,2.1763,0.0000,0.0000,0.0000
1781736847.866,motion_disabled,DRIVE,False,False,0.0000,0.0000,-0.0000,0.0000,False,4,1.4900,2.1763,0.0000,0.0000,0.0000
1781736847.946,motion_disabled,DRIVE,False,False,0.0000,0.0000,-0.0000,0.0000,False,4,1.4900,2.1763,0.0000,0.0000,0.0000
1781736848.027,motion_disabled,DRIVE,False,False,0.0000,0.0000,-0.0000,0.0000,False,4,1.4900,2.1763,0.0000,0.0000,0.0000
1781736848.106,motion_disabled,DRIVE,False,False,0.0000,0.0000,-0.0000,0.0000,False,4,1.4900,2.1763,0.0000,0.0000,0.0000
1781736848.186,motion_disabled,DRIVE,False,False,0.0000,0.0000,-0.0000,0.0000,False,4,1.4900,2.1763,0.0000,0.0000,0.0000
1781736848.267,motion_disabled,DRIVE,False,False,0.0000,0.0000,-0.0000,0.0000,False,4,1.4900,2.1763,0.0000,0.0000,0.0000
1781736848.347,motion_disabled,DRIVE,False,False,0.0000,0.0000,-0.0000,0.0000,False,4,1.4900,2.1763,0.0000,0.0000,0.0000
1781736848.427,motion_disabled,DRIVE,False,False,0.0000,0.0000,-0.0000,0.0000,False,4,1.4900,2.1763,0.0000,0.0000,0.0000
1781736848.508,motion_disabled,DRIVE,False,False,0.0000,0.0000,-0.0000,0.0000,False,4,1.4900,2.1763,0.0000,0.0000,0.0000
1781736848.586,motion_disabled,DRIVE,False,False,0.0000,0.0000,-0.0000,0.0000,False,4,1.4900,2.1763,0.0000,0.0000,0.0000
1781736848.670,motion_disabled,DRIVE,False,False,0.0000,0.0000,-0.0000,0.0000,False,4,1.4900,2.1763,0.0000,0.0000,0.0000
1781736848.748,motion_disabled,DRIVE,False,False,0.0000,0.0000,-0.0000,0.0000,False,4,1.4900,2.1763,0.0000,0.0000,0.0000
1781736848.826,motion_disabled,DRIVE,False,False,0.0000,0.0000,-0.0000,0.0000,False,4,1.4900,2.1763,0.0000,0.0000,0.0000
1781736848.906,motion_disabled,DRIVE,False,False,0.0000,0.0000,-0.0000,0.0000,False,4,1.4900,2.1763,0.0000,0.0000,0.0000
1781736848.986,motion_disabled,DRIVE,False,False,0.0000,0.0000,-0.0000,0.0000,False,4,1.4900,2.1763,0.0000,0.0000,0.0000
1781736849.066,motion_disabled,DRIVE,False,False,0.0000,0.0000,-0.0000,0.0000,False,4,1.4900,2.1763,0.0000,0.0000,0.0000
1781736849.146,motion_disabled,DRIVE,False,False,0.0000,0.0000,-0.0000,0.0000,False,4,1.4900,2.1763,0.0000,0.0000,0.0000
1781736849.226,motion_disabled,DRIVE,False,False,0.0000,0.0000,-0.0000,0.0000,False,4,1.4900,2.1763,0.0000,0.0000,0.0000
1781736849.306,motion_disabled,DRIVE,False,False,0.0000,0.0000,-0.0000,0.0000,False,4,1.4900,2.1763,0.0000,0.0000,0.0000
1781736849.386,motion_disabled,DRIVE,False,False,0.0000,0.0000,-0.0000,0.0000,False,4,1.4900,2.1763,0.0000,0.0000,0.0000
1781736849.466,motion_disabled,DRIVE,False,False,0.0000,0.0000,-0.0000,0.0000,False,4,1.4900,2.1763,0.0000,0.0000,0.0000
1781736849.546,motion_disabled,DRIVE,False,False,0.0000,0.0000,-0.0000,0.0000,False,4,1.4900,2.1763,0.0000,0.0000,0.0000
1781736849.626,motion_disabled,DRIVE,False,False,0.0000,0.0000,-0.0000,0.0000,False,4,1.4900,2.1763,0.0000,0.0000,0.0000
1781736849.706,motion_disabled,DRIVE,False,False,0.0000,0.0000,-0.0000,0.0000,False,4,1.4900,2.1763,0.0000,0.0000,0.0000
1781736849.786,motion_disabled,DRIVE,False,False,0.0000,0.0000,-0.0000,0.0000,False,4,1.4900,2.1763,0.0000,0.0000,0.0000
1781736849.866,motion_disabled,DRIVE,False,False,0.0000,0.0000,-0.0000,0.0000,False,4,1.4900,2.1763,0.0000,0.0000,0.0000
1781736849.947,motion_disabled,DRIVE,False,False,0.0000,0.0000,-0.0000,0.0000,False,4,1.4900,2.1763,0.0000,0.0000,0.0000
1781736850.026,motion_disabled,DRIVE,False,False,0.0000,0.0000,-0.0000,0.0000,False,4,1.4900,2.1763,0.0000,0.0000,0.0000
1781736850.111,motion_disabled,DRIVE,False,False,0.0000,0.0000,-0.0000,0.0000,False,4,1.4900,2.1763,0.0000,0.0000,0.0000
1781736850.189,motion_disabled,DRIVE,False,False,0.0000,0.0000,-0.0000,0.0000,False,4,1.4900,2.1763,0.0000,0.0000,0.0000
1781736850.267,motion_disabled,DRIVE,False,False,0.0000,0.0000,-0.0000,0.0000,False,4,1.4900,2.1763,0.0000,0.0000,0.0000
1781736850.346,motion_disabled,DRIVE,False,False,0.0000,0.0000,-0.0000,0.0000,False,4,1.4900,2.1763,0.0000,0.0000,0.0000
1781736850.426,motion_disabled,DRIVE,False,False,0.0000,0.0000,-0.0000,0.0000,False,4,1.4900,2.1763,0.0000,0.0000,0.0000
1781736850.507,motion_disabled,DRIVE,False,False,0.0000,0.0000,-0.0000,0.0000,False,4,1.4900,2.1763,0.0000,0.0000,0.0000
1781736850.586,motion_disabled,DRIVE,False,False,0.0000,0.0000,-0.0000,0.0000,False,4,1.4900,2.1763,0.0000,0.0000,0.0000
1781736850.666,motion_disabled,DRIVE,False,False,0.0000,0.0000,-0.0000,0.0000,False,4,1.4900,2.1763,0.0000,0.0000,0.0000
1781736850.749,motion_disabled,DRIVE,False,False,0.0000,0.0000,-0.0000,0.0000,False,4,1.4900,2.1763,0.0000,0.0000,0.0000
1781736850.827,motion_disabled,DRIVE,False,False,0.0000,0.0000,-0.0000,0.0000,False,4,1.4900,2.1763,0.0000,0.0000,0.0000
1781736850.907,motion_disabled,DRIVE,False,False,0.0000,0.0000,-0.0000,0.0000,False,4,1.4900,2.1763,0.0000,0.0000,0.0000
1781736850.986,motion_disabled,DRIVE,False,False,0.0000,0.0000,-0.0000,0.0000,False,4,1.4900,2.1763,0.0000,0.0000,0.0000
1781736851.066,motion_disabled,DRIVE,False,False,0.0000,0.0000,-0.0000,0.0000,False,4,1.4900,2.1763,0.0000,0.0000,0.0000
1781736851.147,motion_disabled,DRIVE,False,False,0.0000,0.0000,-0.0000,0.0000,False,4,1.4900,2.1763,0.0000,0.0000,0.0000
1781736851.226,motion_disabled,DRIVE,False,False,0.0000,0.0000,-0.0000,0.0000,False,4,1.4900,2.1763,0.0000,0.0000,0.0000
1781736851.307,motion_disabled,DRIVE,False,False,0.0000,0.0000,-0.0000,0.0000,False,4,1.4900,2.1763,0.0000,0.0000,0.0000
1781736851.386,motion_disabled,DRIVE,False,False,0.0000,0.0000,-0.0000,0.0000,False,4,1.4900,2.1763,0.0000,0.0000,0.0000
1781736851.466,motion_disabled,DRIVE,False,False,0.0000,0.0000,-0.0000,0.0000,False,4,1.4900,2.1763,0.0000,0.0000,0.0000
1781736851.546,motion_disabled,DRIVE,False,False,0.0000,0.0000,-0.0000,0.0000,False,4,1.4900,2.1763,0.0000,0.0000,0.0000
1781736851.626,motion_disabled,DRIVE,False,False,0.0000,0.0000,-0.0000,0.0000,False,4,1.4900,2.1763,0.0000,0.0000,0.0000
1781736851.706,motion_disabled,DRIVE,False,False,0.0000,0.0000,-0.0000,0.0000,False,4,1.4900,2.1763,0.0000,0.0000,0.0000
1781736851.786,motion_disabled,DRIVE,False,False,0.0000,0.0000,-0.0000,0.0000,False,4,1.4900,2.1763,0.0000,0.0000,0.0000
1781736851.866,motion_disabled,DRIVE,False,False,0.0000,0.0000,-0.0000,0.0000,False,4,1.4900,2.1763,0.0000,0.0000,0.0000
1781736851.947,motion_disabled,DRIVE,False,False,0.0000,0.0000,-0.0000,0.0000,False,4,1.4900,2.1763,0.0000,0.0000,0.0000
1781736852.027,motion_disabled,DRIVE,False,False,0.0000,0.0000,-0.0000,0.0000,False,4,1.4900,2.1763,0.0000,0.0000,0.0000
1781736852.106,motion_disabled,DRIVE,False,False,0.0000,0.0000,-0.0000,0.0000,False,4,1.4900,2.1763,0.0000,0.0000,0.0000
1781736852.187,motion_disabled,DRIVE,False,False,0.0000,0.0000,-0.0000,0.0000,False,4,1.4900,2.1763,0.0000,0.0000,0.0000
1781736852.270,motion_disabled,DRIVE,False,False,0.0000,0.0000,-0.0000,0.0000,False,4,1.4900,2.1763,0.0000,0.0000,0.0000
1781736852.347,motion_disabled,DRIVE,False,False,0.0000,0.0000,-0.0000,0.0000,False,4,1.4900,2.1763,0.0000,0.0000,0.0000
1781736852.427,motion_disabled,DRIVE,False,False,0.0000,0.0000,-0.0000,0.0000,False,4,1.4900,2.1763,0.0000,0.0000,0.0000
1781736852.506,motion_disabled,DRIVE,False,False,0.0000,0.0000,-0.0000,0.0000,False,4,1.4900,2.1763,0.0000,0.0000,0.0000
1781736852.586,motion_disabled,DRIVE,False,False,0.0000,0.0000,-0.0000,0.0000,False,4,1.4900,2.1763,0.0000,0.0000,0.0000
1781736852.666,motion_disabled,DRIVE,False,False,0.0000,0.0000,-0.0000,0.0000,False,4,1.4900,2.1763,0.0000,0.0000,0.0000
1781736852.746,motion_disabled,DRIVE,False,False,0.0000,0.0000,-0.0000,0.0000,False,4,1.4900,2.1763,0.0000,0.0000,0.0000
1781736852.826,motion_disabled,DRIVE,False,False,0.0000,0.0000,-0.0000,0.0000,False,4,1.4900,2.1763,0.0000,0.0000,0.0000
1781736852.908,motion_disabled,DRIVE,False,False,0.0000,0.0000,-0.0000,0.0000,False,4,1.4900,2.1763,0.0000,0.0000,0.0000
1781736852.997,motion_disabled,DRIVE,False,False,0.0000,0.0000,-0.0000,0.0000,False,4,1.4900,2.1763,0.0000,0.0000,0.0000
1781736853.066,motion_disabled,DRIVE,False,False,0.0000,0.0000,-0.0000,0.0000,False,4,1.4900,2.1763,0.0000,0.0000,0.0000
1781736853.147,motion_disabled,DRIVE,False,False,0.0000,0.0000,-0.0000,0.0000,False,4,1.4900,2.1763,0.0000,0.0000,0.0000
1781736853.226,motion_disabled,DRIVE,False,False,0.0000,0.0000,-0.0000,0.0000,False,4,1.4900,2.1763,0.0000,0.0000,0.0000
1781736853.306,motion_disabled,DRIVE,False,False,0.0000,0.0000,-0.0000,0.0000,False,4,1.4900,2.1763,0.0000,0.0000,0.0000
1781736853.386,motion_disabled,DRIVE,False,False,0.0000,0.0000,-0.0000,0.0000,False,4,1.4900,2.1763,0.0000,0.0000,0.0000
1781736853.466,motion_disabled,DRIVE,False,False,0.0000,0.0000,-0.0000,0.0000,False,4,1.4900,2.1763,0.0000,0.0000,0.0000
1781736853.546,motion_disabled,DRIVE,False,False,0.0000,0.0000,-0.0000,0.0000,False,4,1.4900,2.1763,0.0000,0.0000,0.0000
1781736853.627,motion_disabled,DRIVE,False,False,0.0000,0.0000,-0.0000,0.0000,False,4,1.4900,2.1763,0.0000,0.0000,0.0000
1781736853.707,motion_disabled,DRIVE,False,False,0.0000,0.0000,-0.0000,0.0000,False,4,1.4900,2.1763,0.0000,0.0000,0.0000
1781736853.787,motion_disabled,DRIVE,False,False,0.0000,0.0000,-0.0000,0.0000,False,4,1.4900,2.1763,0.0000,0.0000,0.0000
1781736853.867,motion_disabled,DRIVE,False,False,0.0000,0.0000,-0.0000,0.0000,False,4,1.4900,2.1763,0.0000,0.0000,0.0000
1781736853.950,motion_disabled,DRIVE,False,False,0.0000,0.0000,-0.0000,0.0000,False,4,1.4900,2.1763,0.0000,0.0000,0.0000
1781736854.027,motion_disabled,DRIVE,False,False,0.0000,0.0000,-0.0000,0.0000,False,4,1.4900,2.1763,0.0000,0.0000,0.0000
1781736854.106,motion_disabled,DRIVE,False,False,0.0000,0.0000,-0.0000,0.0000,False,4,1.4900,2.1763,0.0000,0.0000,0.0000
1781736854.186,motion_disabled,DRIVE,False,False,0.0000,0.0000,-0.0000,0.0000,False,4,1.4900,2.1763,0.0000,0.0000,0.0000
1781736854.267,motion_disabled,DRIVE,False,False,0.0000,0.0000,-0.0000,0.0000,False,4,1.4900,2.1763,0.0000,0.0000,0.0000
1781736854.349,motion_disabled,DRIVE,False,False,0.0000,0.0000,-0.0000,0.0000,False,4,1.4900,2.1763,0.0000,0.0000,0.0000
1781736854.427,motion_disabled,DRIVE,False,False,0.0000,0.0000,-0.0000,0.0000,False,4,1.4900,2.1763,0.0000,0.0000,0.0000
1781736854.507,motion_disabled,DRIVE,False,False,0.0000,0.0000,-0.0000,0.0000,False,4,1.4900,2.1763,0.0000,0.0000,0.0000
1781736854.586,motion_disabled,DRIVE,False,False,0.0000,0.0000,-0.0000,0.0000,False,4,1.4900,2.1763,0.0000,0.0000,0.0000
1781736854.666,motion_disabled,DRIVE,False,False,0.0000,0.0000,-0.0000,0.0000,False,4,1.4900,2.1763,0.0000,0.0000,0.0000
1781736854.746,motion_disabled,DRIVE,False,False,0.0000,0.0000,-0.0000,0.0000,False,4,1.4900,2.1763,0.0000,0.0000,0.0000
1781736854.827,motion_disabled,DRIVE,False,False,0.0000,0.0000,-0.0000,0.0000,False,4,1.4900,2.1763,0.0000,0.0000,0.0000
1781736854.907,motion_disabled,DRIVE,False,False,0.0000,0.0000,-0.0000,0.0000,False,4,1.4900,2.1763,0.0000,0.0000,0.0000
1781736854.986,motion_disabled,DRIVE,False,False,0.0000,0.0000,-0.0000,0.0000,False,4,1.4900,2.1763,0.0000,0.0000,0.0000
1781736855.067,motion_disabled,DRIVE,False,False,0.0000,0.0000,-0.0000,0.0000,False,4,1.4900,2.1763,0.0000,0.0000,0.0000
1781736855.146,motion_disabled,DRIVE,False,False,0.0000,0.0000,-0.0000,0.0000,False,4,1.4900,2.1763,0.0000,0.0000,0.0000
1781736855.227,motion_disabled,DRIVE,False,False,0.0000,0.0000,-0.0000,0.0000,False,4,1.4900,2.1763,0.0000,0.0000,0.0000
1781736855.306,motion_disabled,DRIVE,False,False,0.0000,0.0000,-0.0000,0.0000,False,4,1.4900,2.1763,0.0000,0.0000,0.0000
1781736855.390,motion_disabled,DRIVE,False,False,0.0000,0.0000,-0.0000,0.0000,False,4,1.4900,2.1763,0.0000,0.0000,0.0000
1781736855.468,motion_disabled,DRIVE,False,False,0.0000,0.0000,-0.0000,0.0000,False,4,1.4900,2.1763,0.0000,0.0000,0.0000
1781736855.546,motion_disabled,DRIVE,False,False,0.0000,0.0000,-0.0000,0.0000,False,4,1.4900,2.1763,0.0000,0.0000,0.0000
1781736855.626,motion_disabled,DRIVE,False,False,0.0000,0.0000,-0.0000,0.0000,False,4,1.4900,2.1763,0.0000,0.0000,0.0000
1781736855.707,motion_disabled,DRIVE,False,False,0.0000,0.0000,-0.0000,0.0000,False,4,1.4900,2.1763,0.0000,0.0000,0.0000
1781736855.786,motion_disabled,DRIVE,False,False,0.0000,0.0000,-0.0000,0.0000,False,4,1.4900,2.1763,0.0000,0.0000,0.0000
1781736855.867,motion_disabled,DRIVE,False,False,0.0000,0.0000,-0.0000,0.0000,False,4,1.4900,2.1763,0.0000,0.0000,0.0000
1781736855.946,motion_disabled,DRIVE,False,False,0.0000,0.0000,-0.0000,0.0000,False,4,1.4900,2.1763,0.0000,0.0000,0.0000
1781736856.027,motion_disabled,DRIVE,False,False,0.0000,0.0000,-0.0000,0.0000,False,4,1.4900,2.1763,0.0000,0.0000,0.0000
1781736856.106,motion_disabled,DRIVE,False,False,0.0000,0.0000,-0.0000,0.0000,False,4,1.4900,2.1763,0.0000,0.0000,0.0000
1781736856.187,motion_disabled,DRIVE,False,False,0.0000,0.0000,-0.0000,0.0000,False,4,1.4900,2.1763,0.0000,0.0000,0.0000
1781736856.286,motion_disabled,DRIVE,False,False,0.0000,0.0000,-0.0000,0.0000,False,4,1.4900,2.1763,0.0000,0.0000,0.0000
1781736856.346,motion_disabled,DRIVE,False,False,0.0000,0.0000,-0.0000,0.0000,False,4,1.4900,2.1763,0.0000,0.0000,0.0000
1781736856.427,motion_disabled,DRIVE,False,False,0.0000,0.0000,-0.0000,0.0000,False,4,1.4900,2.1763,0.0000,0.0000,0.0000
1781736856.509,motion_disabled,DRIVE,False,False,0.0000,0.0000,-0.0000,0.0000,False,4,1.4900,2.1763,0.0000,0.0000,0.0000
1781736856.587,motion_disabled,DRIVE,False,False,0.0000,0.0000,-0.0000,0.0000,False,4,1.4900,2.1763,0.0000,0.0000,0.0000
1781736856.667,motion_disabled,DRIVE,False,False,0.0000,0.0000,-0.0000,0.0000,False,4,1.4900,2.1763,0.0000,0.0000,0.0000
1781736856.747,motion_disabled,DRIVE,False,False,0.0000,0.0000,-0.0000,0.0000,False,4,1.4900,2.1763,0.0000,0.0000,0.0000
1781736856.827,motion_disabled,DRIVE,False,False,0.0000,0.0000,-0.0000,0.0000,False,4,1.4900,2.1763,0.0000,0.0000,0.0000
1781736856.907,motion_disabled,DRIVE,False,False,0.0000,0.0000,-0.0000,0.0000,False,4,1.4900,2.1763,0.0000,0.0000,0.0000
1781736856.986,motion_disabled,DRIVE,False,False,0.0000,0.0000,-0.0000,0.0000,False,4,1.4900,2.1763,0.0000,0.0000,0.0000
1781736857.067,motion_disabled,DRIVE,False,False,0.0000,0.0000,-0.0000,0.0000,False,4,1.4900,2.1763,0.0000,0.0000,0.0000
1781736857.147,motion_disabled,DRIVE,False,False,0.0000,0.0000,-0.0000,0.0000,False,4,1.4900,2.1763,0.0000,0.0000,0.0000
1781736857.227,motion_disabled,DRIVE,False,False,0.0000,0.0000,-0.0000,0.0000,False,4,1.4900,2.1763,0.0000,0.0000,0.0000
1781736857.306,motion_disabled,DRIVE,False,False,0.0000,0.0000,-0.0000,0.0000,False,4,1.4900,2.1763,0.0000,0.0000,0.0000
1781736857.386,motion_disabled,DRIVE,False,False,0.0000,0.0000,-0.0000,0.0000,False,4,1.4900,2.1763,0.0000,0.0000,0.0000
1781736857.467,motion_disabled,DRIVE,False,False,0.0000,0.0000,-0.0000,0.0000,False,4,1.4900,2.1763,0.0000,0.0000,0.0000
1781736857.549,motion_disabled,DRIVE,False,False,0.0000,0.0000,-0.0000,0.0000,False,4,1.4900,2.1763,0.0000,0.0000,0.0000
1781736857.626,motion_disabled,DRIVE,False,False,0.0000,0.0000,-0.0000,0.0000,False,4,1.4900,2.1763,0.0000,0.0000,0.0000
1781736857.706,motion_disabled,DRIVE,False,False,0.0000,0.0000,-0.0000,0.0000,False,4,1.4900,2.1763,0.0000,0.0000,0.0000
1781736857.786,motion_disabled,DRIVE,False,False,0.0000,0.0000,-0.0000,0.0000,False,4,1.4900,2.1763,0.0000,0.0000,0.0000
1781736857.866,motion_disabled,DRIVE,False,False,0.0000,0.0000,-0.0000,0.0000,False,4,1.4900,2.1763,0.0000,0.0000,0.0000
1781736857.946,motion_disabled,DRIVE,False,False,0.0000,0.0000,-0.0000,0.0000,False,4,1.4900,2.1763,0.0000,0.0000,0.0000
1781736858.027,motion_disabled,DRIVE,False,False,0.0000,0.0000,-0.0000,0.0000,False,4,1.4900,2.1763,0.0000,0.0000,0.0000
1781736858.107,motion_disabled,DRIVE,False,False,0.0000,0.0000,-0.0000,0.0000,False,4,1.4900,2.1763,0.0000,0.0000,0.0000
1781736858.186,motion_disabled,DRIVE,False,False,0.0000,0.0000,-0.0000,0.0000,False,4,1.4900,2.1763,0.0000,0.0000,0.0000
1781736858.266,motion_disabled,DRIVE,False,False,0.0000,0.0000,-0.0000,0.0000,False,4,1.4900,2.1763,0.0000,0.0000,0.0000
1781736858.348,motion_disabled,DRIVE,False,False,0.0000,0.0000,-0.0000,0.0000,False,4,1.4900,2.1763,0.0000,0.0000,0.0000
1781736858.427,motion_disabled,DRIVE,False,False,0.0000,0.0000,-0.0000,0.0000,False,4,1.4900,2.1763,0.0000,0.0000,0.0000
1781736858.507,motion_disabled,DRIVE,False,False,0.0000,0.0000,-0.0000,0.0000,False,4,1.4900,2.1763,0.0000,0.0000,0.0000
1781736858.587,motion_disabled,DRIVE,False,False,0.0000,0.0000,-0.0000,0.0000,False,4,1.4900,2.1763,0.0000,0.0000,0.0000
1781736858.666,motion_disabled,DRIVE,False,False,0.0000,0.0000,-0.0000,0.0000,False,4,1.4900,2.1763,0.0000,0.0000,0.0000
1781736858.746,motion_disabled,DRIVE,False,False,0.0000,0.0000,-0.0000,0.0000,False,4,1.4900,2.1763,0.0000,0.0000,0.0000
1781736858.826,motion_disabled,DRIVE,False,False,0.0000,0.0000,-0.0000,0.0000,False,4,1.4900,2.1763,0.0000,0.0000,0.0000
1781736858.906,motion_disabled,DRIVE,False,False,0.0000,0.0000,-0.0000,0.0000,False,4,1.4900,2.1763,0.0000,0.0000,0.0000
1781736858.987,motion_disabled,DRIVE,False,False,0.0000,0.0000,-0.0000,0.0000,False,4,1.4900,2.1763,0.0000,0.0000,0.0000
1781736859.067,motion_disabled,DRIVE,False,False,0.0000,0.0000,-0.0000,0.0000,False,4,1.4900,2.1763,0.0000,0.0000,0.0000
1781736859.148,motion_disabled,DRIVE,False,False,0.0000,0.0000,-0.0000,0.0000,False,4,1.4900,2.1763,0.0000,0.0000,0.0000
1781736859.227,motion_disabled,DRIVE,False,False,0.0000,0.0000,-0.0000,0.0000,False,4,1.4900,2.1763,0.0000,0.0000,0.0000
1781736859.306,motion_disabled,DRIVE,False,False,0.0000,0.0000,-0.0000,0.0000,False,4,1.4900,2.1763,0.0000,0.0000,0.0000
1781736859.386,motion_disabled,DRIVE,False,False,0.0000,0.0000,-0.0000,0.0000,False,4,1.4900,2.1763,0.0000,0.0000,0.0000
1781736859.466,motion_disabled,DRIVE,False,False,0.0000,0.0000,-0.0000,0.0000,False,4,1.4900,2.1763,0.0000,0.0000,0.0000
1781736859.547,motion_disabled,DRIVE,False,False,0.0000,0.0000,-0.0000,0.0000,False,4,1.4900,2.1763,0.0000,0.0000,0.0000
1781736859.628,motion_disabled,DRIVE,False,False,0.0000,0.0000,-0.0000,0.0000,False,4,1.4900,2.1763,0.0000,0.0000,0.0000
1781736859.715,motion_disabled,DRIVE,False,False,0.0000,0.0000,-0.0000,0.0000,False,4,1.4900,2.1763,0.0000,0.0000,0.0000
1781736859.787,motion_disabled,DRIVE,False,False,0.0000,0.0000,-0.0000,0.0000,False,4,1.4900,2.1763,0.0000,0.0000,0.0000
1781736859.867,motion_disabled,DRIVE,False,False,0.0000,0.0000,-0.0000,0.0000,False,4,1.4900,2.1763,0.0000,0.0000,0.0000
1781736859.946,motion_disabled,DRIVE,False,False,0.0000,0.0000,-0.0000,0.0000,False,4,1.4900,2.1763,0.0000,0.0000,0.0000
1781736860.030,motion_disabled,DRIVE,False,False,0.0000,0.0000,-0.0000,0.0000,False,4,1.4900,2.1763,0.0000,0.0000,0.0000
1781736860.108,motion_disabled,DRIVE,False,False,0.0000,0.0000,-0.0000,0.0000,False,4,1.4900,2.1763,0.0000,0.0000,0.0000
1781736860.186,motion_disabled,DRIVE,False,False,0.0000,0.0000,-0.0000,0.0000,False,4,1.4900,2.1763,0.0000,0.0000,0.0000
1781736860.266,motion_disabled,DRIVE,False,False,0.0000,0.0000,-0.0000,0.0000,False,4,1.4900,2.1763,0.0000,0.0000,0.0000
1781736860.346,motion_disabled,DRIVE,False,False,0.0000,0.0000,-0.0000,0.0000,False,4,1.4900,2.1763,0.0000,0.0000,0.0000
1781736860.428,motion_disabled,DRIVE,False,False,0.0000,0.0000,-0.0000,0.0000,False,4,1.4900,2.1763,0.0000,0.0000,0.0000
1781736860.507,motion_disabled,DRIVE,False,False,0.0000,0.0000,-0.0000,0.0000,False,4,1.4900,2.1763,0.0000,0.0000,0.0000
1781736860.586,motion_disabled,DRIVE,False,False,0.0000,0.0000,-0.0000,0.0000,False,4,1.4900,2.1763,0.0000,0.0000,0.0000
1781736860.666,motion_disabled,DRIVE,False,False,0.0000,0.0000,-0.0000,0.0000,False,4,1.4900,2.1763,0.0000,0.0000,0.0000
1781736860.746,motion_disabled,DRIVE,False,False,0.0000,0.0000,-0.0000,0.0000,False,4,1.4900,2.1763,0.0000,0.0000,0.0000
1781736860.827,motion_disabled,DRIVE,False,False,0.0000,0.0000,-0.0000,0.0000,False,4,1.4900,2.1763,0.0000,0.0000,0.0000
1781736860.906,motion_disabled,DRIVE,False,False,0.0000,0.0000,-0.0000,0.0000,False,4,1.4900,2.1763,0.0000,0.0000,0.0000
1781736860.987,motion_disabled,DRIVE,False,False,0.0000,0.0000,-0.0000,0.0000,False,4,1.4900,2.1763,0.0000,0.0000,0.0000
1781736861.066,motion_disabled,DRIVE,False,False,0.0000,0.0000,-0.0000,0.0000,False,4,1.4900,2.1763,0.0000,0.0000,0.0000
1781736861.149,motion_disabled,DRIVE,False,False,0.0000,0.0000,-0.0000,0.0000,False,4,1.4900,2.1763,0.0000,0.0000,0.0000
1781736861.227,motion_disabled,DRIVE,False,False,0.0000,0.0000,-0.0000,0.0000,False,4,1.4900,2.1763,0.0000,0.0000,0.0000
1781736861.306,motion_disabled,DRIVE,False,False,0.0000,0.0000,-0.0000,0.0000,False,4,1.4900,2.1763,0.0000,0.0000,0.0000
1781736861.390,motion_disabled,DRIVE,False,False,0.0000,0.0000,-0.0000,0.0000,False,4,1.4900,2.1763,0.0000,0.0000,0.0000
1781736861.467,motion_disabled,DRIVE,False,False,0.0000,0.0000,-0.0000,0.0000,False,4,1.4900,2.1763,0.0000,0.0000,0.0000
1781736861.547,motion_disabled,DRIVE,False,False,0.0000,0.0000,-0.0000,0.0000,False,4,1.4900,2.1763,0.0000,0.0000,0.0000
1781736861.626,motion_disabled,DRIVE,False,False,0.0000,0.0000,-0.0000,0.0000,False,4,1.4900,2.1763,0.0000,0.0000,0.0000
1781736861.706,motion_disabled,DRIVE,False,False,0.0000,0.0000,-0.0000,0.0000,False,4,1.4900,2.1763,0.0000,0.0000,0.0000
1781736861.787,motion_disabled,DRIVE,False,False,0.0000,0.0000,-0.0000,0.0000,False,4,1.4900,2.1763,0.0000,0.0000,0.0000
1781736861.867,motion_disabled,DRIVE,False,False,0.0000,0.0000,-0.0000,0.0000,False,4,1.4900,2.1763,0.0000,0.0000,0.0000
1781736861.946,motion_disabled,DRIVE,False,False,0.0000,0.0000,-0.0000,0.0000,False,4,1.4900,2.1763,0.0000,0.0000,0.0000
1781736862.026,motion_disabled,DRIVE,False,False,0.0000,0.0000,-0.0000,0.0000,False,4,1.4900,2.1763,0.0000,0.0000,0.0000
1781736862.106,motion_disabled,DRIVE,False,False,0.0000,0.0000,-0.0000,0.0000,False,4,1.4900,2.1763,0.0000,0.0000,0.0000
1781736862.189,motion_disabled,DRIVE,False,False,0.0000,0.0000,-0.0000,0.0000,False,4,1.4900,2.1763,0.0000,0.0000,0.0000
1781736862.267,motion_disabled,DRIVE,False,False,0.0000,0.0000,-0.0000,0.0000,False,4,1.4900,2.1763,0.0000,0.0000,0.0000
1781736862.348,motion_disabled,DRIVE,False,False,0.0000,0.0000,-0.0000,0.0000,False,4,1.4900,2.1763,0.0000,0.0000,0.0000
1781736862.427,motion_disabled,DRIVE,False,False,0.0000,0.0000,-0.0000,0.0000,False,4,1.4900,2.1763,0.0000,0.0000,0.0000
1781736862.506,motion_disabled,DRIVE,False,False,0.0000,0.0000,-0.0000,0.0000,False,4,1.4900,2.1763,0.0000,0.0000,0.0000
1781736862.598,motion_disabled,DRIVE,False,False,0.0000,0.0000,-0.0000,0.0000,False,4,1.4900,2.1763,0.0000,0.0000,0.0000
1781736862.666,motion_disabled,DRIVE,False,False,0.0000,0.0000,-0.0000,0.0000,False,4,1.4900,2.1763,0.0000,0.0000,0.0000
1781736862.746,motion_disabled,DRIVE,False,False,0.0000,0.0000,-0.0000,0.0000,False,4,1.4900,2.1763,0.0000,0.0000,0.0000
1781736862.828,motion_disabled,DRIVE,False,False,0.0000,0.0000,-0.0000,0.0000,False,4,1.4900,2.1763,0.0000,0.0000,0.0000
1781736862.906,motion_disabled,DRIVE,False,False,0.0000,0.0000,-0.0000,0.0000,False,4,1.4900,2.1763,0.0000,0.0000,0.0000
1781736862.987,motion_disabled,DRIVE,False,False,0.0000,0.0000,-0.0000,0.0000,False,4,1.4900,2.1763,0.0000,0.0000,0.0000
1781736863.066,motion_disabled,DRIVE,False,False,0.0000,0.0000,-0.0000,0.0000,False,4,1.4900,2.1763,0.0000,0.0000,0.0000
1781736863.146,motion_disabled,DRIVE,False,False,0.0000,0.0000,-0.0000,0.0000,False,4,1.4900,2.1763,0.0000,0.0000,0.0000
1781736863.226,motion_disabled,DRIVE,False,False,0.0000,0.0000,-0.0000,0.0000,False,4,1.4900,2.1763,0.0000,0.0000,0.0000
1781736863.306,motion_disabled,DRIVE,False,False,0.0000,0.0000,-0.0000,0.0000,False,4,1.4900,2.1763,0.0000,0.0000,0.0000
1781736863.386,motion_disabled,DRIVE,False,False,0.0000,0.0000,-0.0000,0.0000,False,4,1.4900,2.1763,0.0000,0.0000,0.0000
1781736863.466,motion_disabled,DRIVE,False,False,0.0000,0.0000,-0.0000,0.0000,False,4,1.4900,2.1763,0.0000,0.0000,0.0000
1781736863.547,motion_disabled,DRIVE,False,False,0.0000,0.0000,-0.0000,0.0000,False,4,1.4900,2.1763,0.0000,0.0000,0.0000
1781736863.629,motion_disabled,DRIVE,False,False,0.0000,0.0000,-0.0000,0.0000,False,4,1.4900,2.1763,0.0000,0.0000,0.0000
1781736863.710,motion_disabled,DRIVE,False,False,0.0000,0.0000,-0.0000,0.0000,False,4,1.4900,2.1763,0.0000,0.0000,0.0000
1781736863.787,motion_disabled,DRIVE,False,False,0.0000,0.0000,-0.0000,0.0000,False,4,1.4900,2.1763,0.0000,0.0000,0.0000
1781736863.866,motion_disabled,DRIVE,False,False,0.0000,0.0000,-0.0000,0.0000,False,4,1.4900,2.1763,0.0000,0.0000,0.0000
1781736863.946,motion_disabled,DRIVE,False,False,0.0000,0.0000,-0.0000,0.0000,False,4,1.4900,2.1763,0.0000,0.0000,0.0000
1781736864.026,motion_disabled,DRIVE,False,False,0.0000,0.0000,-0.0000,0.0000,False,4,1.4900,2.1763,0.0000,0.0000,0.0000
1781736864.106,motion_disabled,DRIVE,False,False,0.0000,0.0000,-0.0000,0.0000,False,4,1.4900,2.1763,0.0000,0.0000,0.0000
1781736864.186,motion_disabled,DRIVE,False,False,0.0000,0.0000,-0.0000,0.0000,False,4,1.4900,2.1763,0.0000,0.0000,0.0000
1781736864.266,motion_disabled,DRIVE,False,False,0.0000,0.0000,-0.0000,0.0000,False,4,1.4900,2.1763,0.0000,0.0000,0.0000
1781736864.346,motion_disabled,DRIVE,False,False,0.0000,0.0000,-0.0000,0.0000,False,4,1.4900,2.1763,0.0000,0.0000,0.0000
1781736864.427,motion_disabled,DRIVE,False,False,0.0000,0.0000,-0.0000,0.0000,False,4,1.4900,2.1763,0.0000,0.0000,0.0000
1781736864.507,motion_disabled,DRIVE,False,False,0.0000,0.0000,-0.0000,0.0000,False,4,1.4900,2.1763,0.0000,0.0000,0.0000
1781736864.586,motion_disabled,DRIVE,False,False,0.0000,0.0000,-0.0000,0.0000,False,4,1.4900,2.1763,0.0000,0.0000,0.0000
1781736864.666,motion_disabled,DRIVE,False,False,0.0000,0.0000,-0.0000,0.0000,False,4,1.4900,2.1763,0.0000,0.0000,0.0000
1781736864.747,motion_disabled,DRIVE,False,False,0.0000,0.0000,-0.0000,0.0000,False,4,1.4900,2.1763,0.0000,0.0000,0.0000
1781736864.836,motion_disabled,DRIVE,False,False,0.0000,0.0000,-0.0000,0.0000,False,4,1.4900,2.1763,0.0000,0.0000,0.0000
1781736864.906,motion_disabled,DRIVE,False,False,0.0000,0.0000,-0.0000,0.0000,False,4,1.4900,2.1763,0.0000,0.0000,0.0000
1781736864.987,motion_disabled,DRIVE,False,False,0.0000,0.0000,-0.0000,0.0000,False,4,1.4900,2.1763,0.0000,0.0000,0.0000
1781736865.066,motion_disabled,DRIVE,False,False,0.0000,0.0000,-0.0000,0.0000,False,4,1.4900,2.1763,0.0000,0.0000,0.0000
1781736865.150,motion_disabled,DRIVE,False,False,0.0000,0.0000,-0.0000,0.0000,False,4,1.4900,2.1763,0.0000,0.0000,0.0000
1781736865.226,motion_disabled,DRIVE,False,False,0.0000,0.0000,-0.0000,0.0000,False,4,1.4900,2.1763,0.0000,0.0000,0.0000
1781736865.306,motion_disabled,DRIVE,False,False,0.0000,0.0000,-0.0000,0.0000,False,4,1.4900,2.1763,0.0000,0.0000,0.0000
1781736865.386,motion_disabled,DRIVE,False,False,0.0000,0.0000,-0.0000,0.0000,False,4,1.4900,2.1763,0.0000,0.0000,0.0000
1781736865.467,motion_disabled,DRIVE,False,False,0.0000,0.0000,-0.0000,0.0000,False,4,1.4900,2.1763,0.0000,0.0000,0.0000
1781736865.546,motion_disabled,DRIVE,False,False,0.0000,0.0000,-0.0000,0.0000,False,4,1.4900,2.1763,0.0000,0.0000,0.0000
1781736865.626,motion_disabled,DRIVE,False,False,0.0000,0.0000,-0.0000,0.0000,False,4,1.4900,2.1763,0.0000,0.0000,0.0000
1781736865.706,motion_disabled,DRIVE,False,False,0.0000,0.0000,-0.0000,0.0000,False,4,1.4900,2.1763,0.0000,0.0000,0.0000
1781736865.787,motion_disabled,DRIVE,False,False,0.0000,0.0000,-0.0000,0.0000,False,4,1.4900,2.1763,0.0000,0.0000,0.0000
1781736865.867,motion_disabled,DRIVE,False,False,0.0000,0.0000,-0.0000,0.0000,False,4,1.4900,2.1763,0.0000,0.0000,0.0000
1781736865.946,motion_disabled,DRIVE,False,False,0.0000,0.0000,-0.0000,0.0000,False,4,1.4900,2.1763,0.0000,0.0000,0.0000
1781736866.026,motion_disabled,DRIVE,False,False,0.0000,0.0000,-0.0000,0.0000,False,4,1.4900,2.1763,0.0000,0.0000,0.0000
1781736866.107,motion_disabled,DRIVE,False,False,0.0000,0.0000,-0.0000,0.0000,False,4,1.4900,2.1763,0.0000,0.0000,0.0000
1781736866.186,motion_disabled,DRIVE,False,False,0.0000,0.0000,-0.0000,0.0000,False,4,1.4900,2.1763,0.0000,0.0000,0.0000
1781736866.266,motion_disabled,DRIVE,False,False,0.0000,0.0000,-0.0000,0.0000,False,4,1.4900,2.1763,0.0000,0.0000,0.0000
1781736866.346,motion_disabled,DRIVE,False,False,0.0000,0.0000,-0.0000,0.0000,False,4,1.4900,2.1763,0.0000,0.0000,0.0000
1781736866.427,motion_disabled,DRIVE,False,False,0.0000,0.0000,-0.0000,0.0000,False,4,1.4900,2.1763,0.0000,0.0000,0.0000
1781736866.506,motion_disabled,DRIVE,False,False,0.0000,0.0000,-0.0000,0.0000,False,4,1.4900,2.1763,0.0000,0.0000,0.0000
1781736866.586,motion_disabled,DRIVE,False,False,0.0000,0.0000,-0.0000,0.0000,False,4,1.4900,2.1763,0.0000,0.0000,0.0000
1781736866.666,motion_disabled,DRIVE,False,False,0.0000,0.0000,-0.0000,0.0000,False,4,1.4900,2.1763,0.0000,0.0000,0.0000
1781736866.746,motion_disabled,DRIVE,False,False,0.0000,0.0000,-0.0000,0.0000,False,4,1.4900,2.1763,0.0000,0.0000,0.0000
1781736866.826,motion_disabled,DRIVE,False,False,0.0000,0.0000,-0.0000,0.0000,False,4,1.4900,2.1763,0.0000,0.0000,0.0000
1781736866.906,motion_disabled,DRIVE,False,False,0.0000,0.0000,-0.0000,0.0000,False,4,1.4900,2.1763,0.0000,0.0000,0.0000
1781736867.017,motion_disabled,DRIVE,False,False,0.0000,0.0000,-0.0000,0.0000,False,4,1.4900,2.1763,0.0000,0.0000,0.0000
1781736867.086,motion_disabled,DRIVE,False,False,0.0000,0.0000,-0.0000,0.0000,False,4,1.4900,2.1763,0.0000,0.0000,0.0000
1781736867.150,motion_disabled,DRIVE,False,False,0.0000,0.0000,-0.0000,0.0000,False,4,1.4900,2.1763,0.0000,0.0000,0.0000
1781736867.226,motion_disabled,DRIVE,False,False,0.0000,0.0000,-0.0000,0.0000,False,4,1.4900,2.1763,0.0000,0.0000,0.0000
1781736867.306,motion_disabled,DRIVE,False,False,0.0000,0.0000,-0.0000,0.0000,False,4,1.4900,2.1763,0.0000,0.0000,0.0000
1781736867.386,motion_disabled,DRIVE,False,False,0.0000,0.0000,-0.0000,0.0000,False,4,1.4900,2.1763,0.0000,0.0000,0.0000
1781736867.466,motion_disabled,DRIVE,False,False,0.0000,0.0000,-0.0000,0.0000,False,4,1.4900,2.1763,0.0000,0.0000,0.0000
1781736867.546,motion_disabled,DRIVE,False,False,0.0000,0.0000,-0.0000,0.0000,False,4,1.4900,2.1763,0.0000,0.0000,0.0000
1781736867.629,motion_disabled,DRIVE,False,False,0.0000,0.0000,-0.0000,0.0000,False,4,1.4900,2.1763,0.0000,0.0000,0.0000
1781736867.707,motion_disabled,DRIVE,False,False,0.0000,0.0000,-0.0000,0.0000,False,4,1.4900,2.1763,0.0000,0.0000,0.0000
1781736867.787,motion_disabled,DRIVE,False,False,0.0000,0.0000,-0.0000,0.0000,False,4,1.4900,2.1763,0.0000,0.0000,0.0000
1781736867.866,motion_disabled,DRIVE,False,False,0.0000,0.0000,-0.0000,0.0000,False,4,1.4900,2.1763,0.0000,0.0000,0.0000
1781736867.946,motion_disabled,DRIVE,False,False,0.0000,0.0000,-0.0000,0.0000,False,4,1.4900,2.1763,0.0000,0.0000,0.0000
1781736868.027,motion_disabled,DRIVE,False,False,0.0000,0.0000,-0.0000,0.0000,False,4,1.4900,2.1763,0.0000,0.0000,0.0000
1781736868.107,motion_disabled,DRIVE,False,False,0.0000,0.0000,-0.0000,0.0000,False,4,1.4900,2.1763,0.0000,0.0000,0.0000
1781736868.187,motion_disabled,DRIVE,False,False,0.0000,0.0000,-0.0000,0.0000,False,4,1.4900,2.1763,0.0000,0.0000,0.0000
1781736868.267,motion_disabled,DRIVE,False,False,0.0000,0.0000,-0.0000,0.0000,False,4,1.4900,2.1763,0.0000,0.0000,0.0000
1781736868.347,motion_disabled,DRIVE,False,False,0.0000,0.0000,-0.0000,0.0000,False,4,1.4900,2.1763,0.0000,0.0000,0.0000
1781736868.426,motion_disabled,DRIVE,False,False,0.0000,0.0000,-0.0000,0.0000,False,4,1.4900,2.1763,0.0000,0.0000,0.0000
1781736868.506,motion_disabled,DRIVE,False,False,0.0000,0.0000,-0.0000,0.0000,False,4,1.4900,2.1763,0.0000,0.0000,0.0000
1781736868.586,motion_disabled,DRIVE,False,False,0.0000,0.0000,-0.0000,0.0000,False,4,1.4900,2.1763,0.0000,0.0000,0.0000
1781736868.666,motion_disabled,DRIVE,False,False,0.0000,0.0000,-0.0000,0.0000,False,4,1.4900,2.1763,0.0000,0.0000,0.0000
1781736868.748,motion_disabled,DRIVE,False,False,0.0000,0.0000,-0.0000,0.0000,False,4,1.4900,2.1763,0.0000,0.0000,0.0000
1781736868.830,motion_disabled,DRIVE,False,False,0.0000,0.0000,-0.0000,0.0000,False,4,1.4900,2.1763,0.0000,0.0000,0.0000
1781736868.906,motion_disabled,DRIVE,False,False,0.0000,0.0000,-0.0000,0.0000,False,4,1.4900,2.1763,0.0000,0.0000,0.0000
1781736868.986,motion_disabled,DRIVE,False,False,0.0000,0.0000,-0.0000,0.0000,False,4,1.4900,2.1763,0.0000,0.0000,0.0000
1781736869.067,motion_disabled,DRIVE,False,False,0.0000,0.0000,-0.0000,0.0000,False,4,1.4900,2.1763,0.0000,0.0000,0.0000
1781736869.146,motion_disabled,DRIVE,False,False,0.0000,0.0000,-0.0000,0.0000,False,4,1.4900,2.1763,0.0000,0.0000,0.0000
1781736869.227,motion_disabled,DRIVE,False,False,0.0000,0.0000,-0.0000,0.0000,False,4,1.4900,2.1763,0.0000,0.0000,0.0000
1781736869.306,motion_disabled,DRIVE,False,False,0.0000,0.0000,-0.0000,0.0000,False,4,1.4900,2.1763,0.0000,0.0000,0.0000
1781736869.387,motion_disabled,DRIVE,False,False,0.0000,0.0000,-0.0000,0.0000,False,4,1.4900,2.1763,0.0000,0.0000,0.0000
1781736869.466,motion_disabled,DRIVE,False,False,0.0000,0.0000,-0.0000,0.0000,False,4,1.4900,2.1763,0.0000,0.0000,0.0000
1781736869.547,motion_disabled,DRIVE,False,False,0.0000,0.0000,-0.0000,0.0000,False,4,1.4900,2.1763,0.0000,0.0000,0.0000
1781736869.633,motion_disabled,DRIVE,False,False,0.0000,0.0000,-0.0000,0.0000,False,4,1.4900,2.1763,0.0000,0.0000,0.0000
1781736869.706,motion_disabled,DRIVE,False,False,0.0000,0.0000,-0.0000,0.0000,False,4,1.4900,2.1763,0.0000,0.0000,0.0000
1781736869.786,motion_disabled,DRIVE,False,False,0.0000,0.0000,-0.0000,0.0000,False,4,1.4900,2.1763,0.0000,0.0000,0.0000
1781736869.867,motion_disabled,DRIVE,False,False,0.0000,0.0000,-0.0000,0.0000,False,4,1.4900,2.1763,0.0000,0.0000,0.0000
1781736869.946,motion_disabled,DRIVE,False,False,0.0000,0.0000,-0.0000,0.0000,False,4,1.4900,2.1763,0.0000,0.0000,0.0000
1781736870.026,motion_disabled,DRIVE,False,False,0.0000,0.0000,-0.0000,0.0000,False,4,1.4900,2.1763,0.0000,0.0000,0.0000
1781736870.106,motion_disabled,DRIVE,False,False,0.0000,0.0000,-0.0000,0.0000,False,4,1.4900,2.1763,0.0000,0.0000,0.0000
1781736870.187,motion_disabled,DRIVE,False,False,0.0000,0.0000,-0.0000,0.0000,False,4,1.4900,2.1763,0.0000,0.0000,0.0000
1781736870.270,motion_disabled,DRIVE,False,False,0.0000,0.0000,-0.0000,0.0000,False,4,1.4900,2.1763,0.0000,0.0000,0.0000
1781736870.352,motion_disabled,DRIVE,False,False,0.0000,0.0000,-0.0000,0.0000,False,4,1.4900,2.1763,0.0000,0.0000,0.0000
1781736870.426,motion_disabled,DRIVE,False,False,0.0000,0.0000,-0.0000,0.0000,False,4,1.4900,2.1763,0.0000,0.0000,0.0000
1781736870.506,motion_disabled,DRIVE,False,False,0.0000,0.0000,-0.0000,0.0000,False,4,1.4900,2.1763,0.0000,0.0000,0.0000
1781736870.588,motion_disabled,DRIVE,False,False,0.0000,0.0000,-0.0000,0.0000,False,4,1.4900,2.1763,0.0000,0.0000,0.0000
1781736870.667,motion_disabled,DRIVE,False,False,0.0000,0.0000,-0.0000,0.0000,False,4,1.4900,2.1763,0.0000,0.0000,0.0000
1781736870.751,motion_disabled,DRIVE,False,False,0.0000,0.0000,-0.0000,0.0000,False,4,1.4900,2.1763,0.0000,0.0000,0.0000
1781736870.827,motion_disabled,DRIVE,False,False,0.0000,0.0000,-0.0000,0.0000,False,4,1.4900,2.1763,0.0000,0.0000,0.0000
1781736870.907,motion_disabled,DRIVE,False,False,0.0000,0.0000,-0.0000,0.0000,False,4,1.4900,2.1763,0.0000,0.0000,0.0000
1781736870.986,motion_disabled,DRIVE,False,False,0.0000,0.0000,-0.0000,0.0000,False,4,1.4900,2.1763,0.0000,0.0000,0.0000
1781736871.066,motion_disabled,DRIVE,False,False,0.0000,0.0000,-0.0000,0.0000,False,4,1.4900,2.1763,0.0000,0.0000,0.0000
1781736871.146,motion_disabled,DRIVE,False,False,0.0000,0.0000,-0.0000,0.0000,False,4,1.4900,2.1763,0.0000,0.0000,0.0000
1781736871.226,motion_disabled,DRIVE,False,False,0.0000,0.0000,-0.0000,0.0000,False,4,1.4900,2.1763,0.0000,0.0000,0.0000
1781736871.307,motion_disabled,DRIVE,False,False,0.0000,0.0000,-0.0000,0.0000,False,4,1.4900,2.1763,0.0000,0.0000,0.0000
1781736871.386,motion_disabled,DRIVE,False,False,0.0000,0.0000,-0.0000,0.0000,False,4,1.4900,2.1763,0.0000,0.0000,0.0000
1781736871.466,motion_disabled,DRIVE,False,False,0.0000,0.0000,-0.0000,0.0000,False,4,1.4900,2.1763,0.0000,0.0000,0.0000
1781736871.546,motion_disabled,DRIVE,False,False,0.0000,0.0000,-0.0000,0.0000,False,4,1.4900,2.1763,0.0000,0.0000,0.0000
1781736871.626,motion_disabled,DRIVE,False,False,0.0000,0.0000,-0.0000,0.0000,False,4,1.4900,2.1763,0.0000,0.0000,0.0000
1781736871.707,motion_disabled,DRIVE,False,False,0.0000,0.0000,-0.0000,0.0000,False,4,1.4900,2.1763,0.0000,0.0000,0.0000
1781736871.786,motion_disabled,DRIVE,False,False,0.0000,0.0000,-0.0000,0.0000,False,4,1.4900,2.1763,0.0000,0.0000,0.0000
1781736871.866,motion_disabled,DRIVE,False,False,0.0000,0.0000,-0.0000,0.0000,False,4,1.4900,2.1763,0.0000,0.0000,0.0000
1781736871.946,motion_disabled,DRIVE,False,False,0.0000,0.0000,-0.0000,0.0000,False,4,1.4900,2.1763,0.0000,0.0000,0.0000
1781736872.027,motion_disabled,DRIVE,False,False,0.0000,0.0000,-0.0000,0.0000,False,4,1.4900,2.1763,0.0000,0.0000,0.0000
1781736872.106,motion_disabled,DRIVE,False,False,0.0000,0.0000,-0.0000,0.0000,False,4,1.4900,2.1763,0.0000,0.0000,0.0000
1781736872.186,motion_disabled,DRIVE,False,False,0.0000,0.0000,-0.0000,0.0000,False,4,1.4900,2.1763,0.0000,0.0000,0.0000
1781736872.267,motion_disabled,DRIVE,False,False,0.0000,0.0000,-0.0000,0.0000,False,4,1.4900,2.1763,0.0000,0.0000,0.0000
1781736872.346,motion_disabled,DRIVE,False,False,0.0000,0.0000,-0.0000,0.0000,False,4,1.4900,2.1763,0.0000,0.0000,0.0000
1781736872.427,motion_disabled,DRIVE,False,False,0.0000,0.0000,-0.0000,0.0000,False,4,1.4900,2.1763,0.0000,0.0000,0.0000
1781736872.507,motion_disabled,DRIVE,False,False,0.0000,0.0000,-0.0000,0.0000,False,4,1.4900,2.1763,0.0000,0.0000,0.0000
1781736872.586,motion_disabled,DRIVE,False,False,0.0000,0.0000,-0.0000,0.0000,False,4,1.4900,2.1763,0.0000,0.0000,0.0000
1781736872.666,motion_disabled,DRIVE,False,False,0.0000,0.0000,-0.0000,0.0000,False,4,1.4900,2.1763,0.0000,0.0000,0.0000
1781736872.746,motion_disabled,DRIVE,False,False,0.0000,0.0000,-0.0000,0.0000,False,4,1.4900,2.1763,0.0000,0.0000,0.0000
1781736872.827,motion_disabled,DRIVE,False,False,0.0000,0.0000,-0.0000,0.0000,False,4,1.4900,2.1763,0.0000,0.0000,0.0000
1781736872.906,motion_disabled,DRIVE,False,False,0.0000,0.0000,-0.0000,0.0000,False,4,1.4900,2.1763,0.0000,0.0000,0.0000
1781736872.986,motion_disabled,DRIVE,False,False,0.0000,0.0000,-0.0000,0.0000,False,4,1.4900,2.1763,0.0000,0.0000,0.0000
1781736873.066,motion_disabled,DRIVE,False,False,0.0000,0.0000,-0.0000,0.0000,False,4,1.4900,2.1763,0.0000,0.0000,0.0000
1781736873.147,motion_disabled,DRIVE,False,False,0.0000,0.0000,-0.0000,0.0000,False,4,1.4900,2.1763,0.0000,0.0000,0.0000
1781736873.227,motion_disabled,DRIVE,False,False,0.0000,0.0000,-0.0000,0.0000,False,4,1.4900,2.1763,0.0000,0.0000,0.0000
1781736873.306,motion_disabled,DRIVE,False,False,0.0000,0.0000,-0.0000,0.0000,False,4,1.4900,2.1763,0.0000,0.0000,0.0000
1781736873.388,motion_disabled,DRIVE,False,False,0.0000,0.0000,-0.0000,0.0000,False,4,1.4900,2.1763,0.0000,0.0000,0.0000
1781736873.466,motion_disabled,DRIVE,False,False,0.0000,0.0000,-0.0000,0.0000,False,4,1.4900,2.1763,0.0000,0.0000,0.0000
1781736873.546,motion_disabled,DRIVE,False,False,0.0000,0.0000,-0.0000,0.0000,False,4,1.4900,2.1763,0.0000,0.0000,0.0000
1781736873.639,motion_disabled,DRIVE,False,False,0.0000,0.0000,-0.0000,0.0000,False,4,1.4900,2.1763,0.0000,0.0000,0.0000
1781736873.707,motion_disabled,DRIVE,False,False,0.0000,0.0000,-0.0000,0.0000,False,4,1.4900,2.1763,0.0000,0.0000,0.0000
1781736873.786,motion_disabled,DRIVE,False,False,0.0000,0.0000,-0.0000,0.0000,False,4,1.4900,2.1763,0.0000,0.0000,0.0000
1781736873.867,motion_disabled,DRIVE,False,False,0.0000,0.0000,-0.0000,0.0000,False,4,1.4900,2.1763,0.0000,0.0000,0.0000
1781736873.947,motion_disabled,DRIVE,False,False,0.0000,0.0000,-0.0000,0.0000,False,4,1.4900,2.1763,0.0000,0.0000,0.0000
1781736874.027,motion_disabled,DRIVE,False,False,0.0000,0.0000,-0.0000,0.0000,False,4,1.4900,2.1763,0.0000,0.0000,0.0000
1781736874.106,motion_disabled,DRIVE,False,False,0.0000,0.0000,-0.0000,0.0000,False,4,1.4900,2.1763,0.0000,0.0000,0.0000
1781736874.186,motion_disabled,DRIVE,False,False,0.0000,0.0000,-0.0000,0.0000,False,4,1.4900,2.1763,0.0000,0.0000,0.0000
1781736874.266,motion_disabled,DRIVE,False,False,0.0000,0.0000,-0.0000,0.0000,False,4,1.4900,2.1763,0.0000,0.0000,0.0000
1781736874.347,motion_disabled,DRIVE,False,False,0.0000,0.0000,-0.0000,0.0000,False,4,1.4900,2.1763,0.0000,0.0000,0.0000
1781736874.427,motion_disabled,DRIVE,False,False,0.0000,0.0000,-0.0000,0.0000,False,4,1.4900,2.1763,0.0000,0.0000,0.0000
1781736874.506,motion_disabled,DRIVE,False,False,0.0000,0.0000,-0.0000,0.0000,False,4,1.4900,2.1763,0.0000,0.0000,0.0000
1781736874.586,motion_disabled,DRIVE,False,False,0.0000,0.0000,-0.0000,0.0000,False,4,1.4900,2.1763,0.0000,0.0000,0.0000
1781736874.666,motion_disabled,DRIVE,False,False,0.0000,0.0000,-0.0000,0.0000,False,4,1.4900,2.1763,0.0000,0.0000,0.0000
1781736874.747,motion_disabled,DRIVE,False,False,0.0000,0.0000,-0.0000,0.0000,False,4,1.4900,2.1763,0.0000,0.0000,0.0000
1781736874.827,motion_disabled,DRIVE,False,False,0.0000,0.0000,-0.0000,0.0000,False,4,1.4900,2.1763,0.0000,0.0000,0.0000
1781736874.906,motion_disabled,DRIVE,False,False,0.0000,0.0000,-0.0000,0.0000,False,4,1.4900,2.1763,0.0000,0.0000,0.0000
1781736874.986,motion_disabled,DRIVE,False,False,0.0000,0.0000,-0.0000,0.0000,False,4,1.4900,2.1763,0.0000,0.0000,0.0000
1781736875.066,motion_disabled,DRIVE,False,False,0.0000,0.0000,-0.0000,0.0000,False,4,1.4900,2.1763,0.0000,0.0000,0.0000
1781736875.147,motion_disabled,DRIVE,False,False,0.0000,0.0000,-0.0000,0.0000,False,4,1.4900,2.1763,0.0000,0.0000,0.0000
1781736875.227,motion_disabled,DRIVE,False,False,0.0000,0.0000,-0.0000,0.0000,False,4,1.4900,2.1763,0.0000,0.0000,0.0000
1781736875.306,motion_disabled,DRIVE,False,False,0.0000,0.0000,-0.0000,0.0000,False,4,1.4900,2.1763,0.0000,0.0000,0.0000
1781736875.387,motion_disabled,DRIVE,False,False,0.0000,0.0000,-0.0000,0.0000,False,4,1.4900,2.1763,0.0000,0.0000,0.0000
1781736875.469,motion_disabled,DRIVE,False,False,0.0000,0.0000,-0.0000,0.0000,False,4,1.4900,2.1763,0.0000,0.0000,0.0000
1781736875.547,motion_disabled,DRIVE,False,False,0.0000,0.0000,-0.0000,0.0000,False,4,1.4900,2.1763,0.0000,0.0000,0.0000
1781736875.627,motion_disabled,DRIVE,False,False,0.0000,0.0000,-0.0000,0.0000,False,4,1.4900,2.1763,0.0000,0.0000,0.0000
1781736875.706,motion_disabled,DRIVE,False,False,0.0000,0.0000,-0.0000,0.0000,False,4,1.4900,2.1763,0.0000,0.0000,0.0000
1781736875.786,motion_disabled,DRIVE,False,False,0.0000,0.0000,-0.0000,0.0000,False,4,1.4900,2.1763,0.0000,0.0000,0.0000
1781736875.866,motion_disabled,DRIVE,False,False,0.0000,0.0000,-0.0000,0.0000,False,4,1.4900,2.1763,0.0000,0.0000,0.0000
1781736875.946,motion_disabled,DRIVE,False,False,0.0000,0.0000,-0.0000,0.0000,False,4,1.4900,2.1763,0.0000,0.0000,0.0000
1781736876.026,motion_disabled,DRIVE,False,False,0.0000,0.0000,-0.0000,0.0000,False,4,1.4900,2.1763,0.0000,0.0000,0.0000
1781736876.106,motion_disabled,DRIVE,False,False,0.0000,0.0000,-0.0000,0.0000,False,4,1.4900,2.1763,0.0000,0.0000,0.0000
1781736876.186,motion_disabled,DRIVE,False,False,0.0000,0.0000,-0.0000,0.0000,False,4,1.4900,2.1763,0.0000,0.0000,0.0000
1781736876.266,motion_disabled,DRIVE,False,False,0.0000,0.0000,-0.0000,0.0000,False,4,1.4900,2.1763,0.0000,0.0000,0.0000
1781736876.346,motion_disabled,DRIVE,False,False,0.0000,0.0000,-0.0000,0.0000,False,4,1.4900,2.1763,0.0000,0.0000,0.0000
1781736876.427,motion_disabled,DRIVE,False,False,0.0000,0.0000,-0.0000,0.0000,False,4,1.4900,2.1763,0.0000,0.0000,0.0000
1781736876.506,motion_disabled,DRIVE,False,False,0.0000,0.0000,-0.0000,0.0000,False,4,1.4900,2.1763,0.0000,0.0000,0.0000
1781736876.590,motion_disabled,DRIVE,False,False,0.0000,0.0000,-0.0000,0.0000,False,4,1.4900,2.1763,0.0000,0.0000,0.0000
1781736876.666,motion_disabled,DRIVE,False,False,0.0000,0.0000,-0.0000,0.0000,False,4,1.4900,2.1763,0.0000,0.0000,0.0000
1781736876.746,motion_disabled,DRIVE,False,False,0.0000,0.0000,-0.0000,0.0000,False,4,1.4900,2.1763,0.0000,0.0000,0.0000
1781736876.826,motion_disabled,DRIVE,False,False,0.0000,0.0000,-0.0000,0.0000,False,4,1.4900,2.1763,0.0000,0.0000,0.0000
1781736876.906,motion_disabled,DRIVE,False,False,0.0000,0.0000,-0.0000,0.0000,False,4,1.4900,2.1763,0.0000,0.0000,0.0000
1781736876.987,motion_disabled,DRIVE,False,False,0.0000,0.0000,-0.0000,0.0000,False,4,1.4900,2.1763,0.0000,0.0000,0.0000
1781736877.066,motion_disabled,DRIVE,False,False,0.0000,0.0000,-0.0000,0.0000,False,4,1.4900,2.1763,0.0000,0.0000,0.0000
1781736877.146,motion_disabled,DRIVE,False,False,0.0000,0.0000,-0.0000,0.0000,False,4,1.4900,2.1763,0.0000,0.0000,0.0000
1781736877.227,motion_disabled,DRIVE,False,False,0.0000,0.0000,-0.0000,0.0000,False,4,1.4900,2.1763,0.0000,0.0000,0.0000
1781736877.306,motion_disabled,DRIVE,False,False,0.0000,0.0000,-0.0000,0.0000,False,4,1.4900,2.1763,0.0000,0.0000,0.0000
1781736877.386,motion_disabled,DRIVE,False,False,0.0000,0.0000,-0.0000,0.0000,False,4,1.4900,2.1763,0.0000,0.0000,0.0000
1781736877.466,motion_disabled,DRIVE,False,False,0.0000,0.0000,-0.0000,0.0000,False,4,1.4900,2.1763,0.0000,0.0000,0.0000
1781736877.547,motion_disabled,DRIVE,False,False,0.0000,0.0000,-0.0000,0.0000,False,4,1.4900,2.1763,0.0000,0.0000,0.0000
1781736877.626,motion_disabled,DRIVE,False,False,0.0000,0.0000,-0.0000,0.0000,False,4,1.4900,2.1763,0.0000,0.0000,0.0000
1781736877.706,motion_disabled,DRIVE,False,False,0.0000,0.0000,-0.0000,0.0000,False,4,1.4900,2.1763,0.0000,0.0000,0.0000
1781736877.786,motion_disabled,DRIVE,False,False,0.0000,0.0000,-0.0000,0.0000,False,4,1.4900,2.1763,0.0000,0.0000,0.0000
1781736877.866,motion_disabled,DRIVE,False,False,0.0000,0.0000,-0.0000,0.0000,False,4,1.4900,2.1763,0.0000,0.0000,0.0000
1781736877.947,motion_disabled,DRIVE,False,False,0.0000,0.0000,-0.0000,0.0000,False,4,1.4900,2.1763,0.0000,0.0000,0.0000
1781736878.026,motion_disabled,DRIVE,False,False,0.0000,0.0000,-0.0000,0.0000,False,4,1.4900,2.1763,0.0000,0.0000,0.0000
1781736878.107,motion_disabled,DRIVE,False,False,0.0000,0.0000,-0.0000,0.0000,False,4,1.4900,2.1763,0.0000,0.0000,0.0000
1781736878.186,motion_disabled,DRIVE,False,False,0.0000,0.0000,-0.0000,0.0000,False,4,1.4900,2.1763,0.0000,0.0000,0.0000
1781736878.267,motion_disabled,DRIVE,False,False,0.0000,0.0000,-0.0000,0.0000,False,4,1.4900,2.1763,0.0000,0.0000,0.0000
1781736878.346,motion_disabled,DRIVE,False,False,0.0000,0.0000,-0.0000,0.0000,False,4,1.4900,2.1763,0.0000,0.0000,0.0000
1781736878.426,motion_disabled,DRIVE,False,False,0.0000,0.0000,-0.0000,0.0000,False,4,1.4900,2.1763,0.0000,0.0000,0.0000
1781736878.507,motion_disabled,DRIVE,False,False,0.0000,0.0000,-0.0000,0.0000,False,4,1.4900,2.1763,0.0000,0.0000,0.0000
1781736878.586,motion_disabled,DRIVE,False,False,0.0000,0.0000,-0.0000,0.0000,False,4,1.4900,2.1763,0.0000,0.0000,0.0000
1781736878.666,motion_disabled,DRIVE,False,False,0.0000,0.0000,-0.0000,0.0000,False,4,1.4900,2.1763,0.0000,0.0000,0.0000
1781736878.747,motion_disabled,DRIVE,False,False,0.0000,0.0000,-0.0000,0.0000,False,4,1.4900,2.1763,0.0000,0.0000,0.0000
1781736878.827,motion_disabled,DRIVE,False,False,0.0000,0.0000,-0.0000,0.0000,False,4,1.4900,2.1763,0.0000,0.0000,0.0000
1781736878.906,motion_disabled,DRIVE,False,False,0.0000,0.0000,-0.0000,0.0000,False,4,1.4900,2.1763,0.0000,0.0000,0.0000
1781736878.986,motion_disabled,DRIVE,False,False,0.0000,0.0000,-0.0000,0.0000,False,4,1.4900,2.1763,0.0000,0.0000,0.0000
1781736879.067,motion_disabled,DRIVE,False,False,0.0000,0.0000,-0.0000,0.0000,False,4,1.4900,2.1763,0.0000,0.0000,0.0000
1781736879.147,motion_disabled,DRIVE,False,False,0.0000,0.0000,-0.0000,0.0000,False,4,1.4900,2.1763,0.0000,0.0000,0.0000
1781736879.227,motion_disabled,DRIVE,False,False,0.0000,0.0000,-0.0000,0.0000,False,4,1.4900,2.1763,0.0000,0.0000,0.0000
1781736879.306,motion_disabled,DRIVE,False,False,0.0000,0.0000,-0.0000,0.0000,False,4,1.4900,2.1763,0.0000,0.0000,0.0000
1781736879.386,motion_disabled,DRIVE,False,False,0.0000,0.0000,-0.0000,0.0000,False,4,1.4900,2.1763,0.0000,0.0000,0.0000
1781736879.466,motion_disabled,DRIVE,False,False,0.0000,0.0000,-0.0000,0.0000,False,4,1.4900,2.1763,0.0000,0.0000,0.0000
1781736879.546,motion_disabled,DRIVE,False,False,0.0000,0.0000,-0.0000,0.0000,False,4,1.4900,2.1763,0.0000,0.0000,0.0000
1781736879.626,motion_disabled,DRIVE,False,False,0.0000,0.0000,-0.0000,0.0000,False,4,1.4900,2.1763,0.0000,0.0000,0.0000
1781736879.706,motion_disabled,DRIVE,False,False,0.0000,0.0000,-0.0000,0.0000,False,4,1.4900,2.1763,0.0000,0.0000,0.0000
1781736879.787,motion_disabled,DRIVE,False,False,0.0000,0.0000,-0.0000,0.0000,False,4,1.4900,2.1763,0.0000,0.0000,0.0000
1781736879.866,motion_disabled,DRIVE,False,False,0.0000,0.0000,-0.0000,0.0000,False,4,1.4900,2.1763,0.0000,0.0000,0.0000
1781736879.953,motion_disabled,DRIVE,False,False,0.0000,0.0000,-0.0000,0.0000,False,4,1.4900,2.1763,0.0000,0.0000,0.0000
1781736880.035,motion_disabled,DRIVE,False,False,0.0000,0.0000,-0.0000,0.0000,False,4,1.4900,2.1763,0.0000,0.0000,0.0000
1781736880.106,motion_disabled,DRIVE,False,False,0.0000,0.0000,-0.0000,0.0000,False,4,1.4900,2.1763,0.0000,0.0000,0.0000
1781736880.186,motion_disabled,DRIVE,False,False,0.0000,0.0000,-0.0000,0.0000,False,4,1.4900,2.1763,0.0000,0.0000,0.0000
1781736880.266,motion_disabled,DRIVE,False,False,0.0000,0.0000,-0.0000,0.0000,False,4,1.4900,2.1763,0.0000,0.0000,0.0000
1781736880.346,motion_disabled,DRIVE,False,False,0.0000,0.0000,-0.0000,0.0000,False,4,1.4900,2.1763,0.0000,0.0000,0.0000
1781736880.427,motion_disabled,DRIVE,False,False,0.0000,0.0000,-0.0000,0.0000,False,4,1.4900,2.1763,0.0000,0.0000,0.0000
1781736880.507,motion_disabled,DRIVE,False,False,0.0000,0.0000,-0.0000,0.0000,False,4,1.4900,2.1763,0.0000,0.0000,0.0000
1781736880.586,motion_disabled,DRIVE,False,False,0.0000,0.0000,-0.0000,0.0000,False,4,1.4900,2.1763,0.0000,0.0000,0.0000
1781736880.666,motion_disabled,DRIVE,False,False,0.0000,0.0000,-0.0000,0.0000,False,4,1.4900,2.1763,0.0000,0.0000,0.0000
1781736880.750,motion_disabled,DRIVE,False,False,0.0000,0.0000,-0.0000,0.0000,False,4,1.4900,2.1763,0.0000,0.0000,0.0000
1781736880.827,motion_disabled,DRIVE,False,False,0.0000,0.0000,-0.0000,0.0000,False,4,1.4900,2.1763,0.0000,0.0000,0.0000
1781736880.907,motion_disabled,DRIVE,False,False,0.0000,0.0000,-0.0000,0.0000,False,4,1.4900,2.1763,0.0000,0.0000,0.0000
1781736880.987,motion_disabled,DRIVE,False,False,0.0000,0.0000,-0.0000,0.0000,False,4,1.4900,2.1763,0.0000,0.0000,0.0000
1781736881.066,motion_disabled,DRIVE,False,False,0.0000,0.0000,-0.0000,0.0000,False,4,1.4900,2.1763,0.0000,0.0000,0.0000
1781736881.146,motion_disabled,DRIVE,False,False,0.0000,0.0000,-0.0000,0.0000,False,4,1.4900,2.1763,0.0000,0.0000,0.0000
1781736881.227,motion_disabled,DRIVE,False,False,0.0000,0.0000,-0.0000,0.0000,False,4,1.4900,2.1763,0.0000,0.0000,0.0000
1781736881.308,motion_disabled,DRIVE,False,False,0.0000,0.0000,-0.0000,0.0000,False,4,1.4900,2.1763,0.0000,0.0000,0.0000
1781736881.386,motion_disabled,DRIVE,False,False,0.0000,0.0000,-0.0000,0.0000,False,4,1.4900,2.1763,0.0000,0.0000,0.0000
1781736881.467,motion_disabled,DRIVE,False,False,0.0000,0.0000,-0.0000,0.0000,False,4,1.4900,2.1763,0.0000,0.0000,0.0000
1781736881.547,motion_disabled,DRIVE,False,False,0.0000,0.0000,-0.0000,0.0000,False,4,1.4900,2.1763,0.0000,0.0000,0.0000
1781736881.626,motion_disabled,DRIVE,False,False,0.0000,0.0000,-0.0000,0.0000,False,4,1.4900,2.1763,0.0000,0.0000,0.0000
1781736881.707,motion_disabled,DRIVE,False,False,0.0000,0.0000,-0.0000,0.0000,False,4,1.4900,2.1763,0.0000,0.0000,0.0000
1781736881.786,motion_disabled,DRIVE,False,False,0.0000,0.0000,-0.0000,0.0000,False,4,1.4900,2.1763,0.0000,0.0000,0.0000
1781736881.867,motion_disabled,DRIVE,False,False,0.0000,0.0000,-0.0000,0.0000,False,4,1.4900,2.1763,0.0000,0.0000,0.0000
1781736881.947,motion_disabled,DRIVE,False,False,0.0000,0.0000,-0.0000,0.0000,False,4,1.4900,2.1763,0.0000,0.0000,0.0000
1781736882.030,motion_disabled,DRIVE,False,False,0.0000,0.0000,-0.0000,0.0000,False,4,1.4900,2.1763,0.0000,0.0000,0.0000
1781736882.106,motion_disabled,DRIVE,False,False,0.0000,0.0000,-0.0000,0.0000,False,4,1.4900,2.1763,0.0000,0.0000,0.0000
1781736882.186,motion_disabled,DRIVE,False,False,0.0000,0.0000,-0.0000,0.0000,False,4,1.4900,2.1763,0.0000,0.0000,0.0000
1781736882.266,motion_disabled,DRIVE,False,False,0.0000,0.0000,-0.0000,0.0000,False,4,1.4900,2.1763,0.0000,0.0000,0.0000
1781736882.347,motion_disabled,DRIVE,False,False,0.0000,0.0000,-0.0000,0.0000,False,4,1.4900,2.1763,0.0000,0.0000,0.0000
1781736882.427,motion_disabled,DRIVE,False,False,0.0000,0.0000,-0.0000,0.0000,False,4,1.4900,2.1763,0.0000,0.0000,0.0000
1781736882.507,motion_disabled,DRIVE,False,False,0.0000,0.0000,-0.0000,0.0000,False,4,1.4900,2.1763,0.0000,0.0000,0.0000
1781736882.586,motion_disabled,DRIVE,False,False,0.0000,0.0000,-0.0000,0.0000,False,4,1.4900,2.1763,0.0000,0.0000,0.0000
1781736882.667,motion_disabled,DRIVE,False,False,0.0000,0.0000,-0.0000,0.0000,False,4,1.4900,2.1763,0.0000,0.0000,0.0000
1781736882.746,motion_disabled,DRIVE,False,False,0.0000,0.0000,-0.0000,0.0000,False,4,1.4900,2.1763,0.0000,0.0000,0.0000
1781736882.831,motion_disabled,DRIVE,False,False,0.0000,0.0000,-0.0000,0.0000,False,4,1.4900,2.1763,0.0000,0.0000,0.0000
1781736882.906,motion_disabled,DRIVE,False,False,0.0000,0.0000,-0.0000,0.0000,False,4,1.4900,2.1763,0.0000,0.0000,0.0000
1781736882.987,motion_disabled,DRIVE,False,False,0.0000,0.0000,-0.0000,0.0000,False,4,1.4900,2.1763,0.0000,0.0000,0.0000
1781736883.066,motion_disabled,DRIVE,False,False,0.0000,0.0000,-0.0000,0.0000,False,4,1.4900,2.1763,0.0000,0.0000,0.0000
1781736883.146,motion_disabled,DRIVE,False,False,0.0000,0.0000,-0.0000,0.0000,False,4,1.4900,2.1763,0.0000,0.0000,0.0000
1781736883.227,motion_disabled,DRIVE,False,False,0.0000,0.0000,-0.0000,0.0000,False,4,1.4900,2.1763,0.0000,0.0000,0.0000
1781736883.306,motion_disabled,DRIVE,False,False,0.0000,0.0000,-0.0000,0.0000,False,4,1.4900,2.1763,0.0000,0.0000,0.0000
1781736883.386,motion_disabled,DRIVE,False,False,0.0000,0.0000,-0.0000,0.0000,False,4,1.4900,2.1763,0.0000,0.0000,0.0000
1781736883.468,motion_disabled,DRIVE,False,False,0.0000,0.0000,-0.0000,0.0000,False,4,1.4900,2.1763,0.0000,0.0000,0.0000
1781736883.549,motion_disabled,DRIVE,False,False,0.0000,0.0000,-0.0000,0.0000,False,4,1.4900,2.1763,0.0000,0.0000,0.0000
1781736883.626,motion_disabled,DRIVE,False,False,0.0000,0.0000,-0.0000,0.0000,False,4,1.4900,2.1763,0.0000,0.0000,0.0000
1781736883.706,motion_disabled,DRIVE,False,False,0.0000,0.0000,-0.0000,0.0000,False,4,1.4900,2.1763,0.0000,0.0000,0.0000
1781736883.786,motion_disabled,DRIVE,False,False,0.0000,0.0000,-0.0000,0.0000,False,4,1.4900,2.1763,0.0000,0.0000,0.0000
1781736883.866,motion_disabled,DRIVE,False,False,0.0000,0.0000,-0.0000,0.0000,False,4,1.4900,2.1763,0.0000,0.0000,0.0000
1781736883.946,motion_disabled,DRIVE,False,False,0.0000,0.0000,-0.0000,0.0000,False,4,1.4900,2.1763,0.0000,0.0000,0.0000
1781736884.027,motion_disabled,DRIVE,False,False,0.0000,0.0000,-0.0000,0.0000,False,4,1.4900,2.1763,0.0000,0.0000,0.0000
1781736884.107,motion_disabled,DRIVE,False,False,0.0000,0.0000,-0.0000,0.0000,False,4,1.4900,2.1763,0.0000,0.0000,0.0000
1781736884.186,motion_disabled,DRIVE,False,False,0.0000,0.0000,-0.0000,0.0000,False,4,1.4900,2.1763,0.0000,0.0000,0.0000
1781736884.266,motion_disabled,DRIVE,False,False,0.0000,0.0000,-0.0000,0.0000,False,4,1.4900,2.1763,0.0000,0.0000,0.0000
1781736884.346,motion_disabled,DRIVE,False,False,0.0000,0.0000,-0.0000,0.0000,False,4,1.4900,2.1763,0.0000,0.0000,0.0000
1781736884.426,motion_disabled,DRIVE,False,False,0.0000,0.0000,-0.0000,0.0000,False,4,1.4900,2.1763,0.0000,0.0000,0.0000
1781736884.507,motion_disabled,DRIVE,False,False,0.0000,0.0000,-0.0000,0.0000,False,4,1.4900,2.1763,0.0000,0.0000,0.0000
1781736884.587,motion_disabled,DRIVE,False,False,0.0000,0.0000,-0.0000,0.0000,False,4,1.4900,2.1763,0.0000,0.0000,0.0000
1781736884.667,motion_disabled,DRIVE,False,False,0.0000,0.0000,-0.0000,0.0000,False,4,1.4900,2.1763,0.0000,0.0000,0.0000
1781736884.748,motion_disabled,DRIVE,False,False,0.0000,0.0000,-0.0000,0.0000,False,4,1.4900,2.1763,0.0000,0.0000,0.0000
1781736884.827,motion_disabled,DRIVE,False,False,0.0000,0.0000,-0.0000,0.0000,False,4,1.4900,2.1763,0.0000,0.0000,0.0000
1781736884.908,motion_disabled,DRIVE,False,False,0.0000,0.0000,-0.0000,0.0000,False,4,1.4900,2.1763,0.0000,0.0000,0.0000
1781736884.986,motion_disabled,DRIVE,False,False,0.0000,0.0000,-0.0000,0.0000,False,4,1.4900,2.1763,0.0000,0.0000,0.0000
1781736885.067,motion_disabled,DRIVE,False,False,0.0000,0.0000,-0.0000,0.0000,False,4,1.4900,2.1763,0.0000,0.0000,0.0000
1781736885.146,motion_disabled,DRIVE,False,False,0.0000,0.0000,-0.0000,0.0000,False,4,1.4900,2.1763,0.0000,0.0000,0.0000
1781736885.227,motion_disabled,DRIVE,False,False,0.0000,0.0000,-0.0000,0.0000,False,4,1.4900,2.1763,0.0000,0.0000,0.0000
1781736885.307,motion_disabled,DRIVE,False,False,0.0000,0.0000,-0.0000,0.0000,False,4,1.4900,2.1763,0.0000,0.0000,0.0000
1781736885.386,motion_disabled,DRIVE,False,False,0.0000,0.0000,-0.0000,0.0000,False,4,1.4900,2.1763,0.0000,0.0000,0.0000
1781736885.468,motion_disabled,DRIVE,False,False,0.0000,0.0000,-0.0000,0.0000,False,4,1.4900,2.1763,0.0000,0.0000,0.0000
1781736885.546,motion_disabled,DRIVE,False,False,0.0000,0.0000,-0.0000,0.0000,False,4,1.4900,2.1763,0.0000,0.0000,0.0000
1781736885.626,motion_disabled,DRIVE,False,False,0.0000,0.0000,-0.0000,0.0000,False,4,1.4900,2.1763,0.0000,0.0000,0.0000
1781736885.706,motion_disabled,DRIVE,False,False,0.0000,0.0000,-0.0000,0.0000,False,4,1.4900,2.1763,0.0000,0.0000,0.0000
1781736885.786,motion_disabled,DRIVE,False,False,0.0000,0.0000,-0.0000,0.0000,False,4,1.4900,2.1763,0.0000,0.0000,0.0000
1781736885.867,motion_disabled,DRIVE,False,False,0.0000,0.0000,-0.0000,0.0000,False,4,1.4900,2.1763,0.0000,0.0000,0.0000
1781736885.946,motion_disabled,DRIVE,False,False,0.0000,0.0000,-0.0000,0.0000,False,4,1.4900,2.1763,0.0000,0.0000,0.0000
1781736886.026,motion_disabled,DRIVE,False,False,0.0000,0.0000,-0.0000,0.0000,False,4,1.4900,2.1763,0.0000,0.0000,0.0000
1781736886.106,motion_disabled,DRIVE,False,False,0.0000,0.0000,-0.0000,0.0000,False,4,1.4900,2.1763,0.0000,0.0000,0.0000
1781736886.186,motion_disabled,DRIVE,False,False,0.0000,0.0000,-0.0000,0.0000,False,4,1.4900,2.1763,0.0000,0.0000,0.0000
1781736886.271,motion_disabled,DRIVE,False,False,0.0000,0.0000,-0.0000,0.0000,False,4,1.4900,2.1763,0.0000,0.0000,0.0000
1781736886.346,motion_disabled,DRIVE,False,False,0.0000,0.0000,-0.0000,0.0000,False,4,1.4900,2.1763,0.0000,0.0000,0.0000
1781736886.427,motion_disabled,DRIVE,False,False,0.0000,0.0000,-0.0000,0.0000,False,4,1.4900,2.1763,0.0000,0.0000,0.0000
1781736886.506,motion_disabled,DRIVE,False,False,0.0000,0.0000,-0.0000,0.0000,False,4,1.4900,2.1763,0.0000,0.0000,0.0000
1781736886.587,motion_disabled,DRIVE,False,False,0.0000,0.0000,-0.0000,0.0000,False,4,1.4900,2.1763,0.0000,0.0000,0.0000
1781736886.666,motion_disabled,DRIVE,False,False,0.0000,0.0000,-0.0000,0.0000,False,4,1.4900,2.1763,0.0000,0.0000,0.0000
1781736886.746,motion_disabled,DRIVE,False,False,0.0000,0.0000,-0.0000,0.0000,False,4,1.4900,2.1763,0.0000,0.0000,0.0000
1781736886.826,motion_disabled,DRIVE,False,False,0.0000,0.0000,-0.0000,0.0000,False,4,1.4900,2.1763,0.0000,0.0000,0.0000
1781736886.907,motion_disabled,DRIVE,False,False,0.0000,0.0000,-0.0000,0.0000,False,4,1.4900,2.1763,0.0000,0.0000,0.0000
1781736886.986,motion_disabled,DRIVE,False,False,0.0000,0.0000,-0.0000,0.0000,False,4,1.4900,2.1763,0.0000,0.0000,0.0000
1781736887.066,motion_disabled,DRIVE,False,False,0.0000,0.0000,-0.0000,0.0000,False,4,1.4900,2.1763,0.0000,0.0000,0.0000
1781736887.147,motion_disabled,DRIVE,False,False,0.0000,0.0000,-0.0000,0.0000,False,4,1.4900,2.1763,0.0000,0.0000,0.0000
1781736887.227,motion_disabled,DRIVE,False,False,0.0000,0.0000,-0.0000,0.0000,False,4,1.4900,2.1763,0.0000,0.0000,0.0000
1781736887.306,motion_disabled,DRIVE,False,False,0.0000,0.0000,-0.0000,0.0000,False,4,1.4900,2.1763,0.0000,0.0000,0.0000
1781736887.386,motion_disabled,DRIVE,False,False,0.0000,0.0000,-0.0000,0.0000,False,4,1.4900,2.1763,0.0000,0.0000,0.0000
1781736887.467,motion_disabled,DRIVE,False,False,0.0000,0.0000,-0.0000,0.0000,False,4,1.4900,2.1763,0.0000,0.0000,0.0000
1781736887.547,motion_disabled,DRIVE,False,False,0.0000,0.0000,-0.0000,0.0000,False,4,1.4900,2.1763,0.0000,0.0000,0.0000
1781736887.627,motion_disabled,DRIVE,False,False,0.0000,0.0000,-0.0000,0.0000,False,4,1.4900,2.1763,0.0000,0.0000,0.0000
1781736887.706,motion_disabled,DRIVE,False,False,0.0000,0.0000,-0.0000,0.0000,False,4,1.4900,2.1763,0.0000,0.0000,0.0000
1781736887.787,motion_disabled,DRIVE,False,False,0.0000,0.0000,-0.0000,0.0000,False,4,1.4900,2.1763,0.0000,0.0000,0.0000
1781736887.866,motion_disabled,DRIVE,False,False,0.0000,0.0000,-0.0000,0.0000,False,4,1.4900,2.1763,0.0000,0.0000,0.0000
1781736887.948,motion_disabled,DRIVE,False,False,0.0000,0.0000,-0.0000,0.0000,False,4,1.4900,2.1763,0.0000,0.0000,0.0000
1781736888.027,motion_disabled,DRIVE,False,False,0.0000,0.0000,-0.0000,0.0000,False,4,1.4900,2.1763,0.0000,0.0000,0.0000
1781736888.106,motion_disabled,DRIVE,False,False,0.0000,0.0000,-0.0000,0.0000,False,4,1.4900,2.1763,0.0000,0.0000,0.0000
1781736888.186,motion_disabled,DRIVE,False,False,0.0000,0.0000,-0.0000,0.0000,False,4,1.4900,2.1763,0.0000,0.0000,0.0000
1781736888.266,motion_disabled,DRIVE,False,False,0.0000,0.0000,-0.0000,0.0000,False,4,1.4900,2.1763,0.0000,0.0000,0.0000
1781736888.346,motion_disabled,DRIVE,False,False,0.0000,0.0000,-0.0000,0.0000,False,4,1.4900,2.1763,0.0000,0.0000,0.0000
1781736888.427,motion_disabled,DRIVE,False,False,0.0000,0.0000,-0.0000,0.0000,False,4,1.4900,2.1763,0.0000,0.0000,0.0000
1781736888.506,motion_disabled,DRIVE,False,False,0.0000,0.0000,-0.0000,0.0000,False,4,1.4900,2.1763,0.0000,0.0000,0.0000
1781736888.586,motion_disabled,DRIVE,False,False,0.0000,0.0000,-0.0000,0.0000,False,4,1.4900,2.1763,0.0000,0.0000,0.0000
1781736888.667,motion_disabled,DRIVE,False,False,0.0000,0.0000,-0.0000,0.0000,False,4,1.4900,2.1763,0.0000,0.0000,0.0000
1781736888.746,motion_disabled,DRIVE,False,False,0.0000,0.0000,-0.0000,0.0000,False,4,1.4900,2.1763,0.0000,0.0000,0.0000
1781736888.826,motion_disabled,DRIVE,False,False,0.0000,0.0000,-0.0000,0.0000,False,4,1.4900,2.1763,0.0000,0.0000,0.0000
1781736888.906,motion_disabled,DRIVE,False,False,0.0000,0.0000,-0.0000,0.0000,False,4,1.4900,2.1763,0.0000,0.0000,0.0000
1781736888.986,motion_disabled,DRIVE,False,False,0.0000,0.0000,-0.0000,0.0000,False,4,1.4900,2.1763,0.0000,0.0000,0.0000
1781736889.067,motion_disabled,DRIVE,False,False,0.0000,0.0000,-0.0000,0.0000,False,4,1.4900,2.1763,0.0000,0.0000,0.0000
1781736889.147,motion_disabled,DRIVE,False,False,0.0000,0.0000,-0.0000,0.0000,False,4,1.4900,2.1763,0.0000,0.0000,0.0000
1781736889.227,motion_disabled,DRIVE,False,False,0.0000,0.0000,-0.0000,0.0000,False,4,1.4900,2.1763,0.0000,0.0000,0.0000
1781736889.306,motion_disabled,DRIVE,False,False,0.0000,0.0000,-0.0000,0.0000,False,4,1.4900,2.1763,0.0000,0.0000,0.0000
1781736889.386,motion_disabled,DRIVE,False,False,0.0000,0.0000,-0.0000,0.0000,False,4,1.4900,2.1763,0.0000,0.0000,0.0000
