time,mode,idx,x,y,yaw,ref_x,ref_y,ref_yaw,track_error,yaw_error_deg,target_v,v,delta,drive_state,lane_offset,lane_active,mean_curvature
1787899210.213,FORWARD,0,0.1298,-0.0015,3.1402,0.0568,-0.0243,-3.0096,0.0765,-7.64,0.2800,0.2800,0.1870,DRIVE,0.0000,False,0.0432
1787899210.281,FORWARD,0,0.1335,0.0002,3.1391,0.0568,-0.0243,-3.0096,0.0805,-7.71,0.2800,0.2800,0.2764,DRIVE,0.0000,False,0.0432
1787899210.356,FORWARD,0,0.1351,0.0010,3.1380,0.0568,-0.0243,-3.0096,0.0823,-7.77,0.2800,0.2800,0.3190,DRIVE,0.0000,False,0.0432
1787899210.437,FORWARD,0,0.1347,0.0023,3.1374,0.0568,-0.0243,-3.0096,0.0823,-7.80,0.2800,0.2800,0.3408,DRIVE,0.0000,False,0.0432
1787899210.516,FORWARD,0,0.1339,0.0025,3.1381,0.0568,-0.0243,-3.0096,0.0816,-7.76,0.2800,0.2800,0.3502,DRIVE,0.0000,False,0.0432
1787899210.597,FORWARD,0,0.1300,0.0029,3.1407,0.0568,-0.0243,-3.0096,0.0781,-7.61,0.2800,0.2800,0.3527,DRIVE,0.0000,False,0.0432
1787899210.717,FORWARD,0,0.1212,-0.0037,-3.1345,0.0568,-0.0243,-3.0096,0.0676,-7.15,0.2795,0.2800,0.3371,DRIVE,0.0000,False,0.0432
1787899210.755,FORWARD,0,0.0973,-0.0007,-3.1081,0.0568,-0.0243,-3.0096,0.0469,-5.64,0.2796,0.2800,0.3069,DRIVE,0.0000,False,0.0432
1787899210.834,FORWARD,0,0.0702,0.0069,-3.0800,0.0568,-0.0243,-3.0096,0.0339,-4.03,0.2800,0.2800,0.2738,DRIVE,0.0000,False,0.0432
1787899210.914,FORWARD,0,0.0524,0.0016,-3.0519,0.0568,-0.0243,-3.0096,0.0263,-2.42,0.2800,0.2800,0.2200,DRIVE,0.0000,False,0.0432
1787899210.995,FORWARD,0,0.0408,-0.0040,-3.0315,0.0568,-0.0243,-3.0096,0.0259,-1.26,0.2800,0.2800,0.1637,DRIVE,0.0000,False,0.0432
1787899211.077,FORWARD,1,0.0246,-0.0098,-3.0086,0.0271,-0.0282,-3.0097,0.0186,0.06,0.2800,0.2800,0.1009,DRIVE,0.0000,False,0.0452
1787899211.155,FORWARD,2,0.0037,-0.0132,-2.9957,-0.0027,-0.0322,-3.0099,0.0200,0.82,0.2800,0.2800,0.0515,DRIVE,0.0000,False,0.0473
1787899211.237,FORWARD,3,-0.0209,-0.0198,-2.9736,-0.0325,-0.0361,-3.0103,0.0200,2.10,0.2800,0.2800,-0.0057,DRIVE,0.0000,False,0.0495
1787899211.316,FORWARD,3,-0.0368,-0.0227,-2.9685,-0.0325,-0.0361,-3.0103,0.0141,2.39,0.2800,0.2800,-0.0415,DRIVE,0.0000,False,0.0495
1787899211.395,FORWARD,3,-0.0493,-0.0230,-2.9636,-0.0325,-0.0361,-3.0103,0.0213,2.68,0.2800,0.2800,-0.0645,DRIVE,0.0000,False,0.0495
1787899211.482,FORWARD,4,-0.0668,-0.0220,-2.9588,-0.0623,-0.0401,-3.0108,0.0186,2.98,0.2800,0.2800,-0.0787,DRIVE,0.0000,False,0.0518
1787899211.556,FORWARD,4,-0.0783,-0.0300,-2.9692,-0.0623,-0.0401,-3.0108,0.0189,2.38,0.2800,0.2800,-0.0815,DRIVE,0.0000,False,0.0518
1787899211.635,FORWARD,5,-0.0906,-0.0401,-2.9732,-0.0920,-0.0440,-3.0114,0.0041,2.19,0.2800,0.2800,-0.0884,DRIVE,0.0000,False,0.0542
1787899211.727,FORWARD,6,-0.1139,-0.0440,-2.9758,-0.1218,-0.0479,-3.0121,0.0088,2.08,0.2250,0.2800,-0.0916,DRIVE,0.0000,False,0.0566
1787899211.796,FORWARD,7,-0.1443,-0.0444,-2.9765,-0.1516,-0.0517,-3.0129,0.0104,2.09,0.2800,0.2800,-0.0883,DRIVE,0.0000,False,0.0590
1787899211.964,FORWARD,8,-0.1805,-0.0484,-2.9909,-0.1814,-0.0556,-3.0138,0.0072,1.31,0.2445,0.2800,0.1018,OVERTAKE_LEFT,0.0000,False,0.0615
1787899212.036,FORWARD,8,-0.1794,-0.0556,-2.9998,-0.1814,-0.0556,-3.0138,0.0020,0.80,0.3025,0.2800,0.2741,OVERTAKE_LEFT,0.0000,False,0.0615
1787899212.115,FORWARD,8,-0.1906,-0.0603,-2.9969,-0.1814,-0.0556,-3.0138,0.0104,0.97,0.2000,0.2800,0.4443,OVERTAKE_LEFT,0.0000,False,0.0615
1787899212.197,FORWARD,9,-0.2100,-0.0570,-2.9921,-0.2112,-0.0594,-3.0148,0.0027,1.30,0.2000,0.2800,0.5800,OVERTAKE_LEFT,0.0000,False,0.0639
1787899212.285,FORWARD,10,-0.2313,-0.0551,-2.9751,-0.2410,-0.0632,-3.0159,0.0126,2.34,0.2000,0.2800,0.5800,OVERTAKE_LEFT,0.0000,False,0.0663
1787899212.359,FORWARD,11,-0.2590,-0.0587,-2.9452,-0.2708,-0.0669,-3.0170,0.0144,4.12,0.2646,0.2800,0.5800,OVERTAKE_LEFT,0.0000,False,0.0686
1787899212.437,FORWARD,11,-0.2783,-0.0613,-2.8991,-0.2708,-0.0669,-3.0170,0.0094,6.76,0.2000,0.2800,0.5800,OVERTAKE_LEFT,0.0000,False,0.0686
1787899212.518,FORWARD,12,-0.2962,-0.0693,-2.8665,-0.3006,-0.0706,-3.0183,0.0045,8.70,0.2000,0.2800,0.5800,OVERTAKE_LEFT,0.0000,False,0.0708
1787899212.597,FORWARD,12,-0.3050,-0.0787,-2.8330,-0.3006,-0.0706,-3.0183,0.0092,10.62,0.2000,0.4770,0.5800,OVERTAKE_LEFT,0.0000,False,0.0708
1787899212.679,FORWARD,13,-0.3187,-0.0846,-2.8079,-0.3304,-0.0743,-3.0196,0.0155,12.13,0.2176,0.5166,0.5800,OVERTAKE_LEFT,0.0000,False,0.0729
1787899212.761,FORWARD,13,-0.3321,-0.0884,-2.7801,-0.3304,-0.0743,-3.0196,0.0142,13.72,0.2098,0.5189,0.5800,OVERTAKE_LEFT,0.0000,False,0.0729
1787899212.840,FORWARD,14,-0.3563,-0.0921,-2.7361,-0.3602,-0.0779,-3.0209,0.0147,16.32,0.1995,0.5485,0.5800,OVERTAKE_LEFT,0.0000,False,0.0748
1787899212.916,FORWARD,15,-0.3817,-0.1029,-2.6740,-0.3900,-0.0815,-3.0224,0.0230,19.96,0.1872,0.5874,0.5800,OVERTAKE_LEFT,0.0000,False,0.0765
1787899212.996,FORWARD,16,-0.4141,-0.1272,-2.6278,-0.4198,-0.0851,-3.0239,0.0425,22.69,0.1735,0.5997,0.5800,OVERTAKE_LEFT,0.0000,False,0.0781
1787899213.078,FORWARD,17,-0.4394,-0.1423,-2.5597,-0.4497,-0.0886,-3.0254,0.0547,26.68,0.1588,0.6000,0.5087,OVERTAKE_LEFT,0.0000,False,0.0795
1787899213.156,FORWARD,18,-0.4674,-0.1675,-2.5008,-0.4795,-0.0920,-3.0271,0.0764,30.15,0.1477,0.6000,0.3782,OVERTAKE_LEFT,0.0000,False,0.0806
1787899213.236,FORWARD,19,-0.4919,-0.1894,-2.4332,-0.5093,-0.0954,-3.0288,0.0956,34.13,0.1304,0.6000,0.2154,OVERTAKE_LEFT,0.0000,False,0.0816
1787899213.316,FORWARD,20,-0.5173,-0.2164,-2.3681,-0.5392,-0.0988,-3.0306,0.1196,37.96,0.1129,0.6000,0.0364,OVERTAKE_LEFT,0.0000,False,0.0823
1787899213.399,FORWARD,20,-0.5390,-0.2373,-2.3127,-0.5392,-0.0988,-3.0306,0.1385,41.13,0.0952,0.6000,-0.1211,OVERTAKE_LEFT,0.0000,False,0.0823
1787899213.482,FORWARD,21,-0.5629,-0.2705,-2.2777,-0.5690,-0.1021,-3.0324,0.1685,43.24,0.0820,0.6000,-0.2724,OVERTAKE_LEFT,0.0000,False,0.0827
1787899213.562,FORWARD,22,-0.5893,-0.3048,-2.2695,-0.5989,-0.1053,-3.0344,0.1997,43.82,0.0721,0.6000,-0.3925,OVERTAKE_LEFT,0.0000,False,0.0830
1787899213.642,FORWARD,23,-0.6068,-0.3296,-2.2944,-0.6287,-0.1085,-3.0364,0.2222,42.51,0.0602,0.6000,-0.4489,OVERTAKE_LEFT,0.0000,False,0.0830
1787899213.721,FORWARD,24,-0.6325,-0.3483,-2.3224,-0.6586,-0.1116,-3.0384,0.2381,41.03,0.0451,0.6000,-0.4681,OVERTAKE_LEFT,0.0000,False,0.0828
1787899213.795,FORWARD,25,-0.6624,-0.3732,-2.3861,-0.6885,-0.1147,-3.0406,0.2598,37.50,0.0338,0.6000,-0.4440,OVERTAKE_LEFT,0.0000,False,0.0823
1787899213.888,FORWARD,26,-0.6985,-0.4053,-2.4648,-0.7184,-0.1177,-3.0428,0.2882,33.12,0.0254,0.6000,-0.3997,OVERTAKE_LEFT,0.0000,False,0.0816
1787899213.959,FORWARD,27,-0.7323,-0.4280,-2.4930,-0.7483,-0.1206,-3.0451,0.3078,31.64,0.0190,0.5907,-0.3858,OVERTAKE_LEFT,0.0000,False,0.0806
1787899214.039,FORWARD,28,-0.7479,-0.4556,-2.5803,-0.7782,-0.1235,-3.0476,0.3335,26.77,0.0143,0.5439,-0.3190,OVERTAKE_LEFT,0.0000,False,0.0794
1787899214.118,FORWARD,28,-0.7700,-0.4749,-2.6177,-0.7782,-0.1235,-3.0476,0.3516,24.63,0.0107,0.4960,-0.2840,OVERTAKE_LEFT,0.0000,False,0.0794
1787899214.196,FORWARD,29,-0.8052,-0.4861,-2.6777,-0.8081,-0.1263,-3.0500,0.3599,21.34,0.0080,0.4564,-0.2171,OVERTAKE_LEFT,0.0000,False,0.0780
1787899214.280,FORWARD,31,-0.8502,-0.5033,-2.7139,-0.8679,-0.1316,-3.0553,0.3721,19.56,0.0060,0.4526,-0.1606,OVERTAKE_LEFT,0.0000,False,0.0743
1787899214.360,FORWARD,32,-0.8765,-0.5230,-2.7504,-0.8978,-0.1342,-3.0581,0.3894,17.63,0.0045,0.4354,-0.1167,OVERTAKE_LEFT,0.0000,False,0.0721
1787899214.441,FORWARD,32,-0.8928,-0.5397,-2.7798,-0.8978,-0.1342,-3.0581,0.4056,15.94,0.0034,0.3997,-0.0895,OVERTAKE_LEFT,0.0000,False,0.0721
1787899214.516,FORWARD,33,-0.9252,-0.5502,-2.8064,-0.9277,-0.1366,-3.0610,0.4136,14.59,0.0025,0.3849,-0.0590,OVERTAKE_LEFT,0.0000,False,0.0697
1787899214.600,FORWARD,34,-0.9551,-0.5570,-2.8096,-0.9577,-0.1390,-3.0640,0.4180,14.57,0.0019,0.3845,-0.0483,OVERTAKE_LEFT,0.0000,False,0.0671
1787899214.678,FORWARD,35,-0.9899,-0.5610,-2.8137,-0.9876,-0.1413,-3.0671,0.4197,14.52,0.0014,0.3791,-0.0447,OVERTAKE_LEFT,0.0000,False,0.0643
1787899214.759,FORWARD,36,-1.0150,-0.5772,-2.8352,-1.0176,-0.1435,-3.0702,0.4337,13.47,0.0011,0.3737,-0.0364,OVERTAKE_LEFT,0.0000,False,0.0613
1787899214.838,FORWARD,37,-1.0352,-0.5896,-2.8327,-1.0475,-0.1456,-3.0732,0.4442,13.78,0.0008,0.3847,-0.0476,OVERTAKE_LEFT,0.0000,False,0.0583
1787899214.918,FORWARD,37,-1.0495,-0.5975,-2.8358,-1.0475,-0.1456,-3.0732,0.4520,13.60,0.0006,0.3660,-0.0641,OVERTAKE_LEFT,0.0000,False,0.0583
1787899215.002,FORWARD,38,-1.0729,-0.6011,-2.8393,-1.0775,-0.1476,-3.0761,0.4536,13.57,0.0005,0.3733,-0.0704,OVERTAKE_LEFT,0.0000,False,0.0552
1787899215.078,FORWARD,39,-1.1080,-0.6044,-2.8426,-1.1075,-0.1495,-3.0790,0.4549,13.54,0.0003,0.3680,-0.0757,OVERTAKE_LEFT,0.0000,False,0.0520
1787899215.159,FORWARD,40,-1.1283,-0.6119,-2.8460,-1.1375,-0.1513,-3.0817,0.4607,13.50,0.0003,0.3776,-0.0803,OVERTAKE_LEFT,0.0000,False,0.0489
1787899215.238,FORWARD,40,-1.1456,-0.6220,-2.8506,-1.1375,-0.1513,-3.0817,0.4707,13.24,0.6000,0.4455,-0.0024,OVERTAKE_LEFT,0.0000,False,0.0489
1787899215.315,FORWARD,41,-1.1727,-0.6334,-2.8589,-1.1674,-0.1531,-3.0843,0.4803,12.91,0.6000,0.4454,0.0287,OVERTAKE_LEFT,0.0000,False,0.0458
1787899215.401,FORWARD,42,-1.1976,-0.6437,-2.8663,-1.1974,-0.1548,-3.0869,0.4889,12.64,0.6000,0.4481,0.0377,OVERTAKE_LEFT,0.0000,False,0.0429
1787899215.482,FORWARD,43,-1.2209,-0.6513,-2.8724,-1.2274,-0.1564,-3.0893,0.4950,12.43,0.6000,0.4536,0.0388,OVERTAKE_LEFT,0.0000,False,0.0400
1787899215.555,FORWARD,44,-1.2506,-0.6547,-2.8632,-1.2574,-0.1579,-3.0917,0.4969,13.09,0.6000,0.4576,0.0241,OVERTAKE_LEFT,0.0000,False,0.0373
1787899215.640,FORWARD,45,-1.2800,-0.6589,-2.8556,-1.2874,-0.1594,-3.0939,0.4996,13.65,0.6000,0.4613,0.0025,OVERTAKE_LEFT,0.0000,False,0.0347
1787899215.722,FORWARD,46,-1.3068,-0.6703,-2.8599,-1.3174,-0.1608,-3.0961,0.5097,13.53,0.6000,0.4626,-0.0193,OVERTAKE_LEFT,0.0000,False,0.0324
1787899216.114,FORWARD,46,-1.3216,-0.6776,-2.8575,-1.3174,-0.1608,-3.0961,0.5168,13.67,0.6000,0.4452,-0.0451,OVERTAKE_LEFT,0.0000,False,0.0324
1787899216.130,FORWARD,46,-1.3258,-0.6796,-2.8568,-1.3174,-0.1608,-3.0961,0.5189,13.71,0.6000,0.4404,-0.0619,OVERTAKE_LEFT,0.0000,False,0.0324
1787899216.203,FORWARD,50,-1.4231,-0.7104,-2.8543,-1.4374,-0.1658,-3.1036,0.5448,14.28,0.6000,0.4650,-0.1141,OVERTAKE_LEFT,0.0000,False,0.0250
1787899216.278,FORWARD,52,-1.4923,-0.7360,-2.8630,-1.4975,-0.1679,-3.1068,0.5681,13.97,0.6000,0.4495,-0.1670,OVERTAKE_LEFT,0.0000,False,0.0225
1787899216.356,FORWARD,53,-1.5264,-0.7437,-2.8665,-1.5275,-0.1690,-3.1082,0.5747,13.85,0.6000,0.4437,-0.1998,OVERTAKE_LEFT,0.0000,False,0.0216
1787899216.434,FORWARD,54,-1.5550,-0.7508,-2.8806,-1.5575,-0.1699,-3.1095,0.5809,13.12,0.6000,0.4405,-0.2089,OVERTAKE_LEFT,0.0000,False,0.0209
1787899216.515,FORWARD,55,-1.5813,-0.7600,-2.8935,-1.5875,-0.1709,-3.1107,0.5891,12.45,0.6000,0.4400,-0.2105,OVERTAKE_LEFT,0.0000,False,0.0204
1787899216.593,FORWARD,56,-1.6105,-0.7730,-2.9262,-1.6175,-0.1718,-3.1118,0.6012,10.64,0.6000,0.4304,-0.1912,OVERTAKE_LEFT,0.0000,False,0.0201
1787899216.679,FORWARD,57,-1.6373,-0.7780,-2.9415,-1.6475,-0.1727,-3.1128,0.6055,9.81,0.6000,0.4300,-0.1701,OVERTAKE_LEFT,0.0000,False,0.0200
1787899216.755,FORWARD,58,-1.6608,-0.7802,-2.9616,-1.6776,-0.1735,-3.1137,0.6069,8.72,0.6000,0.4329,-0.1383,OVERTAKE_LEFT,0.0000,False,0.0201
1787899216.840,FORWARD,59,-1.6882,-0.7864,-2.9825,-1.7076,-0.1744,-3.1145,0.6124,7.56,0.6000,0.4312,-0.1062,OVERTAKE_LEFT,0.0000,False,0.0205
1787899216.916,FORWARD,60,-1.7221,-0.7934,-2.9983,-1.7376,-0.1752,-3.1151,0.6185,6.69,0.6000,0.4169,-0.2237,RETURN_RIGHT,0.0000,False,0.0210
1787899216.997,FORWARD,61,-1.7446,-0.7952,-3.0082,-1.7676,-0.1759,-3.1157,0.6197,6.16,0.6000,0.4249,-0.3964,RETURN_RIGHT,0.0000,False,0.0217
1787899217.083,FORWARD,61,-1.7692,-0.7996,-3.0215,-1.7676,-0.1759,-3.1157,0.6236,5.40,0.6000,0.4010,-0.5800,RETURN_RIGHT,0.0000,False,0.0217
1787899217.160,FORWARD,62,-1.7943,-0.8045,-3.0396,-1.7977,-0.1767,-3.1161,0.6278,4.38,0.6000,0.4143,-0.5800,RETURN_RIGHT,0.0000,False,0.0226
1787899217.239,FORWARD,63,-1.8169,-0.8096,-3.0842,-1.8277,-0.1775,-3.1164,0.6322,1.85,0.6000,0.4338,-0.5800,RETURN_RIGHT,0.0000,False,0.0237
1787899217.318,FORWARD,64,-1.8410,-0.8131,-3.1330,-1.8577,-0.1782,-3.1166,0.6351,-0.94,0.6000,0.4514,-0.5800,DRIVE,0.0000,False,0.0249
1787899217.438,FORWARD,65,-1.8673,-0.8113,3.1063,-1.8877,-0.1790,-3.1168,0.6326,-3.44,0.6000,0.4668,-0.5800,DRIVE,0.0000,False,0.0262
1787899217.479,FORWARD,66,-1.8998,-0.8055,3.0768,-1.9177,-0.1797,-3.1168,0.6260,-5.14,0.6000,0.4731,-0.5800,DRIVE,0.0000,False,0.0276
1787899217.561,FORWARD,67,-1.9238,-0.8066,3.0417,-1.9478,-0.1805,-3.1166,0.6265,-7.15,0.6000,0.4930,-0.5800,DRIVE,0.0000,False,0.0292
1787899217.640,FORWARD,67,-1.9419,-0.8093,2.9822,-1.9478,-0.1805,-3.1166,0.6289,-10.56,0.6000,0.4957,-0.5800,DRIVE,0.0000,False,0.0292
1787899217.729,FORWARD,68,-1.9742,-0.8006,2.9388,-1.9778,-0.1812,-3.1164,0.6194,-13.06,0.6000,0.5113,-0.5800,DRIVE,0.0000,False,0.0307
1787899217.804,FORWARD,69,-2.0074,-0.7916,2.8929,-2.0078,-0.1820,-3.1161,0.6097,-15.71,0.6000,0.5263,-0.5800,DRIVE,0.0000,False,0.0324
1787899217.878,FORWARD,70,-2.0343,-0.7838,2.8676,-2.0378,-0.1828,-3.1157,0.6011,-17.18,0.6000,0.5413,-0.5800,DRIVE,0.0000,False,0.0340
1787899217.960,FORWARD,71,-2.0643,-0.7783,2.7999,-2.0679,-0.1835,-3.1152,0.5948,-21.09,0.6000,0.5709,-0.5348,DRIVE,0.0000,False,0.0357
1787899218.037,FORWARD,72,-2.0929,-0.7666,2.7441,-2.0979,-0.1843,-3.1147,0.5823,-24.32,0.6000,0.5988,-0.4478,DRIVE,0.0000,False,0.0373
1787899218.115,FORWARD,73,-2.1324,-0.7473,2.6829,-2.1279,-0.1852,-3.1142,0.5622,-27.85,0.6000,0.6181,-0.3242,DRIVE,0.0000,False,0.0390
1787899218.197,FORWARD,74,-2.1589,-0.7390,2.6327,-2.1579,-0.1860,-3.1136,0.5530,-30.76,0.6000,0.6522,-0.2156,DRIVE,0.0000,False,0.0407
1787899218.277,FORWARD,75,-2.1882,-0.7223,2.5982,-2.1879,-0.1868,-3.1129,0.5355,-32.78,0.6000,0.6719,-0.1151,DRIVE,0.0000,False,0.0425
1787899218.359,FORWARD,76,-2.2138,-0.6995,2.5299,-2.2180,-0.1877,-3.1122,0.5118,-36.73,0.6000,0.7129,0.0292,DRIVE,0.0000,False,0.0444
1787899218.435,FORWARD,77,-2.2477,-0.6710,2.5122,-2.2480,-0.1886,-3.1115,0.4824,-37.79,0.6000,0.7157,0.1498,DRIVE,0.0000,False,0.0465
1787899218.520,FORWARD,79,-2.2921,-0.6462,2.4878,-2.3080,-0.1905,-3.1098,0.4560,-39.28,0.6000,0.7403,0.2637,DRIVE,0.0000,False,0.0518
1787899218.596,FORWARD,80,-2.3419,-0.6163,2.4854,-2.3380,-0.1914,-3.1089,0.4249,-39.47,0.6000,0.7190,0.3616,DRIVE,0.0000,False,0.0553
1787899218.675,FORWARD,81,-2.3744,-0.5947,2.5067,-2.3681,-0.1924,-3.1079,0.4023,-38.31,0.6000,0.7000,0.4131,DRIVE,0.0000,False,0.0596
1787899218.758,FORWARD,82,-2.4077,-0.5686,2.5552,-2.3981,-0.1935,-3.1069,0.3753,-35.59,0.6000,0.6621,0.4271,DRIVE,0.0000,False,0.0651
1787899218.835,FORWARD,84,-2.4476,-0.5464,2.6105,-2.4581,-0.1956,-3.1048,0.3510,-32.54,0.6000,0.6429,0.4067,DRIVE,0.0000,False,0.0802
1787899218.916,FORWARD,86,-2.4986,-0.5257,2.7023,-2.5181,-0.1979,-3.1024,0.3284,-27.41,0.6000,0.5973,0.3330,DRIVE,0.0000,False,0.1025
1787899218.994,FORWARD,87,-2.5357,-0.5146,2.7638,-2.5481,-0.1991,-3.1012,0.3157,-23.96,0.6000,0.5576,0.2533,DRIVE,0.0000,False,0.1168
1787899219.078,FORWARD,88,-2.5768,-0.5017,2.8293,-2.5781,-0.2003,-3.0999,0.3014,-20.28,0.6000,0.5133,0.1695,DRIVE,0.0000,False,0.1335
1787899219.157,FORWARD,89,-2.6147,-0.4883,2.8844,-2.6081,-0.2016,-3.0986,0.2868,-17.20,0.6000,0.4794,0.0930,DRIVE,0.0000,False,0.1524
1787899219.236,FORWARD,90,-2.6466,-0.4809,2.9226,-2.6381,-0.2029,-3.0972,0.2782,-15.09,0.6000,0.4617,0.0254,DRIVE,0.0000,False,0.1739
1787899219.316,FORWARD,92,-2.6819,-0.4754,2.9415,-2.6981,-0.2056,-3.0942,0.2702,-14.18,0.6000,0.4826,-0.0248,DRIVE,0.0000,False,0.2242
1787899219.395,FORWARD,92,-2.7021,-0.4714,2.9442,-2.6981,-0.2056,-3.0942,0.2658,-14.02,0.6000,0.4586,-0.0441,DRIVE,0.0000,False,0.2242
1787899219.478,FORWARD,93,-2.7299,-0.4673,2.9489,-2.7281,-0.2071,-3.0927,0.2602,-13.84,0.6000,0.4591,-0.0533,DRIVE,0.0000,False,0.2529
1787899219.556,FORWARD,94,-2.7655,-0.4614,2.9565,-2.7581,-0.2086,-3.0911,0.2529,-13.50,0.6000,0.4497,-0.0556,DRIVE,0.0000,False,0.2841
1787899219.638,FORWARD,96,-2.8097,-0.4580,2.9501,-2.8181,-0.2117,-3.0878,0.2464,-14.05,0.6000,0.4697,-0.0450,DRIVE,0.0000,False,0.3528
1787899219.714,FORWARD,97,-2.8407,-0.4530,2.9535,-2.8481,-0.2133,-3.0861,0.2398,-13.96,0.6000,0.4673,-0.0354,DRIVE,0.0000,False,0.3900
1787899219.794,FORWARD,98,-2.8663,-0.4469,2.9462,-2.8781,-0.2150,-3.0843,0.2321,-14.48,0.6000,0.4744,-0.0139,DRIVE,0.0000,False,0.4289
1787899219.877,FORWARD,98,-2.8878,-0.4409,2.9311,-2.8781,-0.2150,-3.0843,0.2261,-15.34,0.2611,0.4089,0.0522,DRIVE,0.0000,False,0.4289
1787899219.956,FORWARD,99,-2.9119,-0.4343,2.9265,-2.9081,-0.2168,-3.0825,0.2175,-15.71,0.2747,0.4194,0.0999,DRIVE,0.0000,False,0.4691
1787899220.036,FORWARD,100,-2.9423,-0.4285,2.9314,-2.9381,-0.2186,-3.0806,0.2100,-15.54,0.2880,0.4191,0.1284,DRIVE,0.0000,False,0.5104
1787899220.115,FORWARD,102,-2.9879,-0.4300,2.9381,-2.9980,-0.2224,-3.0767,0.2079,-15.38,0.2997,0.4355,0.1369,DRIVE,0.0000,False,0.5955
1787899220.195,FORWARD,103,-3.0137,-0.4286,2.9513,-3.0280,-0.2243,-3.0747,0.2047,-14.73,0.3104,0.4373,0.1312,DRIVE,0.0000,False,0.6388
1787899220.276,FORWARD,103,-3.0324,-0.4221,2.9550,-3.0280,-0.2243,-3.0747,0.1978,-14.52,0.3210,0.4160,0.1394,DRIVE,0.0000,False,0.6388
1787899220.356,FORWARD,104,-3.0616,-0.4107,2.9748,-3.0579,-0.2264,-3.0726,0.1843,-13.51,0.3331,0.4111,0.1421,DRIVE,0.0000,False,0.6825
1787899220.436,FORWARD,105,-3.0949,-0.4058,2.9885,-3.0879,-0.2285,-3.0705,0.1775,-12.84,0.3448,0.4048,0.1441,DRIVE,0.0000,False,0.7262
1787899220.514,FORWARD,106,-3.1273,-0.4082,3.0022,-3.1178,-0.2306,-3.0684,0.1778,-12.18,0.3547,0.4003,0.1385,DRIVE,0.0000,False,0.7698
1787899220.598,FORWARD,107,-3.1472,-0.4046,3.0139,-3.1478,-0.2329,-3.0652,0.1718,-11.69,0.3645,0.4103,0.1351,DRIVE,0.0000,False,0.8132
1787899220.679,FORWARD,108,-3.1699,-0.3989,3.0269,-3.1777,-0.2352,-3.0602,0.1638,-11.23,0.3745,0.4170,0.1380,DRIVE,0.0000,False,0.8561
1787899220.756,FORWARD,108,-3.1941,-0.3934,3.0396,-3.1777,-0.2352,-3.0602,0.1590,-10.51,0.3842,0.3866,0.1430,DRIVE,0.0000,False,0.8561
1787899220.837,FORWARD,109,-3.2236,-0.3918,3.0523,-3.2077,-0.2378,-3.0535,0.1549,-10.17,0.3932,0.3862,0.1514,DRIVE,0.0000,False,0.8982
1787899220.914,FORWARD,110,-3.2504,-0.3925,3.0664,-3.2376,-0.2406,-3.0448,0.1525,-9.85,0.4015,0.3889,0.1581,DRIVE,0.0000,False,0.9394
1787899220.995,FORWARD,111,-3.2789,-0.3922,3.0829,-3.2674,-0.2436,-3.0344,0.1491,-9.50,0.4093,0.3888,0.1663,DRIVE,0.0000,False,0.9794
1787899221.074,FORWARD,112,-3.3029,-0.3902,3.0966,-3.2973,-0.2470,-3.0220,0.1433,-9.43,0.4172,0.3953,0.1804,DRIVE,0.0000,False,1.0178
1787899221.158,FORWARD,112,-3.3255,-0.3900,3.1102,-3.2973,-0.2470,-3.0220,0.1457,-8.65,0.4233,0.3663,0.1865,DRIVE,0.0000,False,1.0178
1787899221.236,FORWARD,113,-3.3448,-0.3903,3.1233,-3.3271,-0.2508,-3.0077,0.1406,-8.72,0.4297,0.3784,0.1974,DRIVE,0.0000,False,1.0543
1787899221.346,FORWARD,114,-3.3762,-0.3938,-3.1408,-3.3568,-0.2550,-2.9914,0.1401,-8.56,0.4353,0.3750,0.2118,DRIVE,0.0000,False,1.0885
1787899221.397,FORWARD,114,-3.3968,-0.3955,-3.1161,-3.3568,-0.2550,-2.9914,0.1461,-7.14,0.4387,0.3443,0.2053,DRIVE,0.0000,False,1.0885
1787899221.478,FORWARD,115,-3.4106,-0.3950,-3.1062,-3.3865,-0.2598,-2.9732,0.1374,-7.62,0.4435,0.3641,0.2153,DRIVE,0.0000,False,1.1200
1787899221.560,FORWARD,115,-3.4284,-0.3941,-3.0817,-3.3865,-0.2598,-2.9732,0.1407,-6.22,0.4468,0.3372,0.2084,DRIVE,0.0000,False,1.1200
1787899221.635,FORWARD,116,-3.4507,-0.3945,-3.0735,-3.4160,-0.2651,-2.9529,0.1339,-6.91,0.4511,0.3481,0.2287,DRIVE,0.0000,False,1.1485
1787899221.718,FORWARD,117,-3.4771,-0.3945,-3.0523,-3.4454,-0.2711,-2.9305,0.1274,-6.98,0.4563,0.3512,0.2553,DRIVE,0.0000,False,1.1734
1787899221.798,FORWARD,118,-3.4968,-0.3954,-3.0332,-3.4747,-0.2777,-2.9061,0.1197,-7.28,0.4518,0.3615,0.2848,DRIVE,0.0000,False,1.1947
1787899221.879,FORWARD,118,-3.5212,-0.4002,-3.0160,-3.4747,-0.2777,-2.9061,0.1310,-6.30,0.4365,0.3254,0.3029,DRIVE,0.0000,False,1.1947
1787899221.960,FORWARD,119,-3.5450,-0.4082,-2.9965,-3.5038,-0.2851,-2.8796,0.1298,-6.70,0.4212,0.3281,0.3300,DRIVE,0.0000,False,1.2119
1787899222.037,FORWARD,120,-3.5650,-0.4151,-2.9677,-3.5327,-0.2933,-2.8511,0.1260,-6.68,0.4073,0.3329,0.3502,DRIVE,0.0000,False,1.2252
1787899222.116,FORWARD,120,-3.5869,-0.4191,-2.9487,-3.5327,-0.2933,-2.8511,0.1370,-5.60,0.3878,0.2986,0.3641,DRIVE,0.0000,False,1.2252
1787899222.196,FORWARD,121,-3.6074,-0.4178,-2.9240,-3.5614,-0.3023,-2.8205,0.1242,-5.93,0.3739,0.3066,0.3914,DRIVE,0.0000,False,1.2343
1787899222.278,FORWARD,122,-3.6267,-0.4217,-2.8924,-3.5897,-0.3123,-2.7881,0.1155,-5.98,0.3656,0.3137,0.4121,DRIVE,0.0000,False,1.2396
1787899222.357,FORWARD,122,-3.6432,-0.4284,-2.8691,-3.5897,-0.3123,-2.7881,0.1279,-4.65,0.3530,0.2845,0.4131,DRIVE,0.0000,False,1.2396
1787899222.440,FORWARD,123,-3.6558,-0.4353,-2.8442,-3.6177,-0.3231,-2.7539,0.1184,-5.17,0.3461,0.3001,0.4181,DRIVE,0.0000,False,1.2411
1787899222.517,FORWARD,124,-3.6780,-0.4480,-2.8077,-3.6453,-0.3350,-2.7192,0.1176,-5.07,0.3343,0.2991,0.4210,DRIVE,0.0000,False,1.2392
1787899222.594,FORWARD,124,-3.6918,-0.4525,-2.7850,-3.6453,-0.3350,-2.7192,0.1264,-3.77,0.3294,0.2749,0.4115,DRIVE,0.0000,False,1.2392
1787899222.678,FORWARD,125,-3.7057,-0.4542,-2.7588,-3.6725,-0.3478,-2.6847,0.1115,-4.24,0.3238,0.2915,0.4155,DRIVE,0.0000,False,1.2340
1787899222.755,FORWARD,126,-3.7204,-0.4609,-2.7166,-3.6992,-0.3615,-2.6501,0.1016,-3.81,0.3169,0.3004,0.4079,DRIVE,0.0000,False,1.2259
1787899222.835,FORWARD,126,-3.7374,-0.4731,-2.6814,-3.6992,-0.3615,-2.6501,0.1180,-1.79,0.2988,0.2639,0.3818,DRIVE,0.0000,False,1.2259
1787899222.916,FORWARD,127,-3.7611,-0.4921,-2.6560,-3.7254,-0.3761,-2.6153,0.1213,-2.34,0.3043,0.2646,0.3796,DRIVE,0.0000,False,1.2151
1787899222.994,FORWARD,128,-3.7740,-0.4991,-2.6323,-3.7511,-0.3916,-2.5802,0.1099,-2.99,0.2918,0.2798,0.3911,DRIVE,0.0000,False,1.2017
1787899223.078,FORWARD,129,-3.7898,-0.5074,-2.6113,-3.7763,-0.4081,-2.5447,0.1002,-3.82,0.2918,0.2948,0.4146,DRIVE,0.0000,False,1.1859
1787899223.155,FORWARD,129,-3.8017,-0.5120,-2.5846,-3.7763,-0.4081,-2.5447,0.1070,-2.29,0.2863,0.2721,0.4111,DRIVE,0.0000,False,1.1859
1787899223.237,FORWARD,130,-3.8227,-0.5283,-2.5508,-3.8008,-0.4254,-2.5087,0.1052,-2.42,0.2850,0.2738,0.4169,DRIVE,0.0000,False,1.1677
1787899223.316,FORWARD,131,-3.8424,-0.5420,-2.5283,-3.8247,-0.4436,-2.4720,0.1000,-3.22,0.2849,0.2820,0.4414,DRIVE,0.0000,False,1.1472
1787899223.394,FORWARD,132,-3.8607,-0.5537,-2.5004,-3.8479,-0.4627,-2.4347,0.0919,-3.77,0.2849,0.2919,0.4707,DRIVE,0.0000,False,1.1244
1787899223.478,FORWARD,132,-3.8667,-0.5645,-2.4710,-3.8479,-0.4627,-2.4347,0.1035,-2.08,0.2738,0.2688,0.4607,DRIVE,0.0000,False,1.1244
1787899223.556,FORWARD,132,-3.8726,-0.5734,-2.4416,-3.8479,-0.4627,-2.4347,0.1135,-0.40,0.2849,0.2508,0.4261,DRIVE,0.0000,False,1.1244
1787899223.635,FORWARD,133,-3.8843,-0.5821,-2.4127,-3.8703,-0.4826,-2.3965,0.1005,-0.93,0.2737,0.2672,0.4179,DRIVE,0.0000,False,1.0991
1787899223.718,FORWARD,134,-3.9028,-0.5944,-2.3844,-3.8920,-0.5034,-2.3574,0.0916,-1.55,0.2797,0.2786,0.4305,DRIVE,0.0000,False,1.0713
1787899223.797,FORWARD,135,-3.9240,-0.6129,-2.3547,-3.9128,-0.5250,-2.3172,0.0886,-2.15,0.2932,0.2844,0.4551,DRIVE,0.0000,False,1.0410
1787899223.876,FORWARD,135,-3.9313,-0.6260,-2.3212,-3.9128,-0.5250,-2.3172,0.1026,-0.23,0.2974,0.2597,0.4380,DRIVE,0.0000,False,1.0410
1787899223.954,FORWARD,136,-3.9359,-0.6444,-2.2995,-3.9328,-0.5475,-2.2760,0.0970,-1.35,0.3002,0.2786,0.4378,DRIVE,0.0000,False,1.0082
1787899224.038,FORWARD,136,-3.9437,-0.6582,-2.2761,-3.9328,-0.5475,-2.2760,0.1112,-0.00,0.3071,0.2561,0.4198,DRIVE,0.0000,False,1.0082
1787899224.114,FORWARD,137,-3.9551,-0.6673,-2.2442,-3.9517,-0.5708,-2.2336,0.0966,-0.61,0.4102,0.2920,0.3965,DRIVE,0.0000,False,0.9730
1787899224.197,FORWARD,138,-3.9702,-0.6802,-2.2111,-3.9697,-0.5948,-2.1900,0.0853,-1.21,0.3963,0.3027,0.3981,DRIVE,0.0000,False,0.9355
1787899224.278,FORWARD,139,-3.9826,-0.6928,-2.1887,-3.9866,-0.6197,-2.1452,0.0732,-2.49,0.3868,0.3188,0.4197,DRIVE,0.0000,False,0.8960
1787899224.356,FORWARD,139,-3.9914,-0.7109,-2.1572,-3.9866,-0.6197,-2.1452,0.0914,-0.69,0.3729,0.2860,0.4095,DRIVE,0.0000,False,0.8960
1787899224.436,FORWARD,140,-4.0038,-0.7290,-2.1210,-4.0023,-0.6452,-2.0998,0.0838,-1.22,0.3966,0.2986,0.4017,DRIVE,0.0000,False,0.8549
1787899224.517,FORWARD,141,-4.0139,-0.7412,-2.0937,-4.0169,-0.6715,-2.0560,0.0698,-2.16,0.4155,0.3197,0.4019,DRIVE,0.0000,False,0.8127
1787899224.594,FORWARD,142,-4.0179,-0.7500,-2.0712,-4.0304,-0.6984,-2.0142,0.0531,-3.26,0.4373,0.3488,0.4019,DRIVE,0.0000,False,0.7699
1787899224.673,FORWARD,142,-4.0192,-0.7568,-2.0399,-4.0304,-0.6984,-2.0142,0.0595,-1.47,0.4810,0.3412,0.3605,DRIVE,0.0000,False,0.7699
1787899224.758,FORWARD,143,-4.0195,-0.7712,-2.0129,-4.0427,-0.7257,-1.9743,0.0510,-2.21,0.5224,0.3683,0.3251,DRIVE,0.0000,False,0.7272
1787899224.834,FORWARD,143,-4.0212,-0.7909,-1.9754,-4.0427,-0.7257,-1.9743,0.0687,-0.06,0.5501,0.3440,0.2644,DRIVE,0.0000,False,0.7272
1787899224.917,FORWARD,145,-4.0367,-0.8225,-1.9403,-4.0642,-0.7818,-1.9003,0.0492,-2.29,0.5687,0.6833,0.3144,DRIVE,0.0000,False,0.6446
1787899224.997,FORWARD,146,-4.0527,-0.8505,-1.9052,-4.0734,-0.8104,-1.8661,0.0452,-2.24,0.5745,0.6824,0.3308,DRIVE,0.0000,False,0.6058
1787899225.078,FORWARD,147,-4.0642,-0.8737,-1.8921,-4.0817,-0.8393,-1.8337,0.0386,-3.35,0.5808,0.6904,0.3543,DRIVE,0.0000,False,0.5694
1787899225.158,FORWARD,148,-4.0697,-0.8919,-1.8478,-4.0890,-0.8684,-1.8029,0.0305,-2.57,0.5880,0.7021,0.3332,DRIVE,0.0000,False,0.5355
1787899225.235,FORWARD,149,-4.0671,-0.9206,-1.8196,-4.0955,-0.8977,-1.7737,0.0365,-2.63,0.5928,0.7053,0.3047,DRIVE,0.0000,False,0.5045
1787899225.315,FORWARD,151,-4.0811,-0.9797,-1.7312,-4.1060,-0.9568,-1.7197,0.0338,-0.66,0.5975,0.7011,0.2415,DRIVE,0.0000,False,0.4503
1787899225.396,FORWARD,153,-4.0923,-1.0277,-1.6826,-4.1134,-1.0164,-1.6708,0.0239,-0.68,0.6000,0.7148,0.2069,DRIVE,0.0000,False,0.4052
1787899225.474,FORWARD,155,-4.0982,-1.0777,-1.6108,-4.1181,-1.0763,-1.6262,0.0199,0.88,0.6000,0.7244,0.1456,DRIVE,0.0000,False,0.3662
1787899225.559,FORWARD,157,-4.0938,-1.1206,-1.5874,-4.1201,-1.1363,-1.5854,0.0307,-0.11,0.6000,0.7455,0.1150,DRIVE,0.0000,False,0.3308
1787899225.636,FORWARD,158,-4.0929,-1.1496,-1.5532,-4.1203,-1.1664,-1.5662,0.0321,0.74,0.6000,0.7456,0.0740,DRIVE,0.0000,False,0.3141
1787899225.718,FORWARD,159,-4.0847,-1.1910,-1.5309,-4.1199,-1.1964,-1.5477,0.0356,0.96,0.6000,0.7308,0.0347,DRIVE,0.0000,False,0.2978
1787899225.796,FORWARD,161,-4.0776,-1.2498,-1.5054,-4.1175,-1.2564,-1.5145,0.0404,0.52,0.6000,0.7309,-0.0005,DRIVE,0.0000,False,0.2673
1787899225.877,FORWARD,162,-4.0766,-1.2968,-1.4934,-4.1156,-1.2864,-1.5001,0.0403,0.38,0.6000,0.7100,-0.0189,DRIVE,0.0000,False,0.2534
1787899225.956,FORWARD,164,-4.0719,-1.3379,-1.4861,-4.1106,-1.3462,-1.4763,0.0396,-0.56,0.6000,0.7320,-0.0322,DRIVE,0.0000,False,0.2291
1787899226.035,FORWARD,165,-4.0636,-1.3824,-1.4802,-4.1076,-1.3761,-1.4670,0.0445,-0.76,0.6000,0.7137,-0.0512,DRIVE,0.0000,False,0.2192
1787899226.114,FORWARD,167,-4.0540,-1.4363,-1.4927,-4.1009,-1.4358,-1.4540,0.0470,-2.22,0.6000,0.7206,-0.0554,DRIVE,0.0000,False,0.2043
1787899226.197,FORWARD,169,-4.0510,-1.4806,-1.4947,-4.0937,-1.4955,-1.4488,0.0452,-2.63,0.6000,0.7397,-0.0640,DRIVE,0.0000,False,0.1957
1787899226.278,FORWARD,170,-4.0509,-1.5217,-1.4997,-4.0901,-1.5253,-1.4492,0.0394,-2.90,0.6000,0.7268,-0.0651,DRIVE,0.0000,False,0.1934
1787899226.356,FORWARD,172,-4.0426,-1.5727,-1.5061,-4.0830,-1.5849,-1.4560,0.0422,-2.87,0.6000,0.7376,-0.0805,DRIVE,0.0000,False,0.1910
1787899226.436,FORWARD,173,-4.0368,-1.6149,-1.5122,-4.0796,-1.6148,-1.4624,0.0428,-2.85,0.6000,0.7230,-0.0930,DRIVE,0.0000,False,0.1906
1787899226.516,FORWARD,175,-4.0318,-1.6597,-1.5247,-4.0736,-1.6745,-1.4811,0.0443,-2.50,0.6000,0.7420,-0.1011,DRIVE,0.0000,False,0.1905
1787899226.601,FORWARD,176,-4.0286,-1.7041,-1.5412,-4.0711,-1.7044,-1.4933,0.0426,-2.75,0.6000,0.7252,-0.0941,DRIVE,0.0000,False,0.1909
1787899226.685,FORWARD,178,-4.0276,-1.7559,-1.5465,-4.0672,-1.7644,-1.5175,0.0405,-1.66,0.6000,0.7354,-0.0947,DRIVE,0.0000,False,0.1937
1787899226.756,FORWARD,180,-4.0273,-1.8037,-1.5650,-4.0646,-1.8244,-1.5373,0.0427,-1.58,0.6000,0.7496,-0.0777,DRIVE,0.0000,False,0.2008
1787899226.837,FORWARD,181,-4.0286,-1.8520,-1.5795,-4.0638,-1.8544,-1.5457,0.0352,-1.94,0.6000,0.7288,-0.0542,DRIVE,0.0000,False,0.2066
1787899226.913,FORWARD,183,-4.0304,-1.9208,-1.5847,-4.0627,-1.9145,-1.5593,0.0329,-1.45,0.6000,0.7180,-0.0380,DRIVE,0.0000,False,0.2236
1787899226.997,FORWARD,185,-4.0319,-1.9717,-1.6027,-4.0623,-1.9745,-1.5691,0.0305,-1.93,0.6000,0.7288,-0.0052,DRIVE,0.0000,False,0.2480
1787899227.077,FORWARD,186,-4.0331,-2.0108,-1.6133,-4.0623,-2.0046,-1.5725,0.0299,-2.34,0.6000,0.7180,0.0239,DRIVE,0.0000,False,0.2628
1787899227.155,FORWARD,188,-4.0339,-2.0503,-1.6251,-4.0625,-2.0646,-1.5767,0.0320,-2.77,0.6000,0.7424,0.0576,DRIVE,0.0000,False,0.2972
1787899227.239,FORWARD,189,-4.0348,-2.0836,-1.6346,-4.0627,-2.0947,-1.5775,0.0301,-3.27,0.6000,0.7385,0.0881,DRIVE,0.0000,False,0.3163
1787899227.314,FORWARD,191,-4.0353,-2.1442,-1.6267,-4.0631,-2.1547,-1.5764,0.0297,-2.88,0.6000,0.7367,0.1036,DRIVE,0.0000,False,0.3575
1787899227.398,FORWARD,193,-4.0406,-2.2015,-1.6116,-4.0633,-2.2148,-1.5719,0.0264,-2.27,0.6000,0.7383,0.1150,DRIVE,0.0000,False,0.4014
1787899227.479,FORWARD,194,-4.0491,-2.2522,-1.5971,-4.0633,-2.2448,-1.5685,0.0160,-1.64,0.6000,0.7124,0.1265,DRIVE,0.0000,False,0.4239
1787899227.557,FORWARD,195,-4.0520,-2.2713,-1.5912,-4.0632,-2.2749,-1.5642,0.0117,-1.55,0.6000,0.7249,0.1376,DRIVE,0.0000,False,0.4467
1787899227.637,FORWARD,196,-4.0484,-2.3128,-1.5752,-4.0629,-2.3049,-1.5591,0.0165,-0.93,0.6000,0.7100,0.1319,DRIVE,0.0000,False,0.4698
1787899227.716,FORWARD,198,-4.0442,-2.3679,-1.5492,-4.0619,-2.3649,-1.5464,0.0179,-0.16,0.6000,0.7141,0.1203,DRIVE,0.0000,False,0.5167
1787899227.796,FORWARD,200,-4.0432,-2.4264,-1.5226,-4.0599,-2.4250,-1.5306,0.0168,0.46,0.6000,0.7143,0.1156,DRIVE,0.0000,False,0.5651
1787899227.879,FORWARD,202,-4.0423,-2.4769,-1.4952,-4.0570,-2.4850,-1.5116,0.0167,0.94,0.6000,0.7240,0.1151,DRIVE,0.0000,False,0.6154
1787899227.957,FORWARD,203,-4.0343,-2.5100,-1.4789,-4.0550,-2.5149,-1.5009,0.0213,1.26,0.6000,0.7186,0.1062,DRIVE,0.0000,False,0.6414
1787899228.036,FORWARD,204,-4.0253,-2.5426,-1.4635,-4.0528,-2.5449,-1.4895,0.0276,1.49,0.6000,0.7135,0.0951,DRIVE,0.0000,False,0.6682
1787899228.115,FORWARD,206,-4.0201,-2.6002,-1.4354,-4.0471,-2.6047,-1.4644,0.0274,1.66,0.6000,0.7138,0.0971,DRIVE,0.0000,False,0.7241
1787899228.198,FORWARD,208,-4.0107,-2.6527,-1.4185,-4.0399,-2.6643,-1.4363,0.0315,1.02,0.6000,0.7197,0.1148,DRIVE,0.0000,False,0.7835
1787899228.277,FORWARD,210,-4.0020,-2.6921,-1.4012,-4.0310,-2.7237,-1.4054,0.0429,0.24,0.6000,0.7415,0.1365,DRIVE,0.0000,False,0.8465
1787899228.358,FORWARD,211,-3.9966,-2.7292,-1.3831,-4.0258,-2.7533,-1.3892,0.0378,0.35,0.6000,0.7309,0.1493,DRIVE,0.0000,False,0.8793
1787899228.434,FORWARD,212,-3.9855,-2.7720,-1.3663,-4.0201,-2.7828,-1.3726,0.0362,0.36,0.6000,0.7122,0.1582,DRIVE,0.0000,False,0.9127
1787899228.518,FORWARD,214,-3.9754,-2.8238,-1.3419,-4.0073,-2.8415,-1.3382,0.0364,-0.22,0.6000,0.7186,0.1827,DRIVE,0.0000,False,0.9806
1787899228.595,FORWARD,215,-3.9665,-2.8666,-1.3131,-4.0001,-2.8706,-1.3202,0.0339,0.41,0.6000,0.7001,0.1905,DRIVE,0.0000,False,1.0146
1787899228.674,FORWARD,217,-3.9525,-2.9139,-1.2791,-3.9841,-2.9285,-1.2825,0.0349,0.20,0.6000,0.7106,0.2045,DRIVE,0.0000,False,1.0802
1787899228.757,FORWARD,219,-3.9356,-2.9624,-1.2509,-3.9659,-2.9857,-1.2422,0.0383,-0.50,0.6000,0.7193,0.2311,DRIVE,0.0000,False,1.1388
1787899228.835,FORWARD,220,-3.9200,-3.0000,-1.2201,-3.9559,-3.0141,-1.2209,0.0386,0.04,0.5423,0.4048,0.1449,DRIVE,0.0000,False,1.1636
1787899228.918,FORWARD,222,-3.9024,-3.0388,-1.1786,-3.9341,-3.0700,-1.1756,0.0444,-0.18,0.5212,0.4211,0.1080,DRIVE,0.0000,False,1.2006
1787899228.994,FORWARD,223,-3.8823,-3.0921,-1.1405,-3.9222,-3.0976,-1.1515,0.0402,0.63,0.5012,0.3826,0.0974,DRIVE,0.0000,False,1.2113
1787899229.078,FORWARD,225,-3.8627,-3.1279,-1.1119,-3.8964,-3.1518,-1.1001,0.0413,-0.68,0.4802,0.4023,0.1217,DRIVE,0.0000,False,1.2152
1787899229.155,FORWARD,225,-3.8481,-3.1553,-1.0988,-3.8964,-3.1518,-1.1001,0.0484,0.08,0.4631,0.3600,0.1360,DRIVE,0.0000,False,1.2152
1787899229.234,FORWARD,226,-3.8377,-3.1839,-1.0821,-3.8824,-3.1784,-1.0727,0.0451,-0.54,0.4466,0.3564,0.1710,DRIVE,0.0000,False,1.2082
1787899229.316,FORWARD,227,-3.8276,-3.2030,-1.0777,-3.8677,-3.2046,-1.0440,0.0401,-1.93,0.4310,0.3658,0.2236,DRIVE,0.0000,False,1.1956
1787899229.393,FORWARD,227,-3.8183,-3.2167,-1.0676,-3.8677,-3.2046,-1.0440,0.0509,-1.35,0.4191,0.3423,0.2488,DRIVE,0.0000,False,1.1956
1787899229.476,FORWARD,228,-3.8080,-3.2314,-1.0498,-3.8522,-3.2303,-1.0140,0.0442,-2.05,0.4116,0.3563,0.2769,DRIVE,0.0000,False,1.1779
1787899229.554,FORWARD,229,-3.7983,-3.2504,-1.0383,-3.8359,-3.2555,-0.9826,0.0380,-3.19,0.4049,0.3679,0.3208,DRIVE,0.0000,False,1.1560
1787899229.636,FORWARD,229,-3.7850,-3.2707,-1.0123,-3.8359,-3.2555,-0.9826,0.0531,-1.70,0.3951,0.3323,0.3304,DRIVE,0.0000,False,1.1560
1787899229.716,FORWARD,230,-3.7725,-3.2849,-0.9909,-3.8188,-3.2802,-0.9498,0.0465,-2.35,0.3945,0.3466,0.3475,DRIVE,0.0000,False,1.1308
1787899229.795,FORWARD,231,-3.7591,-3.3057,-0.9635,-3.8010,-3.3044,-0.9155,0.0419,-2.75,0.3898,0.3524,0.3718,DRIVE,0.0000,False,1.1035
1787899229.882,FORWARD,232,-3.7453,-3.3275,-0.9368,-3.7822,-3.3279,-0.8797,0.0370,-3.27,0.3874,0.3579,0.4035,DRIVE,0.0000,False,1.0751
1787899229.955,FORWARD,232,-3.7318,-3.3443,-0.9157,-3.7822,-3.3279,-0.8797,0.0530,-2.06,0.3857,0.3278,0.4110,DRIVE,0.0000,False,1.0751
1787899230.037,FORWARD,233,-3.7192,-3.3534,-0.8852,-3.7627,-3.3506,-0.8424,0.0436,-2.45,0.3849,0.3456,0.4166,DRIVE,0.0000,False,1.0467
1787899230.115,FORWARD,233,-3.7019,-3.3690,-0.8497,-3.7627,-3.3506,-0.8424,0.0635,-0.42,0.3928,0.3124,0.3918,DRIVE,0.0000,False,1.0467
1787899230.197,FORWARD,234,-3.6846,-3.3834,-0.8140,-3.7422,-3.3727,-0.8036,0.0586,-0.59,0.3980,0.3224,0.3813,DRIVE,0.0000,False,1.0191
1787899230.276,FORWARD,235,-3.6698,-3.4038,-0.7807,-3.7210,-3.3939,-0.7633,0.0521,-0.99,0.4023,0.3300,0.3917,DRIVE,0.0000,False,0.9929
1787899230.355,FORWARD,236,-3.6606,-3.4164,-0.7554,-3.6989,-3.4142,-0.7217,0.0383,-1.93,0.4144,0.3521,0.4132,DRIVE,0.0000,False,0.9684
1787899230.436,FORWARD,236,-3.6529,-3.4214,-0.7309,-3.6989,-3.4142,-0.7217,0.0465,-0.53,0.4294,0.3389,0.3983,DRIVE,0.0000,False,0.9684
1787899230.513,FORWARD,237,-3.6328,-3.4262,-0.6878,-3.6759,-3.4335,-0.6787,0.0437,-0.52,0.4449,0.3545,0.3750,DRIVE,0.0000,False,0.9456
1787899230.594,FORWARD,238,-3.6141,-3.4379,-0.6529,-3.6521,-3.4518,-0.6346,0.0404,-1.05,0.4639,0.3684,0.3671,DRIVE,0.0000,False,0.9244
1787899230.680,FORWARD,239,-3.5965,-3.4522,-0.6277,-3.6275,-3.4691,-0.5895,0.0353,-2.19,0.4720,0.3815,0.3849,DRIVE,0.0000,False,0.9043
1787899230.757,FORWARD,240,-3.5775,-3.4743,-0.5830,-3.6022,-3.4852,-0.5437,0.0270,-2.25,0.4973,0.3873,0.4018,DRIVE,0.0000,False,0.8849
1787899230.835,FORWARD,240,-3.5593,-3.4858,-0.5478,-3.6022,-3.4852,-0.5437,0.0429,-0.24,0.5249,0.3597,0.3812,DRIVE,0.0000,False,0.8849
1787899230.918,FORWARD,241,-3.5343,-3.4946,-0.5108,-3.5761,-3.5002,-0.4973,0.0422,-0.78,0.6000,0.6858,0.4013,DRIVE,0.0000,False,0.8655
1787899230.995,FORWARD,242,-3.5195,-3.4994,-0.4868,-3.5494,-3.5139,-0.4506,0.0333,-2.07,0.6000,0.7056,0.4093,DRIVE,0.0000,False,0.8459
1787899231.078,FORWARD,242,-3.5027,-3.5079,-0.4544,-3.5494,-3.5139,-0.4506,0.0471,-0.22,0.6000,0.6793,0.3842,DRIVE,0.0000,False,0.8459
1787899231.155,FORWARD,244,-3.4703,-3.5215,-0.3925,-3.4942,-3.5375,-0.3575,0.0288,-2.00,0.6000,0.7093,0.3559,DRIVE,0.0000,False,0.8050
1787899231.235,FORWARD,245,-3.4226,-3.5327,-0.3331,-3.4658,-3.5473,-0.3117,0.0456,-1.23,0.6000,0.6828,0.2998,DRIVE,0.0000,False,0.7838
1787899231.314,FORWARD,247,-3.3803,-3.5461,-0.2606,-3.4079,-3.5632,-0.2285,0.0325,-1.84,0.6000,0.6973,0.2225,DRIVE,0.0000,False,0.7413
1787899231.395,FORWARD,249,-3.3353,-3.5596,-0.2021,-3.3490,-3.5750,-0.1692,0.0207,-1.89,0.6000,0.7098,0.1392,DRIVE,0.0000,False,0.7021
1787899231.478,FORWARD,250,-3.2951,-3.5675,-0.1488,-3.3194,-3.5797,-0.1474,0.0272,-0.08,0.6000,0.6939,0.0446,DRIVE,0.0000,False,0.6850
1787899231.556,FORWARD,252,-3.2576,-3.5709,-0.1160,-3.2598,-3.5876,-0.1174,0.0168,0.08,0.6000,0.7198,-0.0477,DRIVE,0.0000,False,0.6578
1787899231.634,FORWARD,253,-3.2210,-3.5691,-0.0945,-3.2300,-3.5909,-0.1086,0.0236,0.81,0.6000,0.7121,-0.1317,DRIVE,0.0000,False,0.6479
1787899231.716,FORWARD,255,-3.1543,-3.5786,-0.0757,-3.1703,-3.5972,-0.1027,0.0245,1.55,0.6000,0.7041,-0.2258,DRIVE,0.0000,False,0.6348
1787899231.795,FORWARD,257,-3.1071,-3.5838,-0.0893,-3.1105,-3.6035,-0.1121,0.0200,1.30,0.6000,0.7212,-0.2959,DRIVE,0.0000,False,0.6274
1787899231.878,FORWARD,258,-3.0675,-3.5859,-0.1064,-3.0807,-3.6071,-0.1228,0.0249,0.94,0.6000,0.7109,-0.3406,DRIVE,0.0000,False,0.6245
1787899231.958,FORWARD,260,-3.0235,-3.5862,-0.1564,-3.0212,-3.6154,-0.1579,0.0292,0.08,0.6000,0.7341,-0.3664,DRIVE,0.0000,False,0.6177
1787899232.035,FORWARD,261,-2.9777,-3.5993,-0.1846,-2.9916,-3.6204,-0.1830,0.0253,-0.09,0.6000,0.7150,-0.3784,DRIVE,0.0000,False,0.6136
1787899232.116,FORWARD,263,-2.9296,-3.6183,-0.2550,-2.9330,-3.6333,-0.2512,0.0153,-0.21,0.6000,0.7263,-0.3481,DRIVE,0.0000,False,0.6056
1787899232.196,FORWARD,265,-2.8878,-3.6263,-0.3223,-2.8754,-3.6504,-0.3259,0.0271,0.21,0.6000,0.7483,-0.3076,DRIVE,0.0000,False,0.6029
1787899232.282,FORWARD,266,-2.8464,-3.6383,-0.3694,-2.8471,-3.6605,-0.3611,0.0222,-0.48,0.6000,0.7326,-0.2654,DRIVE,0.0000,False,0.6060
1787899232.357,FORWARD,268,-2.8092,-3.6535,-0.4286,-2.7917,-3.6835,-0.4247,0.0348,-0.22,0.4673,0.4269,-0.2397,DRIVE,0.0000,False,0.6258
1787899232.436,FORWARD,269,-2.7712,-3.6734,-0.4900,-2.7645,-3.6963,-0.4525,0.0238,-2.15,0.3559,0.3909,-0.1751,DRIVE,0.0000,False,0.6441
1787899232.514,FORWARD,270,-2.7301,-3.6961,-0.5311,-2.7376,-3.7098,-0.4771,0.0156,-3.09,0.2732,0.3577,-0.1087,DRIVE,0.0000,False,0.6684
1787899232.593,FORWARD,272,-2.6943,-3.7125,-0.5674,-2.6849,-3.7384,-0.5164,0.0276,-2.92,0.2189,0.3750,-0.0459,DRIVE,0.0000,False,0.7351
1787899232.675,FORWARD,273,-2.6609,-3.7288,-0.5874,-2.6589,-3.7535,-0.5309,0.0247,-3.24,0.2000,0.3644,0.0056,DRIVE,0.0000,False,0.7767
1787899232.754,FORWARD,274,-2.6359,-3.7426,-0.6016,-2.6330,-3.7688,-0.5420,0.0264,-3.41,0.2000,0.3669,0.0496,DRIVE,0.0000,False,0.8226
1787899232.835,FORWARD,274,-2.6170,-3.7549,-0.5988,-2.6330,-3.7688,-0.5420,0.0212,-3.25,0.2000,0.3399,0.0707,DRIVE,0.0000,False,0.8226
1787899232.914,FORWARD,275,-2.5910,-3.7702,-0.6015,-2.6074,-3.7844,-0.5497,0.0217,-2.97,0.2000,0.3395,0.0899,DRIVE,0.0000,False,0.8720
1787899232.994,FORWARD,276,-2.5784,-3.7824,-0.5945,-2.5818,-3.8002,-0.5541,0.0181,-2.31,0.2000,0.3540,0.1020,DRIVE,0.0000,False,0.9237
1787899233.077,FORWARD,276,-2.5639,-3.7933,-0.5965,-2.5818,-3.8002,-0.5541,0.0192,-2.43,0.2000,0.3323,0.1154,DRIVE,0.0000,False,0.9237
1787899233.155,FORWARD,277,-2.5466,-3.8064,-0.5909,-2.5563,-3.8160,-0.5554,0.0137,-2.03,0.2000,0.3416,0.1278,DRIVE,0.0000,False,0.9765
1787899233.238,FORWARD,278,-2.5220,-3.8139,-0.5785,-2.5308,-3.8318,-0.5537,0.0199,-1.42,0.2000,0.3469,0.1241,DRIVE,0.0000,False,1.0292
1787899233.315,FORWARD,279,-2.5010,-3.8250,-0.5702,-2.5052,-3.8476,-0.5491,0.0230,-1.21,0.2000,0.3538,0.1253,DRIVE,0.0000,False,1.0808
1787899233.396,FORWARD,279,-2.4874,-3.8347,-0.5618,-2.5052,-3.8476,-0.5491,0.0219,-0.73,0.2000,0.3330,0.1212,DRIVE,0.0000,False,1.0808
1787899233.478,FORWARD,280,-2.4715,-3.8450,-0.5530,-2.4795,-3.8631,-0.5419,0.0198,-0.64,0.2000,0.3455,0.1252,DRIVE,0.0000,False,1.1305
1787899233.555,FORWARD,280,-2.4563,-3.8568,-0.5449,-2.4795,-3.8631,-0.5419,0.0241,-0.17,0.2000,0.3218,0.1252,DRIVE,0.0000,False,1.1305
1787899233.635,FORWARD,281,-2.4399,-3.8667,-0.5357,-2.4537,-3.8785,-0.5327,0.0181,-0.17,0.2000,0.3340,0.1330,DRIVE,0.0000,False,1.1774
1787899233.714,FORWARD,282,-2.4163,-3.8760,-0.5239,-2.4278,-3.8936,-0.5217,0.0211,-0.13,0.2000,0.3392,0.1407,DRIVE,0.0000,False,1.2209
1787899233.801,FORWARD,283,-2.3985,-3.8864,-0.5132,-2.4016,-3.9084,-0.5087,0.0222,-0.25,0.2000,0.3497,0.1556,DRIVE,0.0000,False,1.2606
1787899233.877,FORWARD,283,-2.3802,-3.8975,-0.5021,-2.4016,-3.9084,-0.5087,0.0241,0.38,0.2000,0.3227,0.1584,DRIVE,0.0000,False,1.2606
1787899233.957,FORWARD,284,-2.3604,-3.9069,-0.4910,-2.3753,-3.9229,-0.4939,0.0218,0.17,0.2000,0.3319,0.1718,DRIVE,0.0000,False,1.2960
1787899234.035,FORWARD,285,-2.3421,-3.9179,-0.4804,-2.3487,-3.9369,-0.4770,0.0201,-0.19,0.2000,0.3419,0.1964,DRIVE,0.0000,False,1.3268
1787899234.113,FORWARD,286,-2.3162,-3.9258,-0.4651,-2.3219,-3.9504,-0.4581,0.0253,-0.40,0.2000,0.3454,0.2191,DRIVE,0.0000,False,1.3527
1787899234.195,FORWARD,286,-2.2979,-3.9348,-0.4525,-2.3219,-3.9504,-0.4581,0.0287,0.32,0.2000,0.3191,0.2255,DRIVE,0.0000,False,1.3527
1787899234.274,FORWARD,287,-2.2832,-3.9474,-0.4392,-2.2949,-3.9634,-0.4370,0.0198,-0.13,0.2000,0.3325,0.2520,DRIVE,0.0000,False,1.3732
1787899234.358,FORWARD,288,-2.2697,-3.9553,-0.4219,-2.2675,-3.9758,-0.4135,0.0206,-0.48,0.2000,0.3498,0.2812,DRIVE,0.0000,False,1.3878
1787899234.435,FORWARD,288,-2.2527,-3.9597,-0.4048,-2.2675,-3.9758,-0.4135,0.0219,0.50,0.2000,0.3266,0.2821,DRIVE,0.0000,False,1.3878
1787899234.519,FORWARD,289,-2.2302,-3.9678,-0.3826,-2.2398,-3.9875,-0.3875,0.0220,0.28,0.2000,0.3337,0.2972,DRIVE,0.0000,False,1.3961
1787899234.598,FORWARD,290,-2.2029,-3.9787,-0.3495,-2.2119,-3.9985,-0.3587,0.0218,0.53,0.2000,0.3332,0.3150,DRIVE,0.0000,False,1.3976
1787899234.682,FORWARD,291,-2.1708,-3.9884,-0.3206,-2.1836,-4.0086,-0.3270,0.0239,0.36,0.2000,0.3289,0.3435,DRIVE,0.0000,False,1.3920
1787899234.755,FORWARD,292,-2.1537,-3.9931,-0.3148,-2.1550,-4.0178,-0.2921,0.0247,-1.30,0.2000,0.3480,0.3984,DRIVE,0.0000,False,1.3790
1787899234.834,FORWARD,292,-2.1449,-3.9964,-0.2837,-2.1550,-4.0178,-0.2921,0.0236,0.48,0.2000,0.3312,0.3970,DRIVE,0.0000,False,1.3790
1787899234.916,FORWARD,293,-2.1380,-3.9977,-0.2663,-2.1261,-4.0259,-0.2538,0.0306,-0.72,0.2000,0.3623,0.4171,DRIVE,0.0000,False,1.3587
1787899235.001,FORWARD,293,-2.1212,-4.0035,-0.2347,-2.1261,-4.0259,-0.2538,0.0229,1.10,0.2000,0.3356,0.4047,DRIVE,0.0000,False,1.3587
1787899235.078,FORWARD,294,-2.0989,-4.0070,-0.1947,-2.0969,-4.0328,-0.2118,0.0259,0.98,0.2000,0.3453,0.4053,DRIVE,0.0000,False,1.3318
1787899235.157,FORWARD,295,-2.0733,-4.0112,-0.1625,-2.0674,-4.0385,-0.1661,0.0279,0.21,0.2320,0.3590,0.4195,DRIVE,0.0000,False,1.2990
1787899235.235,FORWARD,296,-2.0461,-4.0142,-0.1389,-2.0376,-4.0427,-0.1164,0.0297,-1.29,0.4101,0.4008,0.4158,DRIVE,0.0000,False,1.2618
1787899235.321,FORWARD,296,-2.0217,-4.0175,-0.0975,-2.0376,-4.0427,-0.1164,0.0298,1.08,0.6000,0.6911,0.4606,DRIVE,0.0000,False,1.2618
1787899235.393,FORWARD,297,-2.0077,-4.0151,-0.0539,-2.0077,-4.0454,-0.0628,0.0303,0.51,0.6000,0.7113,0.4666,DRIVE,0.0000,False,1.2218
1787899235.479,FORWARD,298,-1.9920,-4.0136,-0.0293,-1.9777,-4.0464,-0.0065,0.0357,-1.31,0.6000,0.7313,0.4820,DRIVE,0.0000,False,1.1809
1787899235.558,FORWARD,299,-1.9692,-4.0136,0.0346,-1.9477,-4.0458,0.0488,0.0387,-0.82,0.6000,0.7376,0.4607,DRIVE,0.0000,False,1.1411
1787899235.635,FORWARD,299,-1.9350,-4.0134,0.0746,-1.9477,-4.0458,0.0488,0.0348,1.48,0.6000,0.6934,0.4318,DRIVE,0.0000,False,1.1411
1787899235.714,FORWARD,302,-1.8682,-4.0047,0.1899,-1.8584,-4.0342,0.2060,0.0311,-0.92,0.6000,0.7230,0.4215,DRIVE,0.0000,False,1.0451
1787899235.793,FORWARD,303,-1.8245,-3.9933,0.2472,-1.8292,-4.0274,0.2552,0.0344,-0.46,0.6000,0.7035,0.4052,DRIVE,0.0000,False,1.0246
1787899235.876,FORWARD,305,-1.7853,-3.9788,0.3336,-1.7719,-4.0095,0.3486,0.0335,-0.86,0.6000,0.7234,0.3730,DRIVE,0.0000,False,1.0020
1787899235.955,FORWARD,306,-1.7498,-3.9608,0.3857,-1.7439,-3.9986,0.3930,0.0383,-0.42,0.6000,0.7100,0.3422,DRIVE,0.0000,False,0.9985
1787899236.035,FORWARD,307,-1.7209,-3.9406,0.4535,-1.7164,-3.9865,0.4359,0.0461,1.01,0.6000,0.6997,0.2849,DRIVE,0.0000,False,0.9985
1787899236.114,FORWARD,309,-1.6900,-3.9183,0.5254,-1.6631,-3.9589,0.5179,0.0487,0.43,0.6000,0.7231,0.2337,DRIVE,0.0000,False,1.0032
1787899236.194,FORWARD,311,-1.6472,-3.8893,0.5780,-1.6121,-3.9272,0.5954,0.0516,-1.00,0.6000,0.7310,0.2063,DRIVE,0.0000,False,1.0053
1787899236.277,FORWARD,312,-1.6076,-3.8642,0.6336,-1.5876,-3.9099,0.6328,0.0498,0.04,0.6000,0.7061,0.1617,DRIVE,0.0000,False,1.0031
1787899236.354,FORWARD,313,-1.5698,-3.8434,0.6798,-1.5637,-3.8917,0.6695,0.0487,0.59,0.6000,0.6874,0.1195,DRIVE,0.0000,False,0.9983
1787899236.436,FORWARD,315,-1.5319,-3.8193,0.7148,-1.5180,-3.8527,0.7396,0.0362,-1.42,0.6000,0.7035,0.0864,DRIVE,0.0000,False,0.9821
1787899236.515,FORWARD,317,-1.4909,-3.7721,0.7485,-1.4747,-3.8110,0.7918,0.0422,-2.48,0.6000,0.6965,0.0200,DRIVE,0.0000,False,0.9609
1787899236.595,FORWARD,319,-1.4637,-3.7402,0.7657,-1.4333,-3.7676,0.8234,0.0409,-3.31,0.6000,0.7160,-0.0562,DRIVE,0.0000,False,0.9400
1787899236.678,FORWARD,320,-1.4358,-3.7123,0.7854,-1.4130,-3.7455,0.8317,0.0402,-2.65,0.6000,0.7028,-0.1323,DRIVE,0.0000,False,0.9306
1787899236.755,FORWARD,322,-1.4003,-3.6871,0.7738,-1.3726,-3.7010,0.8336,0.0310,-3.43,0.6000,0.7239,-0.1928,DRIVE,0.0000,False,0.9125
1787899236.837,FORWARD,323,-1.3691,-3.6663,0.7766,-1.3524,-3.6788,0.8269,0.0209,-2.88,0.6000,0.7161,-0.2498,DRIVE,0.0000,False,0.9023
1787899236.915,FORWARD,325,-1.3322,-3.6230,0.7553,-1.3111,-3.6351,0.7971,0.0243,-2.39,0.6000,0.7251,-0.3412,DRIVE,0.0000,False,0.8750
1787899237.003,FORWARD,327,-1.2977,-3.5901,0.7103,-1.2681,-3.5932,0.7430,0.0298,-1.88,0.6000,0.7475,-0.4180,DRIVE,0.0000,False,0.8323
1787899237.080,FORWARD,328,-1.2591,-3.5654,0.6808,-1.2456,-3.5733,0.7057,0.0156,-1.43,0.6000,0.7321,-0.4644,DRIVE,0.0000,False,0.8041
1787899237.161,FORWARD,330,-1.2236,-3.5383,0.6214,-1.1982,-3.5365,0.6082,0.0255,0.75,0.6000,0.7500,-0.5023,DRIVE,0.0000,False,0.7352
1787899237.239,FORWARD,331,-1.1917,-3.5133,0.5563,-1.1730,-3.5201,0.5476,0.0199,0.50,0.6000,0.7472,-0.4895,DRIVE,0.0000,False,0.6964
1787899237.315,FORWARD,332,-1.1459,-3.4889,0.4811,-1.1469,-3.5053,0.4856,0.0164,-0.26,0.6000,0.7205,-0.4422,DRIVE,0.0000,False,0.6564
1787899237.397,FORWARD,334,-1.1170,-3.4700,0.3971,-1.0923,-3.4803,0.3777,0.0267,1.11,0.6000,0.7500,-0.3752,DRIVE,0.0000,False,0.5792
1787899237.479,FORWARD,335,-1.0760,-3.4524,0.3306,-1.0642,-3.4698,0.3326,0.0211,-0.11,0.6000,0.7343,-0.2977,DRIVE,0.0000,False,0.5450
1787899237.555,FORWARD,336,-1.0339,-3.4394,0.2949,-1.0356,-3.4606,0.2935,0.0213,0.08,0.6000,0.7180,-0.2427,DRIVE,0.0000,False,0.5153
1787899237.637,FORWARD,338,-0.9986,-3.4281,0.1884,-0.9776,-3.4451,0.2326,0.0270,-2.53,0.6000,0.7429,-0.1028,DRIVE,0.0000,False,0.4728
1787899237.719,FORWARD,339,-0.9611,-3.4245,0.1679,-0.9483,-3.4385,0.2103,0.0189,-2.43,0.5158,0.4110,-0.0632,DRIVE,0.0000,False,0.4606
1787899237.795,FORWARD,341,-0.8940,-3.4067,0.1088,-0.8893,-3.4269,0.1804,0.0208,-4.11,0.4546,0.3913,0.0232,DRIVE,0.0000,False,0.4539
1787899237.878,FORWARD,343,-0.8422,-3.3967,0.0892,-0.8302,-3.4166,0.1687,0.0233,-4.55,0.4351,0.4001,0.1035,DRIVE,0.0000,False,0.4668
1787899237.960,FORWARD,344,-0.7923,-3.3911,0.0927,-0.8006,-3.4116,0.1691,0.0221,-4.38,0.4031,0.3719,0.1595,DRIVE,0.0000,False,0.4788
1787899238.034,FORWARD,345,-0.7631,-3.3917,0.0909,-0.7710,-3.4064,0.1737,0.0167,-4.74,0.3753,0.3704,0.2119,DRIVE,0.0000,False,0.4933
1787899238.116,FORWARD,346,-0.7366,-3.3897,0.0964,-0.7414,-3.4011,0.1822,0.0124,-4.92,0.3503,0.3713,0.2501,DRIVE,0.0000,False,0.5096
1787899238.194,FORWARD,347,-0.7079,-3.3916,0.1158,-0.7119,-3.3955,0.1924,0.0057,-4.39,0.3336,0.3696,0.2693,DRIVE,0.0000,False,0.5272
1787899238.279,FORWARD,348,-0.6755,-3.3928,0.1282,-0.6825,-3.3896,0.2030,0.0077,-4.28,0.3169,0.3648,0.2896,DRIVE,0.0000,False,0.5456
1787899238.355,FORWARD,349,-0.6564,-3.3875,0.1553,-0.6531,-3.3834,0.2139,0.0052,-3.36,0.2988,0.3717,0.2784,DRIVE,0.0000,False,0.5644
1787899238.436,FORWARD,349,-0.6403,-3.3768,0.1761,-0.6531,-3.3834,0.2139,0.0144,-2.17,0.2960,0.3475,0.2439,DRIVE,0.0000,False,0.5644
1787899238.516,FORWARD,350,-0.6213,-3.3709,0.2037,-0.6238,-3.3769,0.2251,0.0064,-1.22,0.5214,0.3944,0.1846,DRIVE,0.0000,False,0.5835
1787899238.594,FORWARD,351,-0.6044,-3.3747,0.2252,-0.5945,-3.3700,0.2367,0.0109,-0.66,0.5091,0.4097,0.1524,DRIVE,0.0000,False,0.6028
1787899238.680,FORWARD,351,-0.5880,-3.3716,0.2422,-0.5945,-3.3700,0.2367,0.0067,0.32,0.4963,0.3871,0.1225,DRIVE,0.0000,False,0.6028
1787899238.757,FORWARD,352,-0.5690,-3.3579,0.2612,-0.5654,-3.3628,0.2487,0.0060,0.71,0.4880,0.3954,0.0887,DRIVE,0.0000,False,0.6222
1787899238.835,FORWARD,353,-0.5447,-3.3491,0.2799,-0.5363,-3.3552,0.2610,0.0104,1.08,0.4602,0.3960,0.0643,DRIVE,0.0000,False,0.6416
1787899238.914,FORWARD,354,-0.5108,-3.3382,0.2868,-0.5074,-3.3473,0.2738,0.0097,0.74,0.4504,0.3878,0.0612,DRIVE,0.0000,False,0.6611
1787899238.994,FORWARD,355,-0.4958,-3.3371,0.2916,-0.4785,-3.3390,0.2870,0.0174,0.26,0.4463,0.4058,0.0724,DRIVE,0.0000,False,0.6804
1787899239.080,FORWARD,355,-0.4743,-3.3338,0.2991,-0.4785,-3.3390,0.2870,0.0067,0.69,0.4254,0.3761,0.0791,DRIVE,0.0000,False,0.6804
1787899239.158,FORWARD,356,-0.4469,-3.3238,0.3074,-0.4497,-3.3303,0.3007,0.0071,0.38,0.4157,0.3756,0.0898,DRIVE,0.0000,False,0.6996
1787899239.236,FORWARD,357,-0.4173,-3.3094,0.3165,-0.4211,-3.3212,0.3148,0.0124,0.10,0.3850,0.3675,0.1011,DRIVE,0.0000,False,0.7186
1787899239.315,FORWARD,358,-0.3934,-3.2941,0.3250,-0.3926,-3.3117,0.3294,0.0176,-0.25,0.4449,0.3807,0.1014,DRIVE,0.0000,False,0.7371
1787899239.393,FORWARD,359,-0.3710,-3.2807,0.3335,-0.3643,-3.3018,0.3445,0.0221,-0.63,0.4256,0.3832,0.1062,DRIVE,0.0000,False,0.7552
1787899239.477,FORWARD,360,-0.3484,-3.2806,0.3405,-0.3361,-3.2914,0.3601,0.0164,-1.12,0.4102,0.3913,0.1302,DRIVE,0.0000,False,0.7726
1787899239.558,FORWARD,360,-0.3256,-3.2768,0.3470,-0.3361,-3.2914,0.3601,0.0180,-0.75,0.3948,0.3608,0.1480,DRIVE,0.0000,False,0.7726
1787899239.635,FORWARD,361,-0.3014,-3.2679,0.3546,-0.3081,-3.2806,0.3763,0.0143,-1.24,0.3793,0.3638,0.1711,DRIVE,0.0000,False,0.7893
1787899239.718,FORWARD,362,-0.2809,-3.2593,0.3629,-0.2802,-3.2693,0.3930,0.0100,-1.72,0.3642,0.3713,0.1948,DRIVE,0.0000,False,0.8051
1787899239.794,FORWARD,363,-0.2555,-3.2512,0.3775,-0.2526,-3.2576,0.4103,0.0070,-1.88,0.3496,0.3732,0.2165,DRIVE,0.0000,False,0.8201
1787899239.875,FORWARD,364,-0.2337,-3.2459,0.3919,-0.2252,-3.2454,0.4282,0.0086,-2.08,0.3343,0.3803,0.2384,DRIVE,0.0000,False,0.8342
1787899239.954,FORWARD,364,-0.2089,-3.2343,0.4084,-0.2252,-3.2454,0.4282,0.0197,-1.14,0.3280,0.3446,0.2393,DRIVE,0.0000,False,0.8342
1787899240.035,FORWARD,365,-0.1890,-3.2218,0.4262,-0.1980,-3.2326,0.4468,0.0141,-1.18,0.3078,0.3492,0.2407,DRIVE,0.0000,False,0.8474
1787899240.114,FORWARD,366,-0.1644,-3.2052,0.4520,-0.1710,-3.2194,0.4659,0.0156,-0.80,0.2971,0.3472,0.2334,DRIVE,0.0000,False,0.8596
1787899240.195,FORWARD,367,-0.1494,-3.1966,0.4692,-0.1443,-3.2056,0.4858,0.0104,-0.95,0.2890,0.3612,0.2314,DRIVE,0.0000,False,0.8707
1787899240.275,FORWARD,368,-0.1327,-3.1903,0.4931,-0.1179,-3.1914,0.5063,0.0149,-0.75,0.2793,0.3738,0.2285,DRIVE,0.0000,False,0.8807
1787899240.358,FORWARD,368,-0.1116,-3.1756,0.5052,-0.1179,-3.1914,0.5063,0.0170,-0.06,0.2679,0.3400,0.2208,DRIVE,0.0000,False,0.8807
1787899240.436,FORWARD,369,-0.0943,-3.1658,0.5270,-0.0918,-3.1765,0.5274,0.0110,-0.03,0.2570,0.3500,0.2172,DRIVE,0.0000,False,0.8895
1787899240.514,FORWARD,370,-0.0778,-3.1554,0.5508,-0.0660,-3.1611,0.5493,0.0131,0.08,0.2461,0.3603,0.2129,DRIVE,0.0000,False,0.8970
1787899240.600,FORWARD,371,-0.0552,-3.1368,0.5747,-0.0406,-3.1451,0.5719,0.0169,0.16,0.2373,0.3597,0.2085,DRIVE,0.0000,False,0.9027
1787899240.674,FORWARD,372,-0.0326,-3.1220,0.5860,-0.0155,-3.1286,0.5952,0.0184,-0.53,0.2250,0.3621,0.2247,DRIVE,0.0000,False,0.9066
1787899240.755,FORWARD,372,-0.0187,-3.1138,0.6065,-0.0155,-3.1286,0.5952,0.0151,0.65,0.2179,0.3392,0.2166,DRIVE,0.0000,False,0.9066
1787899240.835,FORWARD,373,-0.0078,-3.1045,0.6180,0.0092,-3.1115,0.6192,0.0183,-0.07,0.2094,0.3575,0.2237,DRIVE,0.0000,False,0.9081
1787899240.914,FORWARD,374,0.0167,-3.0822,0.6505,0.0334,-3.0937,0.6439,0.0203,0.38,0.2000,0.3512,0.2191,DRIVE,0.0000,False,0.9070
1787899240.995,FORWARD,375,0.0398,-3.0607,0.6734,0.0572,-3.0754,0.6693,0.0228,0.23,0.2000,0.3492,0.2201,DRIVE,0.0000,False,0.9029
1787899241.079,FORWARD,376,0.0597,-3.0434,0.6946,0.0805,-3.0565,0.6953,0.0245,-0.04,0.2000,0.3536,0.2265,DRIVE,0.0000,False,0.8955
1787899241.156,FORWARD,377,0.0761,-3.0301,0.7116,0.1033,-3.0369,0.7220,0.0280,-0.60,0.2000,0.3648,0.2404,DRIVE,0.0000,False,0.8848
1787899241.236,FORWARD,377,0.0886,-3.0206,0.7282,0.1033,-3.0369,0.7220,0.0220,0.35,0.2000,0.3440,0.2355,DRIVE,0.0000,False,0.8848
1787899241.316,FORWARD,378,0.1045,-3.0096,0.7505,0.1256,-3.0168,0.7494,0.0222,0.06,0.2000,0.3571,0.2390,DRIVE,0.0000,False,0.8707
1787899241.394,FORWARD,378,0.1153,-2.9997,0.7648,0.1256,-3.0168,0.7494,0.0199,0.88,0.2000,0.3379,0.2303,DRIVE,0.0000,False,0.8707
1787899241.475,FORWARD,379,0.1296,-2.9840,0.7836,0.1473,-2.9960,0.7773,0.0214,0.36,0.2000,0.3490,0.2328,DRIVE,0.0000,False,0.8538
1787899241.557,FORWARD,380,0.1429,-2.9662,0.8039,0.1684,-2.9747,0.8058,0.0269,-0.11,0.2000,0.3589,0.2375,DRIVE,0.0000,False,0.8345
1787899241.637,FORWARD,381,0.1584,-2.9519,0.8259,0.1889,-2.9527,0.8348,0.0305,-0.51,0.2000,0.3699,0.2458,DRIVE,0.0000,False,0.8137
1787899241.720,FORWARD,382,0.1803,-2.9300,0.8532,0.2087,-2.9301,0.8642,0.0283,-0.63,0.2000,0.3684,0.2543,DRIVE,0.0000,False,0.7923
1787899241.795,FORWARD,382,0.1996,-2.9067,0.8751,0.2087,-2.9301,0.8642,0.0251,0.63,0.2000,0.3294,0.2456,DRIVE,0.0000,False,0.7923
1787899241.878,FORWARD,383,0.2087,-2.8920,0.8914,0.2278,-2.9070,0.8938,0.0244,-0.14,0.2000,0.3456,0.2476,DRIVE,0.0000,False,0.7714
1787899241.955,FORWARD,384,0.2181,-2.8816,0.9133,0.2463,-2.8833,0.9230,0.0283,-0.55,0.2000,0.3650,0.2500,DRIVE,0.0000,False,0.7521
1787899242.040,FORWARD,384,0.2307,-2.8637,0.9392,0.2463,-2.8833,0.9230,0.0251,0.93,0.6000,0.7100,0.2344,DRIVE,0.0000,False,0.7521
1787899242.114,FORWARD,385,0.2471,-2.8334,0.9614,0.2641,-2.8591,0.9519,0.0308,0.54,0.6000,0.7062,0.2289,DRIVE,0.0000,False,0.7353
1787899242.195,FORWARD,386,0.2629,-2.8129,0.9886,0.2812,-2.8344,0.9806,0.0283,0.46,0.6000,0.7109,0.2257,DRIVE,0.0000,False,0.7220
1787899242.276,FORWARD,387,0.2774,-2.7896,1.0171,0.2975,-2.8092,1.0090,0.0281,0.46,0.6000,0.7134,0.2198,DRIVE,0.0000,False,0.7125
1787899242.359,FORWARD,388,0.2961,-2.7579,1.0493,0.3131,-2.7836,1.0373,0.0309,0.69,0.6000,0.7043,0.2121,DRIVE,0.0000,False,0.7074
1787899242.436,FORWARD,390,0.3173,-2.7228,1.0848,0.3422,-2.7310,1.0934,0.0263,-0.49,0.6000,0.7275,0.2219,DRIVE,0.0000,False,0.7100
1787899242.514,FORWARD,392,0.3451,-2.6628,1.1272,0.3683,-2.6769,1.1492,0.0272,-1.26,0.6000,0.7194,0.2328,DRIVE,0.0000,False,0.7279
1787899242.593,FORWARD,393,0.3568,-2.6266,1.1586,0.3802,-2.6494,1.1771,0.0327,-1.06,0.6000,0.7082,0.2242,DRIVE,0.0000,False,0.7414
1787899242.680,FORWARD,394,0.3668,-2.5854,1.1984,0.3914,-2.6215,1.2050,0.0437,-0.38,0.6000,0.6907,0.1948,DRIVE,0.0000,False,0.7572
1787899242.755,FORWARD,396,0.3837,-2.5373,1.2358,0.4113,-2.5648,1.2611,0.0390,-1.45,0.6000,0.6995,0.1796,DRIVE,0.0000,False,0.7947
1787899242.835,FORWARD,397,0.3956,-2.5035,1.2672,0.4200,-2.5361,1.2893,0.0407,-1.26,0.6000,0.6900,0.1563,DRIVE,0.0000,False,0.8160
1787899242.917,FORWARD,398,0.4072,-2.4650,1.3104,0.4279,-2.5071,1.3176,0.0469,-0.41,0.6000,0.6737,0.1112,DRIVE,0.0000,False,0.8388
1787899242.994,FORWARD,401,0.4178,-2.4065,1.3510,0.4470,-2.4191,1.3915,0.0318,-2.32,0.6000,0.7052,0.0498,DRIVE,0.0000,False,0.9183
1787899243.075,FORWARD,403,0.4260,-2.3594,1.3777,0.4568,-2.3598,1.4221,0.0308,-2.54,0.6000,0.7161,-0.0191,DRIVE,0.0000,False,0.9802
1787899243.154,FORWARD,404,0.4353,-2.3134,1.3950,0.4611,-2.3301,1.4318,0.0307,-2.11,0.6000,0.6932,-0.0791,DRIVE,0.0000,False,1.0127
1787899243.234,FORWARD,406,0.4406,-2.2757,1.4065,0.4691,-2.2706,1.4403,0.0289,-1.94,0.6000,0.7177,-0.1516,DRIVE,0.0000,False,1.0768
1787899243.316,FORWARD,408,0.4353,-2.2249,1.4002,0.4770,-2.2110,1.4338,0.0439,-1.93,0.6000,0.7312,-0.2401,DRIVE,0.0000,False,1.1309
1787899243.398,FORWARD,409,0.4390,-2.1846,1.3845,0.4812,-2.1813,1.4247,0.0424,-2.31,0.6000,0.7191,-0.2944,DRIVE,0.0000,False,1.1507
1787899243.477,FORWARD,411,0.4560,-2.1391,1.3539,0.4908,-2.1220,1.3941,0.0388,-2.30,0.6000,0.7360,-0.3375,DRIVE,0.0000,False,1.1701
1787899243.555,FORWARD,412,0.4771,-2.0946,1.3205,0.4964,-2.0925,1.3721,0.0194,-2.95,0.6000,0.7143,-0.3502,DRIVE,0.0000,False,1.1685
1787899243.636,FORWARD,413,0.4867,-2.0608,1.2858,0.5027,-2.0631,1.3452,0.0162,-3.40,0.6000,0.7097,-0.3593,DRIVE,0.0000,False,1.1595
1787899243.716,FORWARD,416,0.4916,-2.0172,1.1940,0.5274,-1.9765,1.2343,0.0541,-2.31,0.6000,0.7500,-0.3794,DRIVE,0.0000,False,1.0959
1787899243.803,FORWARD,417,0.5089,-1.9721,1.1550,0.5379,-1.9484,1.1916,0.0374,-2.10,0.6000,0.7500,-0.3901,DRIVE,0.0000,False,1.0672
1787899243.876,FORWARD,418,0.5314,-1.9155,1.1145,0.5496,-1.9208,1.1487,0.0189,-1.96,0.6000,0.7202,-0.4106,DRIVE,0.0000,False,1.0375
1787899243.968,FORWARD,420,0.5475,-1.8875,1.0382,0.5765,-1.8671,1.0624,0.0355,-1.39,0.6000,0.7500,-0.4005,DRIVE,0.0000,False,0.9811
1787899244.038,FORWARD,420,0.5669,-1.8675,0.9745,0.5765,-1.8671,1.0624,0.0096,-5.04,0.6000,0.7203,-0.3271,DRIVE,0.0000,False,0.9811
1787899244.115,FORWARD,422,0.5953,-1.8218,0.8926,0.6080,-1.8159,0.9762,0.0140,-4.79,0.6000,0.7320,-0.2887,DRIVE,0.0000,False,0.9360
1787899244.198,FORWARD,425,0.6355,-1.7558,0.8477,0.6631,-1.7447,0.8483,0.0297,-0.04,0.6000,0.7500,-0.3519,DRIVE,0.0000,False,0.8971
1787899244.280,FORWARD,426,0.6576,-1.7239,0.7803,0.6834,-1.7226,0.8064,0.0259,-1.50,0.6000,0.7467,-0.3419,DRIVE,0.0000,False,0.8913
1787899244.361,FORWARD,427,0.6801,-1.7047,0.7355,0.7047,-1.7014,0.7650,0.0248,-1.69,0.6000,0.7474,-0.3174,DRIVE,0.0000,False,0.8885
1787899244.438,FORWARD,428,0.7092,-1.6799,0.6568,0.7267,-1.6811,0.7241,0.0176,-3.85,0.6000,0.7353,-0.2491,DRIVE,0.0000,False,0.8884
1787899244.516,FORWARD,430,0.7696,-1.6488,0.5908,0.7733,-1.6431,0.6439,0.0068,-3.04,0.6000,0.7256,-0.1841,DRIVE,0.0000,False,0.8954
1787899244.596,FORWARD,432,0.8042,-1.6324,0.5517,0.8227,-1.6090,0.5662,0.0298,-0.83,0.6000,0.7496,-0.1354,DRIVE,0.0000,False,0.9124
1787899244.675,FORWARD,433,0.8392,-1.6088,0.4897,0.8483,-1.5933,0.5303,0.0180,-2.33,0.5559,0.4229,-0.1026,DRIVE,0.0000,False,0.9253
1787899244.756,FORWARD,434,0.8778,-1.5882,0.4729,0.8745,-1.5785,0.4999,0.0102,-1.54,0.5072,0.3973,-0.0854,DRIVE,0.0000,False,0.9415
1787899244.834,FORWARD,436,0.9158,-1.5707,0.4454,0.9279,-1.5511,0.4541,0.0230,-0.50,0.4476,0.4085,-0.0558,DRIVE,0.0000,False,0.9842
1787899244.918,FORWARD,437,0.9641,-1.5493,0.4281,0.9550,-1.5381,0.4384,0.0145,-0.59,0.4311,0.3774,-0.0185,DRIVE,0.0000,False,1.0107
1787899244.994,FORWARD,439,1.0118,-1.5215,0.4212,1.0096,-1.5132,0.4201,0.0086,0.06,0.4003,0.3775,0.0199,DRIVE,0.0000,False,1.0719
1787899245.079,FORWARD,440,1.0444,-1.5075,0.4086,1.0371,-1.5010,0.4173,0.0098,-0.50,0.3780,0.3665,0.0746,DRIVE,0.0000,False,1.1050
1787899245.157,FORWARD,441,1.0736,-1.4973,0.4081,1.0645,-1.4888,0.4188,0.0124,-0.62,0.3544,0.3609,0.1313,DRIVE,0.0000,False,1.1385
1787899245.234,FORWARD,442,1.0971,-1.4949,0.4051,1.0919,-1.4765,0.4245,0.0191,-1.11,0.3406,0.3680,0.1995,DRIVE,0.0000,False,1.1712
1787899245.316,FORWARD,443,1.1180,-1.4852,0.4103,1.1192,-1.4640,0.4345,0.0212,-1.39,0.3251,0.3748,0.2596,DRIVE,0.0000,False,1.2020
1787899245.395,FORWARD,443,1.1345,-1.4725,0.4259,1.1192,-1.4640,0.4345,0.0175,-0.49,0.3145,0.3468,0.2758,DRIVE,0.0000,False,1.2020
1787899245.475,FORWARD,444,1.1502,-1.4634,0.4388,1.1464,-1.4512,0.4491,0.0128,-0.59,0.3045,0.3605,0.3011,DRIVE,0.0000,False,1.2301
1787899245.554,FORWARD,444,1.1666,-1.4611,0.4544,1.1464,-1.4512,0.4491,0.0225,0.31,0.2976,0.3383,0.3098,DRIVE,0.0000,False,1.2301
1787899245.639,FORWARD,445,1.1854,-1.4541,0.4868,1.1733,-1.4379,0.4683,0.0202,1.06,0.2835,0.3479,0.3177,DRIVE,0.0000,False,1.2546
1787899245.714,FORWARD,446,1.2097,-1.4298,0.5080,1.2000,-1.4240,0.4925,0.0114,0.89,0.2643,0.3427,0.3362,DRIVE,0.0000,False,1.2751
1787899245.794,FORWARD,447,1.2223,-1.4226,0.5306,1.2262,-1.4095,0.5220,0.0137,0.49,0.2570,0.3622,0.3595,DRIVE,0.0000,False,1.2914
1787899245.880,FORWARD,447,1.2392,-1.4208,0.5448,1.2262,-1.4095,0.5220,0.0172,1.31,0.2473,0.3400,0.3726,DRIVE,0.0000,False,1.2914
1787899245.954,FORWARD,448,1.2555,-1.4207,0.5633,1.2520,-1.3940,0.5571,0.0269,0.35,0.2335,0.3605,0.4098,DRIVE,0.0000,False,1.3035
1787899246.039,FORWARD,449,1.2746,-1.4106,0.5987,1.2771,-1.3777,0.5980,0.0330,0.04,0.2182,0.3698,0.4354,DRIVE,0.0000,False,1.3117
1787899246.114,FORWARD,450,1.2952,-1.3952,0.6298,1.3016,-1.3602,0.6410,0.0356,-0.64,0.2028,0.3748,0.4597,DRIVE,0.0000,False,1.3165
1787899246.195,FORWARD,450,1.3181,-1.3796,0.6656,1.3016,-1.3602,0.6410,0.0254,1.41,0.2000,0.3363,0.4468,DRIVE,0.0000,False,1.3165
1787899246.277,FORWARD,451,1.3408,-1.3609,0.6986,1.3253,-1.3418,0.6840,0.0246,0.83,0.2000,0.3400,0.4497,DRIVE,0.0000,False,1.3184
1787899246.355,FORWARD,452,1.3555,-1.3487,0.7400,1.3481,-1.3223,0.7270,0.0274,0.75,0.2000,0.3544,0.4444,DRIVE,0.0000,False,1.3181
1787899246.435,FORWARD,453,1.3662,-1.3347,0.7739,1.3701,-1.3018,0.7698,0.0331,0.24,0.2000,0.3717,0.4386,DRIVE,0.0000,False,1.3161
1787899246.514,FORWARD,454,1.3775,-1.3082,0.8115,1.3913,-1.2805,0.8124,0.0309,-0.05,0.2000,0.3768,0.4246,DRIVE,0.0000,False,1.3129
1787899246.595,FORWARD,454,1.3909,-1.2951,0.8515,1.3913,-1.2805,0.8124,0.0146,2.24,0.2019,0.3499,0.3812,DRIVE,0.0000,False,1.3129
1787899246.677,FORWARD,455,1.4047,-1.2839,0.8835,1.4114,-1.2583,0.8547,0.0265,1.65,0.2000,0.3671,0.3655,DRIVE,0.0000,False,1.3088
1787899246.755,FORWARD,456,1.4178,-1.2694,0.9185,1.4307,-1.2352,0.8968,0.0365,1.25,0.2000,0.3814,0.3578,DRIVE,0.0000,False,1.3042
1787899246.835,FORWARD,457,1.4363,-1.2403,0.9576,1.4489,-1.2113,0.9385,0.0315,1.10,0.2000,0.3770,0.3531,DRIVE,0.0000,False,1.2992
1787899246.913,FORWARD,457,1.4488,-1.2220,0.9928,1.4489,-1.2113,0.9385,0.0107,3.11,0.2000,0.3466,0.3202,DRIVE,0.0000,False,1.2992
1787899246.995,FORWARD,458,1.4590,-1.2070,1.0259,1.4662,-1.1868,0.9798,0.0215,2.64,0.2000,0.3625,0.3042,DRIVE,0.0000,False,1.2940
1787899247.074,FORWARD,458,1.4665,-1.1855,1.0531,1.4662,-1.1868,0.9798,0.0013,4.20,0.2000,0.3334,0.2699,DRIVE,0.0000,False,1.2940
1787899247.156,FORWARD,459,1.4722,-1.1626,1.0827,1.4824,-1.1615,1.0208,0.0103,3.54,0.2000,0.3436,0.2519,DRIVE,0.0000,False,1.2885
1787899247.235,FORWARD,460,1.4818,-1.1460,1.1098,1.4976,-1.1356,1.0615,0.0189,2.77,0.2240,0.3623,0.2472,DRIVE,0.0000,False,1.2829
1787899247.315,FORWARD,461,1.4982,-1.1085,1.1477,1.5117,-1.1091,1.1017,0.0135,2.64,0.2234,0.3488,0.2488,DRIVE,0.0000,False,1.2772
1787899247.396,FORWARD,462,1.5067,-1.0852,1.1614,1.5247,-1.0820,1.1416,0.0183,1.14,0.2384,0.3601,0.2717,DRIVE,0.0000,False,1.2713
1787899247.477,FORWARD,463,1.5057,-1.0762,1.1867,1.5367,-1.0545,1.1812,0.0378,0.31,0.2538,0.3903,0.2783,DRIVE,0.0000,False,1.2654
1787899247.557,FORWARD,463,1.5102,-1.0639,1.2074,1.5367,-1.0545,1.1812,0.0281,1.50,0.2733,0.3757,0.2599,DRIVE,0.0000,False,1.2654
1787899247.634,FORWARD,464,1.5244,-1.0399,1.2323,1.5475,-1.0265,1.2205,0.0268,0.68,0.2976,0.3842,0.2665,DRIVE,0.0000,False,1.2595
1787899247.714,FORWARD,465,1.5451,-1.0058,1.2648,1.5573,-0.9981,1.2595,0.0144,0.30,0.3583,0.3846,0.2805,DRIVE,0.0000,False,1.2536
1787899247.797,FORWARD,466,1.5498,-0.9805,1.2886,1.5659,-0.9693,1.2983,0.0196,-0.55,0.3642,0.3923,0.2973,DRIVE,0.0000,False,1.2478
1787899247.873,FORWARD,466,1.5509,-0.9661,1.3094,1.5659,-0.9693,1.2983,0.0154,0.64,0.4518,0.3882,0.2690,DRIVE,0.0000,False,1.2478
1787899247.955,FORWARD,467,1.5519,-0.9553,1.3339,1.5734,-0.9402,1.3368,0.0263,-0.17,0.4643,0.4153,0.2553,DRIVE,0.0000,False,1.2420
1787899248.035,FORWARD,467,1.5577,-0.9351,1.3606,1.5734,-0.9402,1.3368,0.0166,1.36,0.5249,0.3979,0.2189,DRIVE,0.0000,False,1.2420
1787899248.115,FORWARD,469,1.5680,-0.8877,1.4016,1.5851,-0.8813,1.4135,0.0183,-0.68,0.5075,0.4120,0.2404,DRIVE,0.0000,False,1.2310
1787899248.195,FORWARD,469,1.5731,-0.8630,1.4214,1.5851,-0.8813,1.4135,0.0219,0.45,0.4977,0.3771,0.2456,DRIVE,0.0000,False,1.2310
1787899248.278,FORWARD,470,1.5769,-0.8445,1.4464,1.5892,-0.8516,1.4517,0.0142,-0.30,0.4784,0.3879,0.2634,DRIVE,0.0000,False,1.2257
1787899248.354,FORWARD,471,1.5739,-0.8193,1.4704,1.5922,-0.8217,1.4899,0.0185,-1.11,0.4574,0.3918,0.2839,DRIVE,0.0000,False,1.2207
1787899248.434,FORWARD,472,1.5699,-0.7888,1.4977,1.5941,-0.7917,1.5280,0.0243,-1.74,0.4382,0.3889,0.3043,DRIVE,0.0000,False,1.2159
1787899248.518,FORWARD,472,1.5711,-0.7702,1.5195,1.5941,-0.7917,1.5280,0.0315,-0.49,0.4213,0.3599,0.3043,DRIVE,0.0000,False,1.2159
1787899248.594,FORWARD,473,1.5761,-0.7466,1.5418,1.5948,-0.7617,1.5662,0.0240,-1.40,0.4059,0.3663,0.3290,DRIVE,0.0000,False,1.2113
1787899248.682,FORWARD,474,1.5837,-0.7208,1.5738,1.5944,-0.7317,1.6045,0.0152,-1.76,0.3839,0.3678,0.3612,DRIVE,0.0000,False,1.2071
1787899248.756,FORWARD,475,1.5826,-0.6867,1.6102,1.5928,-0.7017,1.6428,0.0181,-1.87,0.3686,0.3601,0.3870,DRIVE,0.0000,False,1.2032
1787899248.835,FORWARD,476,1.5770,-0.6623,1.6402,1.5900,-0.6718,1.6813,0.0161,-2.36,0.3491,0.3639,0.4076,DRIVE,0.0000,False,1.1997
1787899248.914,FORWARD,476,1.5705,-0.6422,1.6763,1.5900,-0.6718,1.6813,0.0354,-0.29,0.3336,0.3300,0.3866,DRIVE,0.0000,False,1.1997
1787899248.994,FORWARD,477,1.5675,-0.6260,1.7050,1.5862,-0.6420,1.7199,0.0246,-0.86,0.3185,0.3446,0.3817,DRIVE,0.0000,False,1.1966
1787899249.078,FORWARD,478,1.5658,-0.6048,1.7439,1.5811,-0.6124,1.7587,0.0171,-0.85,0.3047,0.3520,0.3784,DRIVE,0.0000,False,1.1940
1787899249.154,FORWARD,479,1.5679,-0.5801,1.7711,1.5749,-0.5830,1.7976,0.0076,-1.52,0.2974,0.3599,0.3954,DRIVE,0.0000,False,1.1919
1787899249.238,FORWARD,479,1.5657,-0.5655,1.8000,1.5749,-0.5830,1.7976,0.0198,0.14,0.2809,0.3347,0.3823,DRIVE,0.0000,False,1.1919
1787899249.314,FORWARD,480,1.5525,-0.5482,1.8369,1.5676,-0.5539,1.8368,0.0162,0.01,0.2645,0.3434,0.3635,DRIVE,0.0000,False,1.1904
1787899249.396,FORWARD,481,1.5445,-0.5301,1.8639,1.5592,-0.5251,1.8754,0.0155,-0.66,0.2573,0.3558,0.3578,DRIVE,0.0000,False,1.1895
1787899249.477,FORWARD,482,1.5415,-0.5073,1.8951,1.5496,-0.4966,1.9134,0.0134,-1.05,0.2418,0.3623,0.3643,DRIVE,0.0000,False,1.1892
1787899249.554,FORWARD,482,1.5395,-0.4883,1.9238,1.5496,-0.4966,1.9134,0.0131,0.59,0.2292,0.3337,0.3507,DRIVE,0.0000,False,1.1892
1787899249.637,FORWARD,484,1.5195,-0.4623,1.9750,1.5273,-0.4408,1.9873,0.0229,-0.71,0.2169,0.3673,0.3429,DRIVE,0.0000,False,1.1900
1787899249.717,FORWARD,484,1.5052,-0.4442,1.9940,1.5273,-0.4408,1.9873,0.0224,0.38,0.2057,0.3361,0.3242,DRIVE,0.0000,False,1.1900
1787899249.796,FORWARD,485,1.4943,-0.4248,2.0332,1.5147,-0.4136,2.0234,0.0233,0.56,0.2009,0.3431,0.3042,DRIVE,0.0000,False,1.1906
1787899249.881,FORWARD,486,1.4916,-0.4102,2.0556,1.5011,-0.3868,2.0590,0.0253,-0.19,0.2000,0.3630,0.3050,DRIVE,0.0000,False,1.1910
1787899249.958,FORWARD,487,1.4797,-0.3919,2.0864,1.4865,-0.3605,2.0942,0.0321,-0.44,0.2000,0.3724,0.3031,DRIVE,0.0000,False,1.1907
1787899250.036,FORWARD,487,1.4661,-0.3724,2.1205,1.4865,-0.3605,2.0942,0.0237,1.51,0.2000,0.3396,0.2715,DRIVE,0.0000,False,1.1907
1787899250.113,FORWARD,488,1.4493,-0.3497,2.1460,1.4711,-0.3348,2.1290,0.0264,0.97,0.2000,0.3422,0.2627,DRIVE,0.0000,False,1.1894
1787899250.197,FORWARD,489,1.4426,-0.3314,2.1707,1.4547,-0.3096,2.1636,0.0249,0.41,0.2000,0.3557,0.2691,DRIVE,0.0000,False,1.1866
1787899250.274,FORWARD,490,1.4313,-0.3183,2.1959,1.4375,-0.2850,2.1979,0.0339,-0.11,0.2000,0.3711,0.2741,DRIVE,0.0000,False,1.1819
1787899250.355,FORWARD,490,1.4153,-0.3030,2.2215,1.4375,-0.2850,2.1979,0.0286,1.35,0.2000,0.3417,0.2530,DRIVE,0.0000,False,1.1819
1787899250.435,FORWARD,491,1.3993,-0.2820,2.2485,1.4195,-0.2610,2.2321,0.0292,0.94,0.2000,0.3458,0.2494,DRIVE,0.0000,False,1.1750
1787899250.513,FORWARD,492,1.3811,-0.2584,2.2792,1.4007,-0.2376,2.2662,0.0285,0.74,0.2000,0.3453,0.2533,DRIVE,0.0000,False,1.1655
1787899250.597,FORWARD,493,1.3712,-0.2488,2.2935,1.3810,-0.2149,2.3003,0.0353,-0.39,0.2000,0.3662,0.2699,DRIVE,0.0000,False,1.1533
1787899250.685,FORWARD,493,1.3582,-0.2343,2.3233,1.3810,-0.2149,2.3003,0.0300,1.32,0.2000,0.3387,0.2528,DRIVE,0.0000,False,1.1533
1787899250.757,FORWARD,494,1.3419,-0.2205,2.3358,1.3606,-0.1928,2.3344,0.0334,0.08,0.2000,0.3510,0.2638,DRIVE,0.0000,False,1.1382
1787899250.834,FORWARD,495,1.3262,-0.2016,2.3635,1.3395,-0.1715,2.3687,0.0329,-0.29,0.2000,0.3572,0.2779,DRIVE,0.0000,False,1.1202
1787899250.917,FORWARD,496,1.3092,-0.1868,2.3938,1.3176,-0.1509,2.4030,0.0369,-0.53,0.2000,0.3654,0.2860,DRIVE,0.0000,False,1.0993
1787899250.994,FORWARD,496,1.2891,-0.1705,2.4101,1.3176,-0.1509,2.4030,0.0346,0.41,0.2000,0.3320,0.2837,DRIVE,0.0000,False,1.0993
1787899251.078,FORWARD,497,1.2750,-0.1628,2.4362,1.2951,-0.1311,2.4376,0.0376,-0.08,0.2000,0.3490,0.2825,DRIVE,0.0000,False,1.0754
1787899251.157,FORWARD,498,1.2575,-0.1435,2.4581,1.2719,-0.1120,2.4723,0.0346,-0.82,0.2000,0.3548,0.3013,DRIVE,0.0000,False,1.0486
1787899251.234,FORWARD,498,1.2415,-0.1287,2.4890,1.2719,-0.1120,2.4723,0.0346,0.95,0.2000,0.3240,0.2884,DRIVE,0.0000,False,1.0486
1787899251.316,FORWARD,499,1.2187,-0.1183,2.5107,1.2480,-0.0938,2.5074,0.0382,0.19,0.2000,0.3314,0.2911,DRIVE,0.0000,False,1.0191
1787899251.395,FORWARD,500,1.2040,-0.1088,2.5311,1.2235,-0.0764,2.5428,0.0378,-0.67,0.2000,0.3475,0.3046,DRIVE,0.0000,False,0.9869
1787899251.475,FORWARD,501,1.1905,-0.0978,2.5603,1.1984,-0.0600,2.5785,0.0387,-1.04,0.2000,0.3623,0.3158,DRIVE,0.0000,False,0.9522
1787899251.554,FORWARD,501,1.1715,-0.0854,2.5802,1.1984,-0.0600,2.5785,0.0370,0.10,0.2000,0.3320,0.3119,DRIVE,0.0000,False,0.9522
1787899251.634,FORWARD,502,1.1526,-0.0691,2.6164,1.1727,-0.0444,2.6146,0.0319,0.10,0.2000,0.3373,0.3136,DRIVE,0.0000,False,0.9153
1787899251.714,FORWARD,503,1.1272,-0.0621,2.6348,1.1465,-0.0298,2.6511,0.0376,-0.94,0.2000,0.3447,0.3288,DRIVE,0.0000,False,0.8763
1787899251.793,FORWARD,503,1.1107,-0.0545,2.6652,1.1465,-0.0298,2.6511,0.0435,0.81,0.2000,0.3178,0.3108,DRIVE,0.0000,False,0.8763
1787899251.875,FORWARD,504,1.0929,-0.0496,2.6850,1.1197,-0.0161,2.6880,0.0429,-0.17,0.2000,0.3339,0.3128,DRIVE,0.0000,False,0.8355
1787899251.955,FORWARD,505,1.0760,-0.0423,2.7092,1.0925,-0.0034,2.7253,0.0422,-0.92,0.2000,0.3488,0.3235,DRIVE,0.0000,False,0.7934
1787899252.038,FORWARD,505,1.0668,-0.0406,2.7327,1.0925,-0.0034,2.7253,0.0452,0.43,0.2000,0.3337,0.3044,DRIVE,0.0000,False,0.7934
1787899252.118,FORWARD,506,1.0514,-0.0361,2.7587,1.0648,0.0082,2.7630,0.0463,-0.25,0.2000,0.3514,0.2989,DRIVE,0.0000,False,0.7502
1787899252.195,FORWARD,507,1.0271,-0.0261,2.7855,1.0367,0.0187,2.8010,0.0458,-0.89,0.2000,0.3565,0.3085,DRIVE,0.0000,False,0.7063
1787899252.278,FORWARD,508,1.0003,-0.0101,2.8171,1.0082,0.0282,2.8395,0.0392,-1.28,0.2000,0.3560,0.3282,DRIVE,0.0000,False,0.6619
1787899252.358,FORWARD,508,0.9811,-0.0057,2.8380,1.0082,0.0282,2.8395,0.0434,-0.08,0.6000,0.6503,0.3189,DRIVE,0.0000,False,0.6619
1787899252.436,FORWARD,509,0.9647,-0.0015,2.8701,0.9794,0.0366,2.8782,0.0408,-0.46,0.6000,0.6603,0.3093,DRIVE,0.0000,False,0.6176
1787899252.514,FORWARD,510,0.9475,-0.0021,2.8952,0.9502,0.0439,2.9172,0.0460,-1.26,0.6000,0.6690,0.2999,DRIVE,0.0000,False,0.5735
1787899252.594,FORWARD,511,0.9148,0.0025,2.9398,0.9208,0.0500,2.9565,0.0478,-0.96,0.6000,0.6555,0.2770,DRIVE,0.0000,False,0.5302
1787899252.676,FORWARD,512,0.8735,0.0121,2.9856,0.8912,0.0549,2.9959,0.0463,-0.59,0.6000,0.6299,0.2557,DRIVE,0.0000,False,0.4880
1787899252.754,FORWARD,513,0.8296,0.0219,3.0339,0.8614,0.0587,3.0340,0.0486,-0.01,0.6000,0.6009,0.2322,DRIVE,0.0000,False,0.4473
1787899252.837,FORWARD,515,0.7865,0.0279,3.0825,0.8015,0.0631,3.1004,0.0383,-1.03,0.6000,0.6001,0.2135,WAIT_FOR_CLEAR,0.0000,False,0.3718
1787899264.479,FORWARD,520,0.6431,0.0153,-3.0956,0.6515,0.0596,3.2197,0.0450,-1.84,0.6000,0.5405,0.0539,DRIVE,0.0000,False,0.2292
1787899264.517,FORWARD,520,0.6429,0.0141,-3.0952,0.6515,0.0596,3.2197,0.0463,-1.82,0.6000,0.5422,0.0752,DRIVE,0.0000,False,0.2292
1787899264.594,FORWARD,520,0.6427,0.0142,-3.0946,0.6515,0.0596,3.2197,0.0462,-1.79,0.6000,0.5420,0.0841,DRIVE,0.0000,False,0.2292
1787899264.680,FORWARD,520,0.6364,0.0147,-3.0954,0.6515,0.0596,3.2197,0.0473,-1.83,0.6000,0.5346,0.0913,DRIVE,0.0000,False,0.2292
1787899264.755,FORWARD,521,0.6135,0.0124,-3.0959,0.6216,0.0570,3.2370,0.0453,-2.84,0.6000,0.5298,0.1017,DRIVE,0.0000,False,0.2092
1787899264.835,FORWARD,523,0.5640,0.0079,-3.0824,0.5619,0.0504,3.2658,0.0425,-3.72,0.6000,0.5110,0.1000,DRIVE,0.0000,False,0.1773
1787899264.914,FORWARD,525,0.4924,0.0027,-3.0627,0.5023,0.0422,3.2871,0.0408,-3.82,0.6000,0.4615,0.0849,DRIVE,0.0000,False,0.1553
1787899264.993,FORWARD,527,0.4516,-0.0007,-3.0486,0.4430,0.0331,3.3008,0.0348,-3.79,0.6068,0.4463,0.0612,DRIVE,0.0000,False,0.1418
1787899265.077,FORWARD,528,0.4114,-0.0062,-3.0360,0.4133,0.0283,3.3043,0.0345,-3.27,0.6234,0.4148,0.0340,DRIVE,0.0000,False,0.1376
1787899265.244,FORWARD,0,0.3414,-0.0160,-3.0139,0.0568,-0.0243,-3.0096,0.2847,-0.24,0.2800,0.2800,-0.0370,DRIVE,0.0000,False,0.0432
1787899265.316,FORWARD,0,0.3184,-0.0230,-3.0181,0.0568,-0.0243,-3.0096,0.2616,-0.49,0.2749,0.2800,-0.0512,DRIVE,0.0000,False,0.0432
1787899265.396,FORWARD,0,0.2934,-0.0289,-3.0153,0.0568,-0.0243,-3.0096,0.2366,-0.33,0.2701,0.2800,-0.0643,DRIVE,0.0000,False,0.0432
1787899265.479,FORWARD,0,0.2664,-0.0328,-3.0097,0.0568,-0.0243,-3.0096,0.2097,-0.00,0.2668,0.2800,-0.0779,DRIVE,0.0000,False,0.0432
1787899265.554,FORWARD,0,0.2414,-0.0362,-3.0135,0.0568,-0.0243,-3.0096,0.1850,-0.23,0.2647,0.2800,-0.0789,DRIVE,0.0000,False,0.0432
1787899265.636,FORWARD,0,0.2271,-0.0370,-3.0108,0.0568,-0.0243,-3.0096,0.1708,-0.07,0.2634,0.2800,-0.0817,DRIVE,0.0000,False,0.0432
1787899265.717,FORWARD,0,0.2142,-0.0396,-3.0175,0.0568,-0.0243,-3.0096,0.1581,-0.46,0.2626,0.2800,-0.0755,DRIVE,0.0000,False,0.0432
1787899265.794,FORWARD,0,0.1964,-0.0394,-3.0190,0.0568,-0.0243,-3.0096,0.1404,-0.54,0.2625,0.2800,-0.0679,DRIVE,0.0000,False,0.0432
1787899265.878,FORWARD,0,0.1868,-0.0477,-3.0280,0.0568,-0.0243,-3.0096,0.1321,-1.05,0.2627,0.2800,-0.0626,DRIVE,0.0000,False,0.0432
1787899265.955,FORWARD,0,0.1782,-0.0535,-3.0362,0.0568,-0.0243,-3.0096,0.1248,-1.52,0.2630,0.2800,-0.0562,DRIVE,0.0000,False,0.0432
1787899266.034,FORWARD,0,0.1641,-0.0558,-3.0342,0.0568,-0.0243,-3.0096,0.1118,-1.41,0.2637,0.2800,-0.0565,DRIVE,0.0000,False,0.0432
1787899266.114,FORWARD,0,0.1364,-0.0514,-3.0410,0.0568,-0.0243,-3.0096,0.0841,-1.80,0.2651,0.2800,-0.0370,DRIVE,0.0000,False,0.0432
1787899266.195,FORWARD,0,0.1189,-0.0529,-3.0408,0.0568,-0.0243,-3.0096,0.0684,-1.79,0.2668,0.2800,-0.0271,DRIVE,0.0000,False,0.0432
1787899266.281,FORWARD,0,0.1045,-0.0574,-3.0423,0.0568,-0.0243,-3.0096,0.0581,-1.87,0.2686,0.2800,-0.0235,DRIVE,0.0000,False,0.0432
1787899266.435,FORWARD,0,0.0772,-0.0649,-3.0581,0.0568,-0.0243,-3.0096,0.0455,-2.78,0.6000,0.2800,0.1407,OVERTAKE_LEFT,0.0000,False,0.0432
1787899266.515,FORWARD,1,0.0456,-0.0672,-3.0544,0.0271,-0.0282,-3.0097,0.0431,-2.56,0.6000,0.2800,0.3321,OVERTAKE_LEFT,0.0000,False,0.0452
1787899266.596,FORWARD,1,0.0309,-0.0710,-3.0573,0.0271,-0.0282,-3.0097,0.0429,-2.73,0.6000,0.2800,0.5412,OVERTAKE_LEFT,0.0000,False,0.0452
1787899266.680,FORWARD,1,0.0201,-0.0699,-3.0457,0.0271,-0.0282,-3.0097,0.0422,-2.06,0.2487,0.2800,0.5800,OVERTAKE_LEFT,0.0000,False,0.0452
1787899266.764,FORWARD,2,0.0077,-0.0677,-3.0344,-0.0027,-0.0322,-3.0099,0.0370,-1.40,0.6000,0.2800,0.5800,OVERTAKE_LEFT,0.0000,False,0.0473
1787899266.839,FORWARD,3,-0.0160,-0.0674,-2.9904,-0.0325,-0.0361,-3.0103,0.0353,1.14,0.2765,0.2800,0.5800,OVERTAKE_LEFT,0.0000,False,0.0495
1787899266.921,FORWARD,4,-0.0505,-0.0742,-2.9437,-0.0623,-0.0401,-3.0108,0.0361,3.84,0.6000,0.2800,0.5800,OVERTAKE_LEFT,0.0000,False,0.0518
1787899267.003,FORWARD,4,-0.0685,-0.0835,-2.9195,-0.0623,-0.0401,-3.0108,0.0438,5.23,0.6000,0.2800,0.5800,OVERTAKE_LEFT,0.0000,False,0.0518
1787899267.077,FORWARD,5,-0.0750,-0.0857,-2.8860,-0.0920,-0.0440,-3.0114,0.0451,7.18,0.6000,0.2800,0.5800,OVERTAKE_LEFT,0.0000,False,0.0542
1787899267.166,FORWARD,5,-0.0802,-0.0886,-2.8626,-0.0920,-0.0440,-3.0114,0.0461,8.52,0.6000,0.2800,0.5800,OVERTAKE_LEFT,0.0000,False,0.0542
1787899267.238,FORWARD,5,-0.0924,-0.0905,-2.8337,-0.0920,-0.0440,-3.0114,0.0465,10.18,0.6000,0.2800,0.5800,OVERTAKE_LEFT,0.0000,False,0.0542
1787899267.317,FORWARD,6,-0.1135,-0.1007,-2.7995,-0.1218,-0.0479,-3.0121,0.0535,12.18,0.6000,0.2800,0.5800,OVERTAKE_LEFT,0.0000,False,0.0566
1787899267.397,FORWARD,7,-0.1313,-0.1046,-2.7641,-0.1516,-0.0517,-3.0129,0.0567,14.25,0.6000,0.2800,0.5800,OVERTAKE_LEFT,0.0000,False,0.0590
1787899267.480,FORWARD,7,-0.1456,-0.1113,-2.7399,-0.1516,-0.0517,-3.0129,0.0599,15.65,0.6000,0.2800,0.5800,OVERTAKE_LEFT,0.0000,False,0.0590
1787899267.595,FORWARD,8,-0.1596,-0.1203,-2.7113,-0.1814,-0.0556,-3.0138,0.0683,17.33,0.6000,0.2800,0.5800,OVERTAKE_LEFT,0.0000,False,0.0615
1787899267.642,FORWARD,8,-0.1749,-0.1285,-2.6673,-0.1814,-0.0556,-3.0138,0.0732,19.85,0.6000,0.6000,0.4379,OVERTAKE_LEFT,0.0000,False,0.0615
1787899267.719,FORWARD,9,-0.1949,-0.1374,-2.6320,-0.2112,-0.0594,-3.0148,0.0797,21.93,0.6000,0.6000,0.3373,OVERTAKE_LEFT,0.0000,False,0.0639
1787899267.802,FORWARD,9,-0.2065,-0.1483,-2.6093,-0.2112,-0.0594,-3.0148,0.0890,23.23,0.6000,0.6000,0.2796,OVERTAKE_LEFT,0.0000,False,0.0639
1787899267.882,FORWARD,10,-0.2212,-0.1599,-2.5513,-0.2410,-0.0632,-3.0159,0.0988,26.62,0.6000,0.6000,0.1669,OVERTAKE_LEFT,0.0000,False,0.0663
1787899267.959,FORWARD,11,-0.2448,-0.1801,-2.5272,-0.2708,-0.0669,-3.0170,0.1162,28.07,0.6000,0.6000,0.0803,OVERTAKE_LEFT,0.0000,False,0.0686
1787899268.038,FORWARD,12,-0.2786,-0.2094,-2.4786,-0.3006,-0.0706,-3.0183,0.1405,30.92,0.6000,0.6000,-0.0299,OVERTAKE_LEFT,0.0000,False,0.0708
1787899268.120,FORWARD,13,-0.3078,-0.2370,-2.4600,-0.3304,-0.0743,-3.0196,0.1643,32.06,0.6000,0.6000,-0.1119,OVERTAKE_LEFT,0.0000,False,0.0729
1787899268.203,FORWARD,14,-0.3373,-0.2611,-2.4450,-0.3602,-0.0779,-3.0209,0.1846,33.00,0.6000,0.6000,-0.1771,OVERTAKE_LEFT,0.0000,False,0.0748
1787899268.280,FORWARD,15,-0.3618,-0.2812,-2.4540,-0.3900,-0.0815,-3.0224,0.2017,32.57,0.6000,0.6000,0.0426,OVERTAKE_LEFT,0.0000,False,0.0765
1787899268.355,FORWARD,16,-0.3940,-0.3053,-2.4681,-0.4198,-0.0851,-3.0239,0.2218,31.84,0.6000,0.6000,0.1155,OVERTAKE_LEFT,0.0000,False,0.0781
1787899268.435,FORWARD,17,-0.4339,-0.3335,-2.4886,-0.4497,-0.0886,-3.0254,0.2454,30.76,0.6000,0.6000,0.1289,OVERTAKE_LEFT,0.0000,False,0.0795
1787899268.521,FORWARD,18,-0.4662,-0.3674,-2.5063,-0.4795,-0.0920,-3.0271,0.2757,29.84,0.6000,0.6000,0.1000,OVERTAKE_LEFT,0.0000,False,0.0806
1787899268.596,FORWARD,19,-0.4946,-0.3916,-2.4864,-0.5093,-0.0954,-3.0288,0.2966,31.08,0.6000,0.6000,0.0292,OVERTAKE_LEFT,0.0000,False,0.0816
1787899268.682,FORWARD,20,-0.5278,-0.4170,-2.4670,-0.5392,-0.0988,-3.0306,0.3184,32.29,0.6000,0.6000,-0.0607,OVERTAKE_LEFT,0.0000,False,0.0823
1787899268.755,FORWARD,22,-0.5644,-0.4399,-2.4482,-0.5989,-0.1053,-3.0344,0.3364,33.58,0.6000,0.6000,-0.1552,OVERTAKE_LEFT,0.0000,False,0.0830
1787899268.837,FORWARD,22,-0.5863,-0.4599,-2.4448,-0.5989,-0.1053,-3.0344,0.3548,33.78,0.6000,0.6000,-0.2304,OVERTAKE_LEFT,0.0000,False,0.0830
1787899268.915,FORWARD,23,-0.6170,-0.4921,-2.4658,-0.6287,-0.1085,-3.0364,0.3838,32.69,0.6000,0.6000,-0.2942,OVERTAKE_LEFT,0.0000,False,0.0830
1787899268.997,FORWARD,24,-0.6473,-0.5120,-2.4829,-0.6586,-0.1116,-3.0384,0.4005,31.83,0.6000,0.6000,-0.3349,OVERTAKE_LEFT,0.0000,False,0.0828
1787899269.078,FORWARD,25,-0.6768,-0.5372,-2.5198,-0.6885,-0.1147,-3.0406,0.4227,29.84,0.6000,0.6000,-0.3545,OVERTAKE_LEFT,0.0000,False,0.0823
1787899269.156,FORWARD,26,-0.7021,-0.5571,-2.5549,-0.7184,-0.1177,-3.0428,0.4397,27.96,0.6000,0.5830,-0.3561,OVERTAKE_LEFT,0.0000,False,0.0816
1787899269.237,FORWARD,27,-0.7248,-0.5793,-2.6128,-0.7483,-0.1206,-3.0451,0.4592,24.77,0.6000,0.5560,-0.3279,OVERTAKE_LEFT,0.0000,False,0.0806
1787899269.314,FORWARD,28,-0.7569,-0.5980,-2.6616,-0.7782,-0.1235,-3.0476,0.4750,22.11,0.6000,0.5277,-0.2909,OVERTAKE_LEFT,0.0000,False,0.0794
1787899269.395,FORWARD,29,-0.7978,-0.6157,-2.6994,-0.8081,-0.1263,-3.0500,0.4896,20.09,0.6000,0.4974,-0.2610,OVERTAKE_LEFT,0.0000,False,0.0780
1787899269.475,FORWARD,30,-0.8245,-0.6318,-2.7427,-0.8380,-0.1290,-3.0526,0.5030,17.76,0.6000,0.4808,-0.2222,OVERTAKE_LEFT,0.0000,False,0.0763
1787899269.554,FORWARD,31,-0.8522,-0.6444,-2.7776,-0.8679,-0.1316,-3.0553,0.5130,15.91,0.6000,0.4693,-0.1829,OVERTAKE_LEFT,0.0000,False,0.0743
1787899269.636,FORWARD,32,-0.8807,-0.6561,-2.8140,-0.8978,-0.1342,-3.0581,0.5222,13.99,0.6000,0.4579,-0.1401,OVERTAKE_LEFT,0.0000,False,0.0721
1787899269.714,FORWARD,33,-0.9092,-0.6701,-2.8413,-0.9277,-0.1366,-3.0610,0.5338,12.59,0.6000,0.4501,-0.1087,OVERTAKE_LEFT,0.0000,False,0.0697
1787899269.796,FORWARD,34,-0.9553,-0.6797,-2.8570,-0.9577,-0.1390,-3.0640,0.5407,11.86,0.6000,0.4277,-0.0914,OVERTAKE_LEFT,0.0000,False,0.0671
1787899269.874,FORWARD,35,-0.9827,-0.6840,-2.8686,-0.9876,-0.1413,-3.0671,0.5428,11.37,0.6000,0.4288,-0.0755,OVERTAKE_LEFT,0.0000,False,0.0643
1787899269.957,FORWARD,36,-1.0096,-0.6949,-2.8815,-1.0176,-0.1435,-3.0702,0.5515,10.81,0.6000,0.4288,-0.0680,OVERTAKE_LEFT,0.0000,False,0.0613
1787899270.035,FORWARD,37,-1.0339,-0.7065,-2.8928,-1.0475,-0.1456,-3.0732,0.5611,10.34,0.6000,0.4322,-0.0671,OVERTAKE_LEFT,0.0000,False,0.0583
1787899270.115,FORWARD,38,-1.0614,-0.7154,-2.9029,-1.0775,-0.1476,-3.0761,0.5681,9.92,0.6000,0.4330,-0.0674,OVERTAKE_LEFT,0.0000,False,0.0552
1787899270.196,FORWARD,38,-1.0874,-0.7191,-2.9098,-1.0775,-0.1476,-3.0761,0.5716,9.53,0.6000,0.4006,-0.0676,OVERTAKE_LEFT,0.0000,False,0.0552
1787899270.278,FORWARD,39,-1.1153,-0.7260,-2.9150,-1.1075,-0.1495,-3.0790,0.5766,9.39,0.6000,0.4024,-0.0711,OVERTAKE_LEFT,0.0000,False,0.0520
1787899270.358,FORWARD,40,-1.1427,-0.7361,-2.9214,-1.1375,-0.1513,-3.0817,0.5848,9.18,0.6000,0.4042,-0.0792,OVERTAKE_LEFT,0.0000,False,0.0489
1787899270.434,FORWARD,41,-1.1674,-0.7419,-2.9275,-1.1674,-0.1531,-3.0843,0.5888,8.99,0.6000,0.4099,-0.0836,OVERTAKE_LEFT,0.0000,False,0.0458
1787899270.515,FORWARD,42,-1.1950,-0.7446,-2.9329,-1.1974,-0.1548,-3.0869,0.5899,8.82,0.6000,0.4128,-0.0833,OVERTAKE_LEFT,0.0000,False,0.0429
1787899270.594,FORWARD,43,-1.2213,-0.7509,-2.9383,-1.2274,-0.1564,-3.0893,0.5946,8.66,0.6000,0.4165,-0.0854,OVERTAKE_LEFT,0.0000,False,0.0400
1787899270.675,FORWARD,44,-1.2434,-0.7564,-2.9440,-1.2574,-0.1579,-3.0917,0.5986,8.46,0.6000,0.4252,-0.0867,OVERTAKE_LEFT,0.0000,False,0.0373
1787899270.755,FORWARD,44,-1.2657,-0.7624,-2.9515,-1.2574,-0.1579,-3.0917,0.6045,8.03,0.6000,0.3968,-0.0890,OVERTAKE_LEFT,0.0000,False,0.0373
1787899270.835,FORWARD,45,-1.2891,-0.7679,-2.9602,-1.2874,-0.1594,-3.0939,0.6086,7.66,0.6000,0.4033,-0.0872,OVERTAKE_LEFT,0.0000,False,0.0347
1787899270.917,FORWARD,46,-1.3181,-0.7789,-2.9718,-1.3174,-0.1608,-3.0961,0.6181,7.12,0.6000,0.3935,-0.2269,RETURN_RIGHT,0.0000,False,0.0324
1787899270.995,FORWARD,47,-1.3380,-0.7832,-2.9786,-1.3474,-0.1621,-3.0981,0.6211,6.85,0.6000,0.4046,-0.4188,RETURN_RIGHT,0.0000,False,0.0302
1787899271.080,FORWARD,48,-1.3674,-0.7848,-2.9873,-1.3774,-0.1634,-3.1001,0.6215,6.46,0.6000,0.4100,-0.5800,RETURN_RIGHT,0.0000,False,0.0283
1787899271.158,FORWARD,49,-1.3977,-0.7924,-3.0101,-1.4074,-0.1646,-3.1019,0.6278,5.26,0.6000,0.4167,-0.5800,RETURN_RIGHT,0.0000,False,0.0265
1787899271.237,FORWARD,50,-1.4226,-0.7973,-3.0324,-1.4374,-0.1658,-3.1036,0.6317,4.08,0.6000,0.4323,-0.5800,RETURN_RIGHT,0.0000,False,0.0250
1787899271.320,FORWARD,50,-1.4411,-0.7964,-3.0890,-1.4374,-0.1658,-3.1036,0.6307,0.84,0.6000,0.4171,-0.5800,DRIVE,0.0000,False,0.0250
1787899271.396,FORWARD,52,-1.4584,-0.7955,-3.1286,-1.4975,-0.1679,-3.1068,0.6288,-1.25,0.6000,0.4783,-0.5800,DRIVE,0.0000,False,0.0225
1787899271.528,FORWARD,53,-1.4802,-0.7955,3.1248,-1.5275,-0.1690,-3.1082,0.6283,-2.88,0.6000,0.4982,-0.5800,DRIVE,0.0000,False,0.0216
1787899271.556,FORWARD,53,-1.5044,-0.7982,3.0737,-1.5275,-0.1690,-3.1082,0.6297,-5.80,0.6000,0.4856,-0.5800,DRIVE,0.0000,False,0.0216
1787899271.637,FORWARD,54,-1.5322,-0.7973,3.0277,-1.5575,-0.1699,-3.1095,0.6279,-8.36,0.6000,0.5033,-0.5800,DRIVE,0.0000,False,0.0209
1787899271.720,FORWARD,55,-1.5648,-0.7890,2.9923,-1.5875,-0.1709,-3.1107,0.6186,-10.32,0.6000,0.5125,-0.5800,DRIVE,0.0000,False,0.0204
1787899271.794,FORWARD,56,-1.5880,-0.7857,2.9355,-1.6175,-0.1718,-3.1118,0.6146,-13.51,0.6000,0.5449,-0.5800,DRIVE,0.0000,False,0.0201
1787899271.880,FORWARD,57,-1.6151,-0.7811,2.8827,-1.6475,-0.1727,-3.1128,0.6093,-16.48,0.6000,0.5707,-0.5800,DRIVE,0.0000,False,0.0200
1787899271.961,FORWARD,58,-1.6498,-0.7708,2.8466,-1.6776,-0.1735,-3.1137,0.5979,-18.50,0.6000,0.5793,-0.5800,DRIVE,0.0000,False,0.0201
1787899272.037,FORWARD,59,-1.6855,-0.7616,2.7899,-1.7076,-0.1744,-3.1145,0.5876,-21.71,0.6000,0.5971,-0.5275,DRIVE,0.0000,False,0.0205
1787899272.117,FORWARD,60,-1.7114,-0.7548,2.7098,-1.7376,-0.1752,-3.1151,0.5802,-26.26,0.6000,0.6409,-0.4170,DRIVE,0.0000,False,0.0210
1787899272.196,FORWARD,61,-1.7442,-0.7340,2.6841,-1.7676,-0.1759,-3.1157,0.5586,-27.70,0.6000,0.6492,-0.3205,DRIVE,0.0000,False,0.0217
1787899272.280,FORWARD,62,-1.7790,-0.7212,2.6048,-1.7977,-0.1767,-3.1161,0.5448,-32.21,0.6000,0.6870,-0.1852,DRIVE,0.0000,False,0.0226
1787899272.355,FORWARD,63,-1.8065,-0.7000,2.5669,-1.8277,-0.1775,-3.1164,0.5230,-34.37,0.6000,0.7088,-0.0621,DRIVE,0.0000,False,0.0237
1787899272.437,FORWARD,64,-1.8338,-0.6751,2.5078,-1.8577,-0.1782,-3.1166,0.4975,-37.74,0.6000,0.7416,0.0851,DRIVE,0.0000,False,0.0249
1787899272.520,FORWARD,65,-1.8820,-0.6431,2.4750,-1.8877,-0.1790,-3.1168,0.4642,-39.62,0.6000,0.7390,0.2266,DRIVE,0.0000,False,0.0262
1787899272.599,FORWARD,67,-1.9262,-0.6194,2.4652,-1.9478,-0.1805,-3.1166,0.4394,-40.18,0.5319,0.7455,0.3503,DRIVE,0.0000,False,0.0292
1787899272.677,FORWARD,68,-1.9735,-0.5962,2.4700,-1.9778,-0.1812,-3.1164,0.4150,-39.92,0.5073,0.7207,0.4375,DRIVE,0.0000,False,0.0307
1787899272.756,FORWARD,69,-2.0097,-0.5748,2.5082,-2.0078,-0.1820,-3.1161,0.3928,-37.75,0.5208,0.6893,0.4609,DRIVE,0.0000,False,0.0324
1787899272.836,FORWARD,70,-2.0464,-0.5468,2.5793,-2.0378,-0.1828,-3.1157,0.3642,-33.70,0.6000,0.6440,0.4214,DRIVE,0.0000,False,0.0340
1787899272.917,FORWARD,72,-2.0872,-0.5190,2.6539,-2.0979,-0.1843,-3.1147,0.3348,-29.48,0.6000,0.6131,0.3662,DRIVE,0.0000,False,0.0373
1787899272.995,FORWARD,73,-2.1229,-0.5002,2.7308,-2.1279,-0.1852,-3.1142,0.3151,-25.11,0.6000,0.5638,0.2898,DRIVE,0.0000,False,0.0390
1787899273.077,FORWARD,74,-2.1595,-0.4879,2.7991,-2.1579,-0.1860,-3.1136,0.3019,-21.23,0.6000,0.5219,0.2009,DRIVE,0.0000,False,0.0407
1787899273.155,FORWARD,75,-2.1976,-0.4803,2.8577,-2.1879,-0.1868,-3.1129,0.2936,-17.91,0.6000,0.4865,0.1084,DRIVE,0.0000,False,0.0425
1787899273.237,FORWARD,77,-2.2332,-0.4700,2.9169,-2.2480,-0.1886,-3.1115,0.2817,-14.60,0.6000,0.4897,0.0078,DRIVE,0.0000,False,0.0465
1787899273.315,FORWARD,78,-2.2787,-0.4615,2.9384,-2.2780,-0.1895,-3.1106,0.2720,-13.42,0.6000,0.4641,-0.0488,DRIVE,0.0000,False,0.0489
1787899273.397,FORWARD,79,-2.2997,-0.4573,2.9413,-2.3080,-0.1905,-3.1098,0.2670,-13.30,0.6000,0.4732,-0.0769,DRIVE,0.0000,False,0.0518
1787899273.475,FORWARD,80,-2.3265,-0.4506,2.9613,-2.3380,-0.1914,-3.1089,0.2594,-12.21,0.6000,0.4699,-0.1049,DRIVE,0.0000,False,0.0553
1787899273.556,FORWARD,81,-2.3535,-0.4480,2.9405,-2.3681,-0.1924,-3.1079,0.2560,-13.45,0.6000,0.4796,-0.0924,DRIVE,0.0000,False,0.0596
1787899273.634,FORWARD,82,-2.3838,-0.4410,2.9407,-2.3981,-0.1935,-3.1069,0.2480,-13.50,0.6000,0.4785,-0.0767,DRIVE,0.0000,False,0.0651
1787899273.715,FORWARD,83,-2.4228,-0.4362,2.9274,-2.4281,-0.1945,-3.1059,0.2418,-14.32,0.6000,0.4720,-0.0453,DRIVE,0.0000,False,0.0719
1787899273.796,FORWARD,85,-2.4724,-0.4282,2.9193,-2.4881,-0.1967,-3.1036,0.2320,-14.91,0.6000,0.4859,-0.0083,DRIVE,0.0000,False,0.0904
1787899273.877,FORWARD,85,-2.4981,-0.4234,2.9133,-2.4881,-0.1967,-3.1036,0.2269,-15.25,0.2571,0.4119,0.0476,DRIVE,0.0000,False,0.0904
1787899273.959,FORWARD,86,-2.5208,-0.4193,2.9016,-2.5181,-0.1979,-3.1024,0.2214,-16.00,0.2705,0.4264,0.0933,DRIVE,0.0000,False,0.1025
1787899274.035,FORWARD,87,-2.5384,-0.4102,2.8993,-2.5481,-0.1991,-3.1012,0.2114,-16.20,0.2841,0.4423,0.1276,DRIVE,0.0000,False,0.1168
1787899274.117,FORWARD,88,-2.5684,-0.4021,2.9045,-2.5781,-0.2003,-3.0999,0.2020,-15.98,0.2977,0.4416,0.1506,DRIVE,0.0000,False,0.1335
1787899274.196,FORWARD,89,-2.5968,-0.4011,2.9143,-2.6081,-0.2016,-3.0986,0.1998,-15.49,0.3098,0.4415,0.1526,DRIVE,0.0000,False,0.1524
1787899274.277,FORWARD,90,-2.6303,-0.3965,2.9232,-2.6381,-0.2029,-3.0972,0.1938,-15.06,0.3214,0.4355,0.1527,DRIVE,0.0000,False,0.1739
1787899274.357,FORWARD,91,-2.6630,-0.3831,2.9327,-2.6681,-0.2042,-3.0957,0.1789,-14.60,0.3346,0.4295,0.1630,DRIVE,0.0000,False,0.1978
1787899274.434,FORWARD,92,-2.6854,-0.3739,2.9441,-2.6981,-0.2056,-3.0942,0.1687,-14.03,0.3480,0.4352,0.1665,DRIVE,0.0000,False,0.2242
1787899274.517,FORWARD,93,-2.7115,-0.3717,2.9707,-2.7281,-0.2071,-3.0927,0.1655,-12.59,0.3602,0.4325,0.1405,DRIVE,0.0000,False,0.2529
1787899274.594,FORWARD,93,-2.7389,-0.3734,2.9815,-2.7281,-0.2071,-3.0927,0.1667,-11.97,0.3702,0.3993,0.1212,DRIVE,0.0000,False,0.2529
1787899274.678,FORWARD,95,-2.7718,-0.3716,2.9957,-2.7881,-0.2101,-3.0895,0.1624,-11.35,0.3798,0.4274,0.0953,DRIVE,0.0000,False,0.3174
1787899274.756,FORWARD,95,-2.7975,-0.3648,3.0114,-2.7881,-0.2101,-3.0895,0.1550,-10.45,0.3895,0.3943,0.0804,DRIVE,0.0000,False,0.3174
1787899274.836,FORWARD,96,-2.8202,-0.3575,3.0271,-2.8181,-0.2117,-3.0878,0.1458,-9.64,0.3998,0.3995,0.0648,DRIVE,0.0000,False,0.3528
1787899274.923,FORWARD,97,-2.8463,-0.3554,3.0406,-2.8481,-0.2133,-3.0861,0.1421,-8.97,0.4094,0.4021,0.0459,DRIVE,0.0000,False,0.3900
1787899274.995,FORWARD,98,-2.8773,-0.3607,3.0474,-2.8781,-0.2150,-3.0843,0.1457,-8.68,0.4167,0.4009,0.0253,DRIVE,0.0000,False,0.4289
1787899275.075,FORWARD,99,-2.9013,-0.3601,3.0572,-2.9081,-0.2168,-3.0825,0.1435,-8.22,0.4235,0.4068,0.0064,DRIVE,0.0000,False,0.4691
1787899275.154,FORWARD,100,-2.9276,-0.3584,3.0617,-2.9381,-0.2186,-3.0806,0.1402,-8.07,0.4299,0.4113,-0.0028,DRIVE,0.0000,False,0.5104
1787899275.235,FORWARD,101,-2.9516,-0.3550,3.0618,-2.9680,-0.2204,-3.0787,0.1355,-8.18,0.4364,0.4194,-0.0001,DRIVE,0.0000,False,0.5526
1787899275.317,FORWARD,102,-2.9809,-0.3509,3.0662,-2.9980,-0.2224,-3.0767,0.1296,-8.04,0.4433,0.4205,0.0063,DRIVE,0.0000,False,0.5955
1787899275.393,FORWARD,102,-3.0031,-0.3490,3.0672,-2.9980,-0.2224,-3.0767,0.1267,-7.98,0.4498,0.3951,0.0163,DRIVE,0.0000,False,0.5955
1787899275.476,FORWARD,103,-3.0245,-0.3516,3.0688,-3.0280,-0.2243,-3.0747,0.1273,-8.00,0.4552,0.4062,0.0194,DRIVE,0.0000,False,0.6388
1787899275.554,FORWARD,104,-3.0560,-0.3526,3.0711,-3.0579,-0.2264,-3.0726,0.1262,-7.99,0.4600,0.4053,0.0249,DRIVE,0.0000,False,0.6825
1787899275.637,FORWARD,106,-3.1010,-0.3497,3.0744,-3.1178,-0.2306,-3.0684,0.1202,-8.04,0.4654,0.4243,0.0431,DRIVE,0.0000,False,0.7698
1787899275.714,FORWARD,106,-3.1227,-0.3486,3.0767,-3.1178,-0.2306,-3.0684,0.1181,-7.92,0.4705,0.3991,0.0579,DRIVE,0.0000,False,0.7698
1787899275.797,FORWARD,107,-3.1426,-0.3520,3.0798,-3.1478,-0.2329,-3.0652,0.1192,-7.92,0.4745,0.4120,0.0668,DRIVE,0.0000,False,0.8132
1787899275.876,FORWARD,107,-3.1643,-0.3523,3.0828,-3.1478,-0.2329,-3.0652,0.1206,-7.74,0.4777,0.3864,0.0759,DRIVE,0.0000,False,0.8132
1787899275.955,FORWARD,108,-3.1898,-0.3449,3.0865,-3.1777,-0.2352,-3.0602,0.1103,-7.82,0.4826,0.3924,0.0999,DRIVE,0.0000,False,0.8561
1787899276.034,FORWARD,109,-3.2199,-0.3379,3.0917,-3.2077,-0.2378,-3.0535,0.1009,-7.91,0.4889,0.3935,0.1333,DRIVE,0.0000,False,0.8982
1787899276.114,FORWARD,110,-3.2451,-0.3388,3.0977,-3.2376,-0.2406,-3.0448,0.0986,-8.06,0.4948,0.4004,0.1604,DRIVE,0.0000,False,0.9394
1787899276.195,FORWARD,111,-3.2668,-0.3419,3.1058,-3.2674,-0.2436,-3.0344,0.0983,-8.20,0.4999,0.4113,0.1796,DRIVE,0.0000,False,0.9794
1787899276.275,FORWARD,111,-3.2904,-0.3398,3.1215,-3.2674,-0.2436,-3.0344,0.0989,-7.30,0.5040,0.3807,0.1864,DRIVE,0.0000,False,0.9794
1787899276.356,FORWARD,113,-3.3295,-0.3424,3.1388,-3.3271,-0.2508,-3.0077,0.0916,-7.83,0.5092,0.4066,0.2111,DRIVE,0.0000,False,1.0543
1787899276.467,FORWARD,114,-3.3694,-0.3465,-3.1280,-3.3568,-0.2550,-2.9914,0.0923,-7.82,0.5134,0.3949,0.2385,DRIVE,0.0000,False,1.0885
1787899276.513,FORWARD,114,-3.3900,-0.3444,-3.1070,-3.3568,-0.2550,-2.9914,0.0954,-6.62,0.5075,0.3648,0.2471,DRIVE,0.0000,False,1.0885
1787899276.596,FORWARD,115,-3.4008,-0.3425,-3.0921,-3.3865,-0.2598,-2.9732,0.0839,-6.82,0.5005,0.3859,0.2611,DRIVE,0.0000,False,1.1200
1787899276.674,FORWARD,115,-3.4155,-0.3447,-3.0759,-3.3865,-0.2598,-2.9732,0.0897,-5.88,0.4936,0.3634,0.2600,DRIVE,0.0000,False,1.1200
1787899276.755,FORWARD,116,-3.4457,-0.3463,-3.0575,-3.4160,-0.2651,-2.9529,0.0864,-5.99,0.4741,0.3592,0.2811,DRIVE,0.0000,False,1.1485
1787899276.837,FORWARD,117,-3.4711,-0.3461,-3.0378,-3.4454,-0.2711,-2.9305,0.0793,-6.15,0.4504,0.3601,0.3142,DRIVE,0.0000,False,1.1734
1787899276.917,FORWARD,118,-3.4954,-0.3568,-3.0098,-3.4747,-0.2777,-2.9061,0.0817,-5.94,0.4421,0.3615,0.3304,DRIVE,0.0000,False,1.1947
1787899276.995,FORWARD,119,-3.5166,-0.3609,-2.9784,-3.5038,-0.2851,-2.8796,0.0769,-5.66,0.4254,0.3654,0.3423,DRIVE,0.0000,False,1.2119
1787899277.080,FORWARD,119,-3.5429,-0.3642,-2.9515,-3.5038,-0.2851,-2.8796,0.0882,-4.12,0.4087,0.3252,0.3429,DRIVE,0.0000,False,1.2119
1787899277.156,FORWARD,120,-3.5670,-0.3698,-2.9317,-3.5327,-0.2933,-2.8511,0.0838,-4.62,0.3972,0.3298,0.3629,DRIVE,0.0000,False,1.2252
1787899277.236,FORWARD,121,-3.5817,-0.3721,-2.9004,-3.5614,-0.3023,-2.8205,0.0727,-4.57,0.3850,0.3430,0.3749,DRIVE,0.0000,False,1.2343
1787899277.316,FORWARD,121,-3.6001,-0.3814,-2.8699,-3.5614,-0.3023,-2.8205,0.0881,-2.83,0.3725,0.3098,0.3596,DRIVE,0.0000,False,1.2343
1787899277.394,FORWARD,122,-3.6152,-0.3827,-2.8457,-3.5897,-0.3123,-2.7881,0.0749,-3.30,0.3600,0.3251,0.3636,DRIVE,0.0000,False,1.2396
1787899277.476,FORWARD,123,-3.6381,-0.3891,-2.8137,-3.6177,-0.3231,-2.7539,0.0690,-3.43,0.3419,0.3275,0.3745,DRIVE,0.0000,False,1.2411
1787899277.555,FORWARD,123,-3.6575,-0.4009,-2.7907,-3.6177,-0.3231,-2.7539,0.0873,-2.11,0.3371,0.2953,0.3661,DRIVE,0.0000,False,1.2411
1787899277.634,FORWARD,124,-3.6693,-0.4091,-2.7671,-3.6453,-0.3350,-2.7192,0.0779,-2.74,0.3155,0.3100,0.3693,DRIVE,0.0000,False,1.2392
1787899277.717,FORWARD,125,-3.6910,-0.4158,-2.7262,-3.6725,-0.3478,-2.6847,0.0705,-2.38,0.3197,0.3156,0.3657,DRIVE,0.0000,False,1.2340
1787899277.794,FORWARD,126,-3.7102,-0.4216,-2.6939,-3.6992,-0.3615,-2.6501,0.0611,-2.51,0.3057,0.3234,0.3713,DRIVE,0.0000,False,1.2259
1787899277.883,FORWARD,126,-3.7266,-0.4339,-2.6725,-3.6992,-0.3615,-2.6501,0.0775,-1.28,0.3043,0.2948,0.3603,DRIVE,0.0000,False,1.2259
1787899277.955,FORWARD,127,-3.7446,-0.4486,-2.6323,-3.7254,-0.3761,-2.6153,0.0750,-0.98,0.2972,0.2986,0.3465,DRIVE,0.0000,False,1.2151
1787899278.035,FORWARD,127,-3.7566,-0.4586,-2.6183,-3.7254,-0.3761,-2.6153,0.0881,-0.18,0.2835,0.2753,0.3341,DRIVE,0.0000,False,1.2151
1787899278.114,FORWARD,128,-3.7780,-0.4655,-2.5834,-3.7511,-0.3916,-2.5802,0.0786,-0.18,0.2807,0.2823,0.3345,DRIVE,0.0000,False,1.2017
1787899278.195,FORWARD,129,-3.7894,-0.4674,-2.5656,-3.7763,-0.4081,-2.5447,0.0608,-1.20,0.2863,0.3079,0.3522,DRIVE,0.0000,False,1.1859
1787899278.279,FORWARD,130,-3.8022,-0.4743,-2.5416,-3.8008,-0.4254,-2.5087,0.0489,-1.88,0.2765,0.3253,0.3752,DRIVE,0.0000,False,1.1677
1787899278.355,FORWARD,130,-3.8156,-0.4906,-2.5160,-3.8008,-0.4254,-2.5087,0.0668,-0.42,0.2751,0.2959,0.3665,DRIVE,0.0000,False,1.1677
1787899278.436,FORWARD,131,-3.8335,-0.5097,-2.4844,-3.8247,-0.4436,-2.4720,0.0667,-0.71,0.2712,0.2996,0.3682,DRIVE,0.0000,False,1.1472
1787899278.515,FORWARD,132,-3.8514,-0.5272,-2.4499,-3.8479,-0.4627,-2.4347,0.0646,-0.87,0.2668,0.3039,0.3750,DRIVE,0.0000,False,1.1244
1787899278.595,FORWARD,133,-3.8682,-0.5428,-2.4273,-3.8703,-0.4826,-2.3965,0.0602,-1.76,0.2723,0.3151,0.3969,DRIVE,0.0000,False,1.0991
1787899278.684,FORWARD,133,-3.8778,-0.5485,-2.4056,-3.8703,-0.4826,-2.3965,0.0663,-0.52,0.2751,0.2979,0.3933,DRIVE,0.0000,False,1.0991
1787899278.754,FORWARD,134,-3.8868,-0.5576,-2.3754,-3.8920,-0.5034,-2.3574,0.0544,-1.04,0.2723,0.3182,0.3964,DRIVE,0.0000,False,1.0713
1787899278.837,FORWARD,135,-3.8993,-0.5775,-2.3405,-3.9128,-0.5250,-2.3172,0.0542,-1.33,0.2696,0.3260,0.4001,DRIVE,0.0000,False,1.0410
1787899278.915,FORWARD,136,-3.9234,-0.6007,-2.3064,-3.9328,-0.5475,-2.2760,0.0540,-1.74,0.2779,0.3240,0.4187,DRIVE,0.0000,False,1.0082
1787899278.995,FORWARD,136,-3.9385,-0.6137,-2.2788,-3.9328,-0.5475,-2.2760,0.0665,-0.16,0.2918,0.2973,0.4116,DRIVE,0.0000,False,1.0082
1787899279.075,FORWARD,137,-3.9478,-0.6215,-2.2501,-3.9517,-0.5708,-2.2336,0.0508,-0.95,0.2807,0.3185,0.4183,DRIVE,0.0000,False,0.9730
1787899279.154,FORWARD,138,-3.9533,-0.6321,-2.2189,-3.9697,-0.5948,-2.1900,0.0407,-1.66,0.2910,0.3428,0.4193,DRIVE,0.0000,False,0.9355
1787899279.236,FORWARD,138,-3.9571,-0.6424,-2.1856,-3.9697,-0.5948,-2.1900,0.0492,0.25,0.4199,0.3452,0.3610,DRIVE,0.0000,False,0.9355
1787899279.315,FORWARD,139,-3.9699,-0.6679,-2.1473,-3.9866,-0.6197,-2.1452,0.0510,-0.12,0.4076,0.3454,0.3336,DRIVE,0.0000,False,0.8960
1787899279.395,FORWARD,140,-3.9830,-0.6892,-2.1194,-4.0023,-0.6452,-2.0998,0.0480,-1.13,0.4004,0.3515,0.3324,DRIVE,0.0000,False,0.8549
1787899279.475,FORWARD,141,-3.9976,-0.7125,-2.0861,-4.0169,-0.6715,-2.0560,0.0453,-1.72,0.3856,0.3518,0.3408,DRIVE,0.0000,False,0.8127
1787899279.557,FORWARD,141,-4.0102,-0.7325,-2.0569,-4.0169,-0.6715,-2.0560,0.0613,-0.05,0.3897,0.3192,0.3273,DRIVE,0.0000,False,0.8127
1787899279.635,FORWARD,142,-4.0197,-0.7487,-2.0354,-4.0304,-0.6984,-2.0142,0.0514,-1.21,0.4185,0.3391,0.3280,DRIVE,0.0000,False,0.7699
1787899279.714,FORWARD,143,-4.0262,-0.7686,-1.9984,-4.0427,-0.7257,-1.9743,0.0459,-1.38,0.4528,0.3540,0.3127,DRIVE,0.0000,False,0.7272
1787899279.795,FORWARD,144,-4.0291,-0.7846,-1.9685,-4.0539,-0.7536,-1.9364,0.0397,-1.84,0.4841,0.3754,0.2919,DRIVE,0.0000,False,0.6852
1787899279.875,FORWARD,144,-4.0296,-0.7966,-1.9503,-4.0539,-0.7536,-1.9364,0.0495,-0.80,0.5312,0.3668,0.2549,DRIVE,0.0000,False,0.6852
1787899279.958,FORWARD,145,-4.0364,-0.8196,-1.9146,-4.0642,-0.7818,-1.9003,0.0469,-0.82,0.5998,0.6896,0.2744,DRIVE,0.0000,False,0.6446
1787899280.035,FORWARD,146,-4.0455,-0.8448,-1.8946,-4.0734,-0.8104,-1.8661,0.0443,-1.63,0.6000,0.6949,0.2890,DRIVE,0.0000,False,0.6058
1787899280.113,FORWARD,147,-4.0562,-0.8660,-1.8669,-4.0817,-0.8393,-1.8337,0.0370,-1.90,0.6000,0.7024,0.2940,DRIVE,0.0000,False,0.5694
1787899280.195,FORWARD,148,-4.0642,-0.8996,-1.8283,-4.0890,-0.8684,-1.8029,0.0399,-1.45,0.6000,0.6954,0.2788,DRIVE,0.0000,False,0.5355
1787899280.274,FORWARD,150,-4.0752,-0.9521,-1.7770,-4.1011,-0.9272,-1.7460,0.0360,-1.78,0.6000,0.7021,0.2615,DRIVE,0.0000,False,0.4761
1787899280.358,FORWARD,152,-4.0833,-0.9949,-1.7437,-4.1101,-0.9866,-1.6946,0.0280,-2.81,0.6000,0.7223,0.2585,DRIVE,0.0000,False,0.4268
1787899280.435,FORWARD,153,-4.0931,-1.0331,-1.6780,-4.1134,-1.0164,-1.6708,0.0263,-0.42,0.6000,0.7078,0.2097,DRIVE,0.0000,False,0.4052
1787899280.515,FORWARD,155,-4.0946,-1.0882,-1.6277,-4.1181,-1.0763,-1.6262,0.0263,-0.08,0.6000,0.7127,0.1641,DRIVE,0.0000,False,0.3662
1787899280.594,FORWARD,157,-4.0923,-1.1269,-1.5890,-4.1201,-1.1363,-1.5854,0.0293,-0.21,0.6000,0.7377,0.1229,DRIVE,0.0000,False,0.3308
1787899280.675,FORWARD,158,-4.0889,-1.1652,-1.5624,-4.1203,-1.1664,-1.5662,0.0314,0.22,0.6000,0.7270,0.0854,DRIVE,0.0000,False,0.3141
1787899280.758,FORWARD,160,-4.0852,-1.2073,-1.5305,-4.1189,-1.2264,-1.5304,0.0388,-0.00,0.6000,0.7473,0.0477,DRIVE,0.0000,False,0.2822
1787899280.835,FORWARD,161,-4.0818,-1.2515,-1.5093,-4.1175,-1.2564,-1.5145,0.0360,0.30,0.6000,0.7293,0.0152,DRIVE,0.0000,False,0.2673
1787899280.917,FORWARD,163,-4.0781,-1.3009,-1.4901,-4.1132,-1.3163,-1.4873,0.0384,-0.16,0.6000,0.7412,-0.0120,DRIVE,0.0000,False,0.2405
1787899280.998,FORWARD,164,-4.0737,-1.3451,-1.4855,-4.1106,-1.3462,-1.4763,0.0369,-0.53,0.6000,0.7237,-0.0271,DRIVE,0.0000,False,0.2291
1787899281.076,FORWARD,165,-4.0662,-1.3912,-1.4793,-4.1076,-1.3761,-1.4670,0.0441,-0.71,0.6000,0.7033,-0.0457,DRIVE,0.0000,False,0.2192
1787899281.155,FORWARD,167,-4.0595,-1.4336,-1.4830,-4.1009,-1.4358,-1.4540,0.0415,-1.66,0.6000,0.7241,-0.0578,DRIVE,0.0000,False,0.2043
1787899281.235,FORWARD,169,-4.0469,-1.4839,-1.4927,-4.0937,-1.4955,-1.4488,0.0483,-2.52,0.6000,0.7353,-0.0730,DRIVE,0.0000,False,0.1957
1787899281.316,FORWARD,171,-4.0416,-1.5407,-1.4899,-4.0865,-1.5551,-1.4516,0.0471,-2.20,0.6000,0.7392,-0.0988,DRIVE,0.0000,False,0.1919
1787899281.395,FORWARD,172,-4.0408,-1.5836,-1.5049,-4.0830,-1.5849,-1.4560,0.0422,-2.80,0.6000,0.7243,-0.0969,DRIVE,0.0000,False,0.1910
1787899281.476,FORWARD,174,-4.0410,-1.6285,-1.5165,-4.0765,-1.6446,-1.4708,0.0390,-2.62,0.6000,0.7434,-0.0940,DRIVE,0.0000,False,0.1904
1787899281.559,FORWARD,175,-4.0355,-1.6686,-1.5391,-4.0736,-1.6745,-1.4811,0.0386,-3.32,0.6000,0.7317,-0.0788,DRIVE,0.0000,False,0.1905
1787899281.638,FORWARD,177,-4.0308,-1.7056,-1.5506,-4.0690,-1.7344,-1.5059,0.0479,-2.56,0.6000,0.7500,-0.0751,DRIVE,0.0000,False,0.1919
1787899281.716,FORWARD,178,-4.0285,-1.7626,-1.5694,-4.0672,-1.7644,-1.5175,0.0387,-2.97,0.6000,0.7279,-0.0584,DRIVE,0.0000,False,0.1937
1787899281.795,FORWARD,180,-4.0299,-1.8024,-1.5748,-4.0646,-1.8244,-1.5373,0.0411,-2.15,0.6000,0.7500,-0.0487,DRIVE,0.0000,False,0.2008
1787899281.882,FORWARD,181,-4.0310,-1.8528,-1.5959,-4.0638,-1.8544,-1.5457,0.0328,-2.88,0.6000,0.7282,-0.0201,DRIVE,0.0000,False,0.2066
1787899281.956,FORWARD,183,-4.0333,-1.9012,-1.6105,-4.0627,-1.9145,-1.5593,0.0322,-2.93,0.6000,0.7421,0.0109,DRIVE,0.0000,False,0.2236
1787899282.040,FORWARD,184,-4.0365,-1.9459,-1.6054,-4.0624,-1.9445,-1.5647,0.0259,-2.33,0.6000,0.7240,0.0210,DRIVE,0.0000,False,0.2349
1787899282.115,FORWARD,186,-4.0351,-1.9952,-1.6136,-4.0623,-2.0046,-1.5725,0.0287,-2.36,0.6000,0.7367,0.0368,DRIVE,0.0000,False,0.2628
1787899282.197,FORWARD,188,-4.0346,-2.0505,-1.6124,-4.0625,-2.0646,-1.5767,0.0313,-2.05,0.6000,0.7417,0.0476,DRIVE,0.0000,False,0.2972
1787899282.278,FORWARD,189,-4.0381,-2.1081,-1.6018,-4.0627,-2.0947,-1.5775,0.0281,-1.39,0.6000,0.7078,0.0500,DRIVE,0.0000,False,0.3163
1787899282.354,FORWARD,191,-4.0387,-2.1590,-1.5994,-4.0631,-2.1547,-1.5764,0.0248,-1.32,0.6000,0.7178,0.0618,DRIVE,0.0000,False,0.3575
1787899282.438,FORWARD,193,-4.0416,-2.2057,-1.5891,-4.0633,-2.2148,-1.5719,0.0235,-0.98,0.6000,0.7327,0.0741,DRIVE,0.0000,False,0.4014
1787899282.514,FORWARD,195,-4.0430,-2.2666,-1.5793,-4.0632,-2.2749,-1.5642,0.0218,-0.86,0.6000,0.7304,0.0903,DRIVE,0.0000,False,0.4467
1787899282.596,FORWARD,196,-4.0430,-2.3066,-1.5738,-4.0629,-2.3049,-1.5591,0.0200,-0.84,0.6000,0.7177,0.1039,DRIVE,0.0000,False,0.4698
1787899282.674,FORWARD,197,-4.0430,-2.3468,-1.5681,-4.0625,-2.3349,-1.5531,0.0228,-0.85,0.6000,0.7045,0.1178,DRIVE,0.0000,False,0.4931
1787899282.755,FORWARD,198,-4.0434,-2.3815,-1.5624,-4.0619,-2.3649,-1.5464,0.0248,-0.92,0.6000,0.6981,0.1330,DRIVE,0.0000,False,0.5167
1787899282.836,FORWARD,200,-4.0424,-2.4186,-1.5505,-4.0599,-2.4250,-1.5306,0.0187,-1.14,0.6000,0.7244,0.1513,DRIVE,0.0000,False,0.5651
1787899282.913,FORWARD,202,-4.0448,-2.4820,-1.5194,-4.0570,-2.4850,-1.5116,0.0126,-0.44,0.6000,0.7187,0.1627,DRIVE,0.0000,False,0.6154
1787899282.995,FORWARD,204,-4.0400,-2.5393,-1.4944,-4.0528,-2.5449,-1.4895,0.0140,-0.28,0.6000,0.7199,0.1724,DRIVE,0.0000,False,0.6682
1787899283.080,FORWARD,205,-4.0331,-2.5860,-1.4728,-4.0501,-2.5748,-1.4773,0.0204,0.26,0.6000,0.6978,0.1704,DRIVE,0.0000,False,0.6957
1787899283.155,FORWARD,207,-4.0269,-2.6197,-1.4481,-4.0438,-2.6345,-1.4507,0.0224,0.15,0.6000,0.7271,0.1711,DRIVE,0.0000,False,0.7534
1787899283.235,FORWARD,208,-4.0196,-2.6515,-1.4329,-4.0399,-2.6643,-1.4363,0.0240,0.19,0.6000,0.7231,0.1710,DRIVE,0.0000,False,0.7835
1787899283.314,FORWARD,209,-4.0156,-2.6974,-1.3997,-4.0357,-2.6940,-1.4212,0.0204,1.23,0.6000,0.7021,0.1611,DRIVE,0.0000,False,0.8146
1787899283.399,FORWARD,211,-4.0061,-2.7503,-1.3596,-4.0258,-2.7533,-1.3892,0.0199,1.70,0.6000,0.7073,0.1532,DRIVE,0.0000,False,0.8793
1787899283.480,FORWARD,214,-3.9877,-2.8122,-1.3297,-4.0073,-2.8415,-1.3382,0.0352,0.49,0.6000,0.7356,0.1741,DRIVE,0.0000,False,0.9806
1787899283.559,FORWARD,215,-3.9761,-2.8404,-1.3072,-4.0001,-2.8706,-1.3202,0.0386,0.75,0.6000,0.7338,0.1748,DRIVE,0.0000,False,1.0146
1787899283.635,FORWARD,216,-3.9631,-2.8697,-1.2811,-3.9924,-2.8996,-1.3017,0.0419,1.18,0.6000,0.7300,0.1645,DRIVE,0.0000,False,1.0479
1787899283.717,FORWARD,218,-3.9473,-2.9219,-1.2481,-3.9753,-2.9572,-1.2627,0.0451,0.84,0.6000,0.7344,0.1761,DRIVE,0.0000,False,1.1107
1787899283.795,FORWARD,220,-3.9328,-2.9722,-1.2133,-3.9559,-3.0141,-1.2209,0.0479,0.43,0.6000,0.7418,0.2004,DRIVE,0.0000,False,1.1636
1787899283.875,FORWARD,221,-3.9155,-3.0144,-1.1862,-3.9453,-3.0422,-1.1987,0.0407,0.71,0.6000,0.7212,0.2136,DRIVE,0.0000,False,1.1845
1787899283.955,FORWARD,222,-3.8959,-3.0516,-1.1582,-3.9341,-3.0700,-1.1756,0.0424,1.00,0.6000,0.7050,0.2186,DRIVE,0.0000,False,1.2006
1787899284.037,FORWARD,224,-3.8758,-3.0918,-1.1125,-3.9096,-3.1249,-1.1264,0.0474,0.79,0.5444,0.4224,0.1236,DRIVE,0.0000,False,1.2163
1787899284.116,FORWARD,226,-3.8456,-3.1544,-1.0615,-3.8824,-3.1784,-1.0727,0.0440,0.64,0.5256,0.4056,0.1013,DRIVE,0.0000,False,1.2082
1787899284.195,FORWARD,227,-3.8274,-3.1896,-1.0360,-3.8677,-3.2046,-1.0440,0.0429,0.46,0.5184,0.3916,0.1082,DRIVE,0.0000,False,1.1956
1787899284.282,FORWARD,228,-3.8090,-3.2167,-1.0185,-3.8522,-3.2303,-1.0140,0.0452,-0.25,0.5003,0.3849,0.1356,DRIVE,0.0000,False,1.1779
1787899284.357,FORWARD,228,-3.7978,-3.2317,-1.0103,-3.8522,-3.2303,-1.0140,0.0544,0.21,0.4799,0.3571,0.1529,DRIVE,0.0000,False,1.1779
1787899284.435,FORWARD,230,-3.7749,-3.2785,-0.9807,-3.8188,-3.2802,-0.9498,0.0440,-1.77,0.4636,0.3659,0.2238,DRIVE,0.0000,False,1.1308
1787899284.516,FORWARD,231,-3.7576,-3.3019,-0.9679,-3.8010,-3.3044,-0.9155,0.0434,-3.00,0.4500,0.3672,0.2949,DRIVE,0.0000,False,1.1035
1787899284.593,FORWARD,232,-3.7291,-3.3252,-0.9541,-3.7822,-3.3279,-0.8797,0.0532,-4.26,0.4432,0.3630,0.3603,DRIVE,0.0000,False,1.0751
1787899284.676,FORWARD,232,-3.7272,-3.3238,-0.9483,-3.7822,-3.3279,-0.8797,0.0552,-3.93,0.4330,0.3596,0.3868,DRIVE,0.0000,False,1.0751
1787899284.755,FORWARD,232,-3.7330,-3.3340,-0.9242,-3.7822,-3.3279,-0.8797,0.0496,-2.55,0.4315,0.3484,0.3891,DRIVE,0.0000,False,1.0751
1787899284.835,FORWARD,233,-3.7225,-3.3505,-0.9030,-3.7627,-3.3506,-0.8424,0.0402,-3.47,0.4305,0.3632,0.4127,DRIVE,0.0000,False,1.0467
1787899284.914,FORWARD,234,-3.6924,-3.3732,-0.8660,-3.7422,-3.3727,-0.8036,0.0499,-3.57,0.4333,0.3551,0.4314,DRIVE,0.0000,False,1.0191
1787899284.993,FORWARD,234,-3.6804,-3.3856,-0.8336,-3.7422,-3.3727,-0.8036,0.0632,-1.72,0.4360,0.3280,0.4167,DRIVE,0.0000,False,1.0191
1787899285.080,FORWARD,235,-3.6687,-3.3995,-0.8022,-3.7210,-3.3939,-0.7633,0.0526,-2.23,0.4454,0.3445,0.4185,DRIVE,0.0000,False,0.9929
1787899285.156,FORWARD,235,-3.6525,-3.4117,-0.7802,-3.7210,-3.3939,-0.7633,0.0708,-0.97,0.4489,0.3169,0.4066,DRIVE,0.0000,False,0.9929
1787899285.235,FORWARD,236,-3.6420,-3.4257,-0.7416,-3.6989,-3.4142,-0.7217,0.0580,-1.14,0.4659,0.3347,0.4025,DRIVE,0.0000,False,0.9684
1787899285.317,FORWARD,237,-3.6266,-3.4375,-0.7088,-3.6759,-3.4335,-0.6787,0.0495,-1.73,0.4810,0.3513,0.4071,DRIVE,0.0000,False,0.9456
1787899285.394,FORWARD,238,-3.6090,-3.4494,-0.6727,-3.6521,-3.4518,-0.6346,0.0432,-2.18,0.5024,0.3661,0.4124,DRIVE,0.0000,False,0.9244
1787899285.476,FORWARD,238,-3.5921,-3.4585,-0.6507,-3.6521,-3.4518,-0.6346,0.0604,-0.92,0.5090,0.3405,0.4003,DRIVE,0.0000,False,0.9244
1787899285.556,FORWARD,239,-3.5769,-3.4706,-0.6159,-3.6275,-3.4691,-0.5895,0.0507,-1.51,0.5311,0.3578,0.4006,DRIVE,0.0000,False,0.9043
1787899285.639,FORWARD,240,-3.5611,-3.4796,-0.5854,-3.6022,-3.4852,-0.5437,0.0415,-2.39,0.5989,0.6903,0.4521,DRIVE,0.0000,False,0.8849
1787899285.718,FORWARD,240,-3.5476,-3.4887,-0.5463,-3.6022,-3.4852,-0.5437,0.0547,-0.15,0.5980,0.6662,0.4363,DRIVE,0.0000,False,0.8849
1787899285.799,FORWARD,241,-3.5264,-3.5025,-0.5063,-3.5761,-3.5002,-0.4973,0.0498,-0.52,0.5984,0.6730,0.4265,DRIVE,0.0000,False,0.8655
1787899285.877,FORWARD,242,-3.4915,-3.5181,-0.4593,-3.5494,-3.5139,-0.4506,0.0580,-0.50,0.5968,0.6628,0.4100,DRIVE,0.0000,False,0.8459
1787899285.955,FORWARD,244,-3.4522,-3.5348,-0.3831,-3.4942,-3.5375,-0.3575,0.0421,-1.46,0.5991,0.6829,0.3716,DRIVE,0.0000,False,0.8050
1787899286.038,FORWARD,246,-3.4120,-3.5472,-0.3208,-3.4371,-3.5559,-0.2671,0.0265,-3.07,0.6000,0.7028,0.3201,DRIVE,0.0000,False,0.7624
1787899286.114,FORWARD,248,-3.3663,-3.5586,-0.2511,-3.3786,-3.5695,-0.1960,0.0165,-3.16,0.6000,0.7138,0.2375,DRIVE,0.0000,False,0.7210
1787899286.195,FORWARD,249,-3.3330,-3.5663,-0.1865,-3.3490,-3.5750,-0.1692,0.0182,-0.99,0.6000,0.7048,0.1347,DRIVE,0.0000,False,0.7021
1787899286.274,FORWARD,251,-3.2940,-3.5718,-0.1358,-3.2896,-3.5839,-0.1302,0.0128,-0.32,0.6000,0.7275,0.0274,DRIVE,0.0000,False,0.6702
1787899286.354,FORWARD,252,-3.2481,-3.5766,-0.0817,-3.2598,-3.5876,-0.1174,0.0161,2.05,0.6000,0.7073,-0.0909,DRIVE,0.0000,False,0.6578
1787899286.436,FORWARD,254,-3.2061,-3.5751,-0.0736,-3.2001,-3.5941,-0.1037,0.0200,1.72,0.6000,0.7301,-0.1825,DRIVE,0.0000,False,0.6404
1787899286.513,FORWARD,255,-3.1524,-3.5792,-0.0618,-3.1703,-3.5972,-0.1027,0.0254,2.34,0.6000,0.7021,-0.2617,DRIVE,0.0000,False,0.6348
1787899286.595,FORWARD,257,-3.1125,-3.5798,-0.0710,-3.1105,-3.6035,-0.1121,0.0238,2.35,0.6000,0.7288,-0.3334,DRIVE,0.0000,False,0.6274
1787899286.680,FORWARD,258,-3.0656,-3.5767,-0.1267,-3.0807,-3.6071,-0.1228,0.0339,-0.22,0.6000,0.7092,-0.3427,DRIVE,0.0000,False,0.6245
1787899286.757,FORWARD,260,-3.0290,-3.5787,-0.1613,-3.0212,-3.6154,-0.1579,0.0375,-0.20,0.6000,0.7423,-0.3668,DRIVE,0.0000,False,0.6177
1787899286.838,FORWARD,262,-2.9873,-3.5925,-0.2260,-2.9622,-3.6263,-0.2141,0.0422,-0.68,0.6000,0.7500,-0.3514,DRIVE,0.0000,False,0.6094
1787899286.921,FORWARD,263,-2.9336,-3.6080,-0.2782,-2.9330,-3.6333,-0.2512,0.0253,-1.55,0.6000,0.7340,-0.3194,DRIVE,0.0000,False,0.6056
1787899286.995,FORWARD,265,-2.8743,-3.6228,-0.3333,-2.8754,-3.6504,-0.3259,0.0276,-0.43,0.6000,0.7352,-0.2987,DRIVE,0.0000,False,0.6029
1787899287.075,FORWARD,266,-2.8399,-3.6378,-0.3901,-2.8471,-3.6605,-0.3611,0.0238,-1.66,0.6000,0.7247,-0.2427,DRIVE,0.0000,False,0.6060
1787899287.159,FORWARD,268,-2.8025,-3.6535,-0.4470,-2.7917,-3.6835,-0.4247,0.0319,-1.28,0.5005,0.4240,-0.2110,DRIVE,0.0000,False,0.6258
1787899287.235,FORWARD,269,-2.7652,-3.6725,-0.4870,-2.7645,-3.6963,-0.4525,0.0238,-1.97,0.3951,0.3920,-0.1700,DRIVE,0.0000,False,0.6441
1787899287.317,FORWARD,271,-2.7098,-3.6978,-0.5399,-2.7111,-3.7238,-0.4985,0.0261,-2.37,0.3148,0.3792,-0.1139,DRIVE,0.0000,False,0.6989
1787899287.394,FORWARD,272,-2.6708,-3.7163,-0.5666,-2.6849,-3.7384,-0.5164,0.0262,-2.88,0.2680,0.3569,-0.0626,DRIVE,0.0000,False,0.7351
1787899287.480,FORWARD,273,-2.6424,-3.7335,-0.5834,-2.6589,-3.7535,-0.5309,0.0259,-3.01,0.2432,0.3497,-0.0162,DRIVE,0.0000,False,0.7767
1787899287.555,FORWARD,274,-2.6165,-3.7478,-0.6038,-2.6330,-3.7688,-0.5420,0.0268,-3.54,0.2039,0.3446,0.0355,DRIVE,0.0000,False,0.8226
1787899287.634,FORWARD,275,-2.6011,-3.7606,-0.6032,-2.6074,-3.7844,-0.5497,0.0247,-3.07,0.2000,0.3561,0.0692,DRIVE,0.0000,False,0.8720
1787899287.720,FORWARD,276,-2.5784,-3.7734,-0.6082,-2.5818,-3.8002,-0.5541,0.0270,-3.10,0.2000,0.3611,0.0990,DRIVE,0.0000,False,0.9237
1787899287.794,FORWARD,276,-2.5595,-3.7867,-0.6042,-2.5818,-3.8002,-0.5541,0.0261,-2.87,0.2000,0.3330,0.1144,DRIVE,0.0000,False,0.9237
1787899287.875,FORWARD,277,-2.5455,-3.7965,-0.6028,-2.5563,-3.8160,-0.5554,0.0222,-2.72,0.2000,0.3481,0.1309,DRIVE,0.0000,False,0.9765
1787899287.954,FORWARD,277,-2.5355,-3.8061,-0.6008,-2.5563,-3.8160,-0.5554,0.0230,-2.60,0.2000,0.3315,0.1431,DRIVE,0.0000,False,0.9765
1787899288.035,FORWARD,278,-2.5154,-3.8197,-0.5922,-2.5308,-3.8318,-0.5537,0.0195,-2.21,0.2000,0.3374,0.1528,DRIVE,0.0000,False,1.0292
1787899288.118,FORWARD,279,-2.4962,-3.8321,-0.5780,-2.5052,-3.8476,-0.5491,0.0179,-1.66,0.2000,0.3447,0.1556,DRIVE,0.0000,False,1.0808
1787899288.195,FORWARD,280,-2.4718,-3.8463,-0.5639,-2.4795,-3.8631,-0.5419,0.0185,-1.26,0.2000,0.3457,0.1578,DRIVE,0.0000,False,1.1305
1787899288.279,FORWARD,280,-2.4530,-3.8563,-0.5538,-2.4795,-3.8631,-0.5419,0.0274,-0.68,0.2000,0.3192,0.1515,DRIVE,0.0000,False,1.1305
1787899288.355,FORWARD,281,-2.4363,-3.8653,-0.5449,-2.4537,-3.8785,-0.5327,0.0219,-0.70,0.2000,0.3317,0.1551,DRIVE,0.0000,False,1.1774
1787899288.436,FORWARD,282,-2.4253,-3.8736,-0.5358,-2.4278,-3.8936,-0.5217,0.0201,-0.81,0.2000,0.3508,0.1666,DRIVE,0.0000,False,1.2209
1787899288.522,FORWARD,282,-2.4100,-3.8844,-0.5208,-2.4278,-3.8936,-0.5217,0.0200,0.05,0.2000,0.3270,0.1623,DRIVE,0.0000,False,1.2209
1787899288.595,FORWARD,283,-2.3922,-3.8935,-0.5088,-2.4016,-3.9084,-0.5087,0.0176,-0.01,0.2000,0.3382,0.1680,DRIVE,0.0000,False,1.2606
1787899288.675,FORWARD,284,-2.3713,-3.9034,-0.4969,-2.3753,-3.9229,-0.4939,0.0198,-0.17,0.2000,0.3460,0.1818,DRIVE,0.0000,False,1.2960
1787899288.757,FORWARD,285,-2.3501,-3.9140,-0.4849,-2.3487,-3.9369,-0.4770,0.0229,-0.45,0.2000,0.3532,0.2033,DRIVE,0.0000,False,1.3268
1787899288.836,FORWARD,285,-2.3308,-3.9223,-0.4722,-2.3487,-3.9369,-0.4770,0.0231,0.28,0.2000,0.3264,0.2064,DRIVE,0.0000,False,1.3268
1787899288.913,FORWARD,286,-2.3097,-3.9316,-0.4536,-2.3219,-3.9504,-0.4581,0.0224,0.26,0.2000,0.3338,0.2170,DRIVE,0.0000,False,1.3527
1787899288.995,FORWARD,287,-2.2955,-3.9380,-0.4415,-2.2949,-3.9634,-0.4370,0.0254,-0.26,0.2000,0.3513,0.2391,DRIVE,0.0000,False,1.3732
1787899289.080,FORWARD,287,-2.2777,-3.9461,-0.4258,-2.2949,-3.9634,-0.4370,0.0245,0.64,0.2000,0.3256,0.2413,DRIVE,0.0000,False,1.3732
1787899289.158,FORWARD,288,-2.2583,-3.9538,-0.4086,-2.2675,-3.9758,-0.4135,0.0239,0.28,0.2000,0.3365,0.2584,DRIVE,0.0000,False,1.3878
1787899289.237,FORWARD,289,-2.2346,-3.9677,-0.3871,-2.2398,-3.9875,-0.3875,0.0205,0.02,0.2000,0.3394,0.2897,DRIVE,0.0000,False,1.3961
1787899289.315,FORWARD,290,-2.2090,-3.9764,-0.3614,-2.2119,-3.9985,-0.3587,0.0223,-0.15,0.2000,0.3429,0.3211,DRIVE,0.0000,False,1.3976
1787899289.395,FORWARD,290,-2.1884,-3.9804,-0.3473,-2.2119,-3.9985,-0.3587,0.0297,0.65,0.2000,0.3155,0.3302,DRIVE,0.0000,False,1.3976
1787899289.477,FORWARD,291,-2.1735,-3.9852,-0.3204,-2.1836,-4.0086,-0.3270,0.0255,0.38,0.2000,0.3330,0.3463,DRIVE,0.0000,False,1.3920
1787899289.555,FORWARD,292,-2.1576,-3.9915,-0.2997,-2.1550,-4.0178,-0.2921,0.0264,-0.43,0.2000,0.3506,0.3787,DRIVE,0.0000,False,1.3790
1787899289.637,FORWARD,292,-2.1403,-3.9977,-0.2716,-2.1550,-4.0178,-0.2921,0.0248,1.18,0.2000,0.3237,0.3762,DRIVE,0.0000,False,1.3790
1787899289.715,FORWARD,293,-2.1162,-4.0032,-0.2459,-2.1261,-4.0259,-0.2538,0.0248,0.45,0.2000,0.3322,0.3990,DRIVE,0.0000,False,1.3587
1787899289.796,FORWARD,294,-2.0944,-4.0067,-0.2179,-2.0969,-4.0328,-0.2118,0.0263,-0.35,0.2331,0.3508,0.4241,DRIVE,0.0000,False,1.3318
1787899289.875,FORWARD,294,-2.0786,-4.0106,-0.1884,-2.0969,-4.0328,-0.2118,0.0287,1.34,0.3189,0.3423,0.3959,DRIVE,0.0000,False,1.3318
1787899289.961,FORWARD,295,-2.0614,-4.0133,-0.1536,-2.0674,-4.0385,-0.1661,0.0259,0.72,0.4485,0.3848,0.3624,DRIVE,0.0000,False,1.2990
1787899290.035,FORWARD,296,-2.0449,-4.0156,-0.1301,-2.0376,-4.0427,-0.1164,0.0281,-0.79,0.4824,0.4122,0.3625,DRIVE,0.0000,False,1.2618
1787899290.120,FORWARD,297,-2.0223,-4.0142,-0.0864,-2.0077,-4.0454,-0.0628,0.0345,-1.35,0.6000,0.7335,0.4601,DRIVE,0.0000,False,1.2218
1787899290.195,FORWARD,297,-2.0008,-4.0150,-0.0521,-2.0077,-4.0454,-0.0628,0.0312,0.61,0.6000,0.7032,0.4684,DRIVE,0.0000,False,1.2218
1787899290.280,FORWARD,298,-1.9736,-4.0165,-0.0179,-1.9777,-4.0464,-0.0065,0.0302,-0.66,0.6000,0.7085,0.4853,DRIVE,0.0000,False,1.1809
1787899290.354,FORWARD,299,-1.9415,-4.0172,0.0387,-1.9477,-4.0458,0.0488,0.0293,-0.58,0.6000,0.7054,0.4817,DRIVE,0.0000,False,1.1411
1787899290.434,FORWARD,300,-1.9113,-4.0147,0.0860,-1.9178,-4.0435,0.1028,0.0295,-0.96,0.6000,0.7054,0.4768,DRIVE,0.0000,False,1.1042
1787899290.515,FORWARD,301,-1.8701,-4.0078,0.1719,-1.8880,-4.0396,0.1552,0.0365,0.96,0.6000,0.6868,0.4316,DRIVE,0.0000,False,1.0718
1787899290.601,FORWARD,303,-1.8295,-3.9954,0.2534,-1.8292,-4.0274,0.2552,0.0319,-0.10,0.6000,0.7088,0.3994,DRIVE,0.0000,False,1.0246
1787899290.685,FORWARD,305,-1.7808,-3.9757,0.3337,-1.7719,-4.0095,0.3486,0.0350,-0.85,0.6000,0.7172,0.3721,DRIVE,0.0000,False,1.0020
1787899290.755,FORWARD,306,-1.7423,-3.9590,0.3908,-1.7439,-3.9986,0.3930,0.0397,-0.12,0.6000,0.7006,0.3416,DRIVE,0.0000,False,0.9985
1787899290.833,FORWARD,308,-1.7034,-3.9432,0.4756,-1.6895,-3.9733,0.4775,0.0332,-0.11,0.6000,0.7194,0.3018,DRIVE,0.0000,False,1.0006
1787899290.918,FORWARD,310,-1.6677,-3.9222,0.5428,-1.6373,-3.9436,0.5572,0.0372,-0.83,0.6000,0.7398,0.2651,DRIVE,0.0000,False,1.0051
1787899290.994,FORWARD,311,-1.6290,-3.8909,0.5981,-1.6121,-3.9272,0.5954,0.0400,0.15,0.6000,0.7124,0.2143,DRIVE,0.0000,False,1.0053
1787899291.078,FORWARD,313,-1.5985,-3.8660,0.6504,-1.5637,-3.8917,0.6695,0.0433,-1.09,0.6000,0.7340,0.1662,DRIVE,0.0000,False,0.9983
1787899291.155,FORWARD,314,-1.5654,-3.8403,0.7027,-1.5405,-3.8726,0.7055,0.0408,-0.16,0.6000,0.7151,0.1020,DRIVE,0.0000,False,0.9912
1787899291.237,FORWARD,315,-1.5275,-3.8094,0.7428,-1.5180,-3.8527,0.7396,0.0444,0.19,0.6000,0.6888,0.0404,DRIVE,0.0000,False,0.9821
1787899291.315,FORWARD,317,-1.4858,-3.7685,0.7767,-1.4747,-3.8110,0.7918,0.0440,-0.86,0.6000,0.6869,-0.0309,DRIVE,0.0000,False,0.9609
1787899291.394,FORWARD,319,-1.4586,-3.7378,0.7906,-1.4333,-3.7676,0.8234,0.0390,-1.88,0.6000,0.7080,-0.1038,DRIVE,0.0000,False,0.9400
1787899291.481,FORWARD,320,-1.4324,-3.7083,0.8031,-1.4130,-3.7455,0.8317,0.0419,-1.64,0.6000,0.6956,-0.1735,DRIVE,0.0000,False,0.9306
1787899291.555,FORWARD,322,-1.3973,-3.6800,0.7983,-1.3726,-3.7010,0.8336,0.0324,-2.02,0.6000,0.7147,-0.2437,DRIVE,0.0000,False,0.9125
1787899291.638,FORWARD,324,-1.3638,-3.6528,0.7873,-1.3319,-3.6568,0.8148,0.0322,-1.58,0.6000,0.7388,-0.3240,DRIVE,0.0000,False,0.8902
1787899291.717,FORWARD,326,-1.3312,-3.6149,0.7450,-1.2899,-3.6139,0.7733,0.0413,-1.62,0.6000,0.7500,-0.4018,DRIVE,0.0000,False,0.8559
1787899291.797,FORWARD,328,-1.2970,-3.5823,0.6997,-1.2456,-3.5733,0.7057,0.0521,-0.35,0.6000,0.7500,-0.4793,DRIVE,0.0000,False,0.8041
1787899291.880,FORWARD,329,-1.2584,-3.5542,0.6521,-1.2223,-3.5543,0.6609,0.0360,-0.50,0.6000,0.7500,-0.5023,DRIVE,0.0000,False,0.7715
1787899291.958,FORWARD,330,-1.2266,-3.5351,0.5818,-1.1982,-3.5365,0.6082,0.0284,-1.51,0.6000,0.7500,-0.4723,DRIVE,0.0000,False,0.7352
1787899292.037,FORWARD,331,-1.1925,-3.5116,0.5062,-1.1730,-3.5201,0.5476,0.0212,-2.37,0.6000,0.7431,-0.4215,DRIVE,0.0000,False,0.6964
1787899292.118,FORWARD,333,-1.1470,-3.4851,0.4394,-1.1200,-3.4920,0.4288,0.0279,0.61,0.6000,0.7500,-0.3910,DRIVE,0.0000,False,0.6168
1787899292.199,FORWARD,334,-1.1068,-3.4680,0.3651,-1.0923,-3.4803,0.3777,0.0189,-0.72,0.6000,0.7388,-0.3193,DRIVE,0.0000,False,0.5792
1787899292.278,FORWARD,336,-1.0672,-3.4534,0.2915,-1.0356,-3.4606,0.2935,0.0324,-0.11,0.6000,0.7500,-0.2333,DRIVE,0.0000,False,0.5153
1787899292.358,FORWARD,337,-1.0299,-3.4394,0.2347,-1.0067,-3.4524,0.2602,0.0266,-1.46,0.6000,0.7477,-0.1471,DRIVE,0.0000,False,0.4911
1787899292.438,FORWARD,338,-0.9890,-3.4255,0.1763,-0.9776,-3.4451,0.2326,0.0227,-3.22,0.6000,0.7322,-0.0546,DRIVE,0.0000,False,0.4728
1787899292.516,FORWARD,340,-0.9290,-3.4143,0.1285,-0.9189,-3.4325,0.1930,0.0208,-3.69,0.5228,0.4096,-0.0006,DRIVE,0.0000,False,0.4545
1787899292.597,FORWARD,341,-0.8889,-3.4083,0.1115,-0.8893,-3.4269,0.1804,0.0187,-3.95,0.5075,0.3946,0.0510,DRIVE,0.0000,False,0.4539
1787899292.678,FORWARD,343,-0.8381,-3.4043,0.0920,-0.8302,-3.4166,0.1687,0.0146,-4.39,0.4713,0.4022,0.1220,DRIVE,0.0000,False,0.4668
1787899292.757,FORWARD,345,-0.7833,-3.3992,0.1086,-0.7710,-3.4064,0.1737,0.0143,-3.73,0.4393,0.4034,0.1675,DRIVE,0.0000,False,0.4933
1787899292.836,FORWARD,346,-0.7457,-3.3941,0.1082,-0.7414,-3.4011,0.1822,0.0082,-4.24,0.4115,0.3908,0.2095,DRIVE,0.0000,False,0.5096
1787899292.915,FORWARD,347,-0.7147,-3.3883,0.1296,-0.7119,-3.3955,0.1924,0.0078,-3.60,0.3892,0.3841,0.2202,DRIVE,0.0000,False,0.5272
1787899292.996,FORWARD,348,-0.6884,-3.3839,0.1424,-0.6825,-3.3896,0.2030,0.0082,-3.47,0.3711,0.3848,0.2262,DRIVE,0.0000,False,0.5456
1787899293.077,FORWARD,348,-0.6666,-3.3791,0.1706,-0.6825,-3.3896,0.2030,0.0190,-1.86,0.6000,0.6972,0.2226,DRIVE,0.0000,False,0.5456
1787899293.158,FORWARD,349,-0.6476,-3.3783,0.1790,-0.6531,-3.3834,0.2139,0.0075,-2.00,0.6000,0.7118,0.2293,DRIVE,0.0000,False,0.5644
1787899293.234,FORWARD,350,-0.6268,-3.3758,0.2023,-0.6238,-3.3769,0.2251,0.0032,-1.31,0.6000,0.7219,0.2211,DRIVE,0.0000,False,0.5835
1787899293.320,FORWARD,351,-0.5949,-3.3661,0.2256,-0.5945,-3.3700,0.2367,0.0039,-0.64,0.5494,0.4036,0.1610,DRIVE,0.0000,False,0.6028
1787899293.395,FORWARD,352,-0.5594,-3.3571,0.2642,-0.5654,-3.3628,0.2487,0.0083,0.89,0.5256,0.3896,0.1053,DRIVE,0.0000,False,0.6222
1787899293.480,FORWARD,354,-0.5229,-3.3429,0.2967,-0.5074,-3.3473,0.2738,0.0161,1.31,0.6000,0.7318,0.1219,DRIVE,0.0000,False,0.6611
1787899293.559,FORWARD,355,-0.4874,-3.3267,0.3191,-0.4785,-3.3390,0.2870,0.0151,1.83,0.6000,0.7216,0.1147,DRIVE,0.0000,False,0.6804
1787899293.634,FORWARD,356,-0.4613,-3.3176,0.3278,-0.4497,-3.3303,0.3007,0.0172,1.55,0.5407,0.4109,0.0556,DRIVE,0.0000,False,0.6996
1787899293.716,FORWARD,357,-0.4240,-3.3079,0.3459,-0.4211,-3.3212,0.3148,0.0136,1.78,0.5016,0.3932,0.0322,DRIVE,0.0000,False,0.7186
1787899293.795,FORWARD,358,-0.3938,-3.2998,0.3588,-0.3926,-3.3117,0.3294,0.0119,1.68,0.4894,0.3896,0.0287,DRIVE,0.0000,False,0.7371
1787899293.880,FORWARD,360,-0.3567,-3.2783,0.3744,-0.3361,-3.2914,0.3601,0.0244,0.82,0.4631,0.4068,0.0376,DRIVE,0.0000,False,0.7726
1787899293.956,FORWARD,361,-0.3251,-3.2564,0.3746,-0.3081,-3.2806,0.3763,0.0295,-0.09,0.4407,0.3947,0.0561,DRIVE,0.0000,False,0.7893
1787899294.034,FORWARD,362,-0.2970,-3.2471,0.3844,-0.2802,-3.2693,0.3930,0.0278,-0.49,0.4213,0.3919,0.0805,DRIVE,0.0000,False,0.8051
1787899294.123,FORWARD,362,-0.2744,-3.2416,0.3856,-0.2802,-3.2693,0.3930,0.0283,-0.42,0.4003,0.3603,0.1049,DRIVE,0.0000,False,0.8051
1787899294.196,FORWARD,363,-0.2520,-3.2345,0.3987,-0.2526,-3.2576,0.4103,0.0231,-0.66,0.3838,0.3653,0.1279,DRIVE,0.0000,False,0.8201
1787899294.276,FORWARD,364,-0.2227,-3.2162,0.4019,-0.2252,-3.2454,0.4282,0.0293,-1.51,0.3670,0.3586,0.1582,DRIVE,0.0000,False,0.8342
1787899294.355,FORWARD,365,-0.2020,-3.2081,0.4091,-0.1980,-3.2326,0.4468,0.0249,-2.16,0.3558,0.3668,0.1910,DRIVE,0.0000,False,0.8474
1787899294.434,FORWARD,366,-0.1821,-3.2000,0.4148,-0.1710,-3.2194,0.4659,0.0224,-2.93,0.3391,0.3756,0.2279,DRIVE,0.0000,False,0.8596
1787899294.514,FORWARD,366,-0.1668,-3.1944,0.4293,-0.1710,-3.2194,0.4659,0.0254,-2.10,0.3274,0.3522,0.2388,DRIVE,0.0000,False,0.8596
1787899294.595,FORWARD,367,-0.1469,-3.1840,0.4479,-0.1443,-3.2056,0.4858,0.0218,-2.17,0.3140,0.3587,0.2480,DRIVE,0.0000,False,0.8707
1787899294.679,FORWARD,368,-0.1266,-3.1731,0.4668,-0.1179,-3.1914,0.5063,0.0203,-2.26,0.3016,0.3646,0.2570,DRIVE,0.0000,False,0.8807
1787899294.754,FORWARD,368,-0.1061,-3.1603,0.4865,-0.1179,-3.1914,0.5063,0.0333,-1.13,0.2932,0.3317,0.2477,DRIVE,0.0000,False,0.8807
1787899294.836,FORWARD,369,-0.0843,-3.1513,0.5077,-0.0918,-3.1765,0.5274,0.0263,-1.13,0.2773,0.3365,0.2498,DRIVE,0.0000,False,0.8895
1787899294.914,FORWARD,370,-0.0581,-3.1375,0.5286,-0.0660,-3.1611,0.5493,0.0250,-1.19,0.2671,0.3349,0.2591,DRIVE,0.0000,False,0.8970
1787899294.994,FORWARD,371,-0.0453,-3.1282,0.5460,-0.0406,-3.1451,0.5719,0.0176,-1.48,0.2629,0.3515,0.2669,DRIVE,0.0000,False,0.9027
1787899295.074,FORWARD,371,-0.0311,-3.1187,0.5680,-0.0406,-3.1451,0.5719,0.0281,-0.22,0.2527,0.3265,0.2529,DRIVE,0.0000,False,0.9027
1787899295.156,FORWARD,372,-0.0175,-3.1064,0.5807,-0.0155,-3.1286,0.5952,0.0223,-0.83,0.2459,0.3406,0.2549,DRIVE,0.0000,False,0.9066
1787899295.235,FORWARD,373,-0.0008,-3.0966,0.6071,0.0092,-3.1115,0.6192,0.0179,-0.69,0.2368,0.3511,0.2545,DRIVE,0.0000,False,0.9081
1787899295.315,FORWARD,374,0.0206,-3.0800,0.6322,0.0334,-3.0937,0.6439,0.0188,-0.67,0.2308,0.3531,0.2555,DRIVE,0.0000,False,0.9070
1787899295.396,FORWARD,375,0.0394,-3.0655,0.6531,0.0572,-3.0754,0.6693,0.0204,-0.93,0.2236,0.3595,0.2625,DRIVE,0.0000,False,0.9029
1787899295.477,FORWARD,375,0.0515,-3.0563,0.6698,0.0572,-3.0754,0.6693,0.0200,0.03,0.2139,0.3375,0.2544,DRIVE,0.0000,False,0.9029
1787899295.555,FORWARD,376,0.0652,-3.0437,0.6948,0.0805,-3.0565,0.6953,0.0199,-0.03,0.2070,0.3497,0.2487,DRIVE,0.0000,False,0.8955
1787899295.640,FORWARD,377,0.0852,-3.0254,0.7225,0.1033,-3.0369,0.7220,0.0215,0.02,0.2016,0.3518,0.2454,DRIVE,0.0000,False,0.8848
1787899295.714,FORWARD,378,0.1106,-3.0093,0.7437,0.1256,-3.0168,0.7494,0.0167,-0.33,0.2000,0.3523,0.2590,DRIVE,0.0000,False,0.8707
1787899295.798,FORWARD,379,0.1248,-2.9923,0.7691,0.1473,-2.9960,0.7773,0.0227,-0.47,0.2000,0.3617,0.2637,DRIVE,0.0000,False,0.8538
1787899295.873,FORWARD,379,0.1362,-2.9743,0.7940,0.1473,-2.9960,0.7773,0.0244,0.95,0.2000,0.3337,0.2400,DRIVE,0.0000,False,0.8538
1787899295.955,FORWARD,380,0.1456,-2.9564,0.8091,0.1684,-2.9747,0.8058,0.0292,0.19,0.2000,0.3475,0.2335,DRIVE,0.0000,False,0.8345
1787899296.036,FORWARD,381,0.1582,-2.9459,0.8407,0.1889,-2.9527,0.8348,0.0313,0.34,0.2000,0.3629,0.2228,DRIVE,0.0000,False,0.8137
1787899296.113,FORWARD,382,0.1779,-2.9297,0.8553,0.2087,-2.9301,0.8642,0.0308,-0.51,0.2000,0.3698,0.2372,DRIVE,0.0000,False,0.7923
1787899296.197,FORWARD,382,0.1888,-2.9183,0.8702,0.2087,-2.9301,0.8642,0.0231,0.34,0.2000,0.3491,0.2345,DRIVE,0.0000,False,0.7923
1787899296.285,FORWARD,383,0.2026,-2.8997,0.8908,0.2278,-2.9070,0.8938,0.0263,-0.17,0.6000,0.7306,0.2488,DRIVE,0.0000,False,0.7714
1787899296.357,FORWARD,384,0.2174,-2.8731,0.9291,0.2463,-2.8833,0.9230,0.0307,0.35,0.6000,0.7303,0.2329,DRIVE,0.0000,False,0.7521
1787899296.435,FORWARD,385,0.2320,-2.8481,0.9431,0.2641,-2.8591,0.9519,0.0339,-0.50,0.6000,0.7323,0.2368,DRIVE,0.0000,False,0.7353
1787899296.518,FORWARD,386,0.2490,-2.8277,0.9675,0.2812,-2.8344,0.9806,0.0329,-0.75,0.6000,0.7364,0.2416,DRIVE,0.0000,False,0.7220
1787899296.596,FORWARD,387,0.2675,-2.7972,1.0052,0.2975,-2.8092,1.0090,0.0324,-0.22,0.6000,0.7279,0.2294,DRIVE,0.0000,False,0.7125
1787899296.674,FORWARD,388,0.2913,-2.7487,1.0485,0.3131,-2.7836,1.0373,0.0412,0.64,0.6000,0.6972,0.2070,DRIVE,0.0000,False,0.7074
1787899296.756,FORWARD,390,0.3222,-2.6919,1.0930,0.3422,-2.7310,1.0934,0.0440,-0.02,0.6000,0.6907,0.2082,DRIVE,0.0000,False,0.7100
1787899296.834,FORWARD,392,0.3460,-2.6452,1.1382,0.3683,-2.6769,1.1492,0.0388,-0.63,0.6000,0.6984,0.2118,DRIVE,0.0000,False,0.7279
1787899296.917,FORWARD,393,0.3604,-2.5995,1.1736,0.3802,-2.6494,1.1771,0.0537,-0.20,0.6000,0.6749,0.1982,DRIVE,0.0000,False,0.7414
1787899296.994,FORWARD,395,0.3687,-2.5708,1.2112,0.4017,-2.5933,1.2330,0.0399,-1.25,0.6000,0.7089,0.1836,DRIVE,0.0000,False,0.7751
1787899297.079,FORWARD,396,0.3798,-2.5388,1.2405,0.4113,-2.5648,1.2611,0.0408,-1.18,0.6000,0.7022,0.1645,DRIVE,0.0000,False,0.7947
1787899297.158,FORWARD,397,0.3970,-2.5038,1.2747,0.4200,-2.5361,1.2893,0.0396,-0.83,0.6000,0.6894,0.1434,DRIVE,0.0000,False,0.8160
1787899297.234,FORWARD,399,0.4122,-2.4587,1.3110,0.4351,-2.4780,1.3457,0.0299,-1.99,0.6000,0.7009,0.1148,DRIVE,0.0000,False,0.8635
1787899297.315,FORWARD,401,0.4227,-2.3953,1.3485,0.4470,-2.4191,1.3915,0.0340,-2.46,0.6000,0.6910,0.0583,DRIVE,0.0000,False,0.9183
1787899297.396,FORWARD,402,0.4245,-2.3628,1.3687,0.4521,-2.3895,1.4086,0.0385,-2.29,0.6000,0.6855,0.0013,DRIVE,0.0000,False,0.9485
1787899297.475,FORWARD,404,0.4300,-2.3184,1.3936,0.4611,-2.3301,1.4318,0.0332,-2.19,0.6000,0.7003,-0.0748,DRIVE,0.0000,False,1.0127
1787899297.558,FORWARD,406,0.4370,-2.2737,1.4025,0.4691,-2.2706,1.4403,0.0322,-2.17,0.6000,0.7163,-0.1506,DRIVE,0.0000,False,1.0768
1787899297.634,FORWARD,407,0.4445,-2.2281,1.4102,0.4730,-2.2408,1.4389,0.0312,-1.65,0.6000,0.6956,-0.2183,DRIVE,0.0000,False,1.1058
1787899297.717,FORWARD,409,0.4508,-2.1804,1.3917,0.4812,-2.1813,1.4247,0.0305,-1.89,0.6000,0.7109,-0.2834,DRIVE,0.0000,False,1.1507
1787899297.796,FORWARD,411,0.4628,-2.1395,1.3700,0.4908,-2.1220,1.3941,0.0330,-1.38,0.6000,0.7348,-0.3446,DRIVE,0.0000,False,1.1701
1787899297.880,FORWARD,412,0.4750,-2.0956,1.3331,0.4964,-2.0925,1.3721,0.0216,-2.23,0.6000,0.7166,-0.3693,DRIVE,0.0000,False,1.1685
1787899297.959,FORWARD,414,0.4867,-2.0539,1.2832,0.5099,-2.0340,1.3133,0.0306,-1.72,0.6000,0.7415,-0.3980,DRIVE,0.0000,False,1.1436
1787899298.047,FORWARD,416,0.4955,-2.0118,1.2191,0.5274,-1.9765,1.2343,0.0475,-0.87,0.6000,0.7500,-0.4221,DRIVE,0.0000,False,1.0959
1787899298.117,FORWARD,417,0.5142,-1.9548,1.1678,0.5379,-1.9484,1.1916,0.0245,-1.36,0.6000,0.7333,-0.4316,DRIVE,0.0000,False,1.0672
1787899298.199,FORWARD,419,0.5265,-1.9181,1.0954,0.5625,-1.8936,1.1056,0.0435,-0.58,0.6000,0.7500,-0.4349,DRIVE,0.0000,False,1.0083
1787899298.281,FORWARD,420,0.5454,-1.8971,1.0437,0.5765,-1.8671,1.0624,0.0432,-1.07,0.6000,0.7500,-0.4088,DRIVE,0.0000,False,0.9811
1787899298.365,FORWARD,421,0.5664,-1.8642,0.9516,0.5917,-1.8412,1.0192,0.0342,-3.88,0.6000,0.7500,-0.3345,DRIVE,0.0000,False,0.9568
1787899298.441,FORWARD,422,0.5933,-1.8292,0.9203,0.6080,-1.8159,0.9762,0.0198,-3.20,0.6000,0.7418,-0.3171,DRIVE,0.0000,False,0.9360
1787899298.520,FORWARD,424,0.6213,-1.7734,0.8361,0.6437,-1.7677,0.8906,0.0232,-3.13,0.6000,0.7441,-0.3098,DRIVE,0.0000,False,0.9063
1787899298.601,FORWARD,426,0.6535,-1.7211,0.7747,0.6834,-1.7226,0.8064,0.0300,-1.82,0.6000,0.7485,-0.3263,DRIVE,0.0000,False,0.8913
1787899298.680,FORWARD,427,0.6910,-1.6943,0.7261,0.7047,-1.7014,0.7650,0.0154,-2.23,0.6000,0.7292,-0.3077,DRIVE,0.0000,False,0.8885
1787899298.755,FORWARD,428,0.7176,-1.6794,0.6517,0.7267,-1.6811,0.7241,0.0093,-4.15,0.6000,0.7264,-0.2356,DRIVE,0.0000,False,0.8884
1787899298.841,FORWARD,429,0.7481,-1.6646,0.5894,0.7496,-1.6616,0.6837,0.0034,-5.40,0.6000,0.7210,-0.1540,DRIVE,0.0000,False,0.8907
1787899298.913,FORWARD,431,0.7908,-1.6370,0.5317,0.7977,-1.6256,0.6047,0.0133,-4.18,0.6000,0.7303,-0.0929,DRIVE,0.0000,False,0.9026
1787899298.998,FORWARD,433,0.8477,-1.5949,0.4928,0.8483,-1.5933,0.5303,0.0017,-2.15,0.6000,0.7155,-0.0577,DRIVE,0.0000,False,0.9253
1787899299.079,FORWARD,435,0.8838,-1.5676,0.4638,0.9010,-1.5645,0.4746,0.0175,-0.61,0.5196,0.4198,-0.0841,DRIVE,0.0000,False,0.9611
1787899299.157,FORWARD,436,0.9160,-1.5485,0.4559,0.9279,-1.5511,0.4541,0.0121,0.10,0.4989,0.4068,-0.0973,DRIVE,0.0000,False,0.9842
1787899299.236,FORWARD,437,0.9569,-1.5317,0.4317,0.9550,-1.5381,0.4384,0.0067,-0.38,0.4463,0.3800,-0.0685,DRIVE,0.0000,False,1.0107
1787899299.317,FORWARD,439,1.0157,-1.5177,0.4199,1.0096,-1.5132,0.4201,0.0075,-0.01,0.4122,0.3732,-0.0066,DRIVE,0.0000,False,1.0719
1787899299.405,FORWARD,440,1.0486,-1.5094,0.4141,1.0371,-1.5010,0.4173,0.0143,-0.19,0.3966,0.3656,0.0571,DRIVE,0.0000,False,1.1050
1787899299.479,FORWARD,441,1.0805,-1.4901,0.4060,1.0645,-1.4888,0.4188,0.0161,-0.73,0.3752,0.3536,0.1200,DRIVE,0.0000,False,1.1385
1787899299.556,FORWARD,442,1.1096,-1.4735,0.4071,1.0919,-1.4765,0.4245,0.0179,-0.99,0.3530,0.3462,0.1792,DRIVE,0.0000,False,1.1712
1787899299.634,FORWARD,443,1.1297,-1.4583,0.4123,1.1192,-1.4640,0.4345,0.0120,-1.28,0.3391,0.3513,0.2306,DRIVE,0.0000,False,1.2020
1787899299.715,FORWARD,444,1.1484,-1.4478,0.4182,1.1464,-1.4512,0.4491,0.0040,-1.77,0.3252,0.3610,0.2845,DRIVE,0.0000,False,1.2301
1787899299.794,FORWARD,444,1.1627,-1.4419,0.4366,1.1464,-1.4512,0.4491,0.0188,-0.71,0.3126,0.3376,0.3010,DRIVE,0.0000,False,1.2301
1787899299.876,FORWARD,445,1.1789,-1.4254,0.4546,1.1733,-1.4379,0.4683,0.0137,-0.78,0.3045,0.3471,0.3195,DRIVE,0.0000,False,1.2546
1787899299.956,FORWARD,446,1.1944,-1.4225,0.4718,1.2000,-1.4240,0.4925,0.0058,-1.19,0.2863,0.3636,0.3551,DRIVE,0.0000,False,1.2751
1787899300.037,FORWARD,446,1.2092,-1.4158,0.4968,1.2000,-1.4240,0.4925,0.0124,0.24,0.2737,0.3381,0.3564,DRIVE,0.0000,False,1.2751
1787899300.123,FORWARD,447,1.2312,-1.4023,0.5213,1.2262,-1.4095,0.5220,0.0087,-0.04,0.2598,0.3424,0.3762,DRIVE,0.0000,False,1.2914
1787899300.194,FORWARD,448,1.2546,-1.3912,0.5486,1.2520,-1.3940,0.5571,0.0038,-0.49,0.2477,0.3474,0.4070,DRIVE,0.0000,False,1.3035
1787899300.275,FORWARD,449,1.2737,-1.3777,0.5775,1.2771,-1.3777,0.5980,0.0034,-1.17,0.2320,0.3544,0.4368,DRIVE,0.0000,False,1.3117
1787899300.360,FORWARD,449,1.2847,-1.3632,0.6062,1.2771,-1.3777,0.5980,0.0163,0.47,0.2257,0.3277,0.4236,DRIVE,0.0000,False,1.3117
1787899300.434,FORWARD,450,1.2968,-1.3553,0.6342,1.3016,-1.3602,0.6410,0.0069,-0.39,0.2070,0.3450,0.4285,DRIVE,0.0000,False,1.3165
1787899300.516,FORWARD,451,1.3206,-1.3593,0.6657,1.3253,-1.3418,0.6840,0.0181,-1.05,0.2000,0.3619,0.4563,DRIVE,0.0000,False,1.3184
1787899300.594,FORWARD,451,1.3352,-1.3587,0.6811,1.3253,-1.3418,0.6840,0.0197,-0.17,0.2000,0.3458,0.4683,DRIVE,0.0000,False,1.3184
1787899300.679,FORWARD,452,1.3543,-1.3367,0.7338,1.3481,-1.3223,0.7270,0.0157,0.39,0.2000,0.3463,0.4548,DRIVE,0.0000,False,1.3181
1787899300.755,FORWARD,453,1.3674,-1.3093,0.7597,1.3701,-1.3018,0.7698,0.0079,-0.58,0.2000,0.3516,0.4532,DRIVE,0.0000,False,1.3161
1787899300.836,FORWARD,454,1.3815,-1.2801,0.8091,1.3913,-1.2805,0.8124,0.0097,-0.19,0.2000,0.3494,0.4311,DRIVE,0.0000,False,1.3129
1787899300.918,FORWARD,454,1.3891,-1.2744,0.8336,1.3913,-1.2805,0.8124,0.0064,1.21,0.2000,0.3349,0.3985,DRIVE,0.0000,False,1.3129
1787899300.996,FORWARD,455,1.4050,-1.2663,0.8839,1.4114,-1.2583,0.8547,0.0103,1.67,0.2000,0.3502,0.3691,DRIVE,0.0000,False,1.3088
1787899301.077,FORWARD,456,1.4219,-1.2537,0.9071,1.4307,-1.2352,0.8968,0.0205,0.59,0.2000,0.3648,0.3749,DRIVE,0.0000,False,1.3042
1787899301.157,FORWARD,457,1.4407,-1.2348,0.9455,1.4489,-1.2113,0.9385,0.0249,0.40,0.2000,0.3699,0.3808,DRIVE,0.0000,False,1.2992
1787899301.239,FORWARD,457,1.4517,-1.2100,0.9688,1.4489,-1.2113,0.9385,0.0031,1.74,0.2000,0.3350,0.3650,DRIVE,0.0000,False,1.2992
1787899301.314,FORWARD,458,1.4564,-1.1796,1.0125,1.4662,-1.1868,0.9798,0.0121,1.87,0.2000,0.3371,0.3364,DRIVE,0.0000,False,1.2940
1787899301.393,FORWARD,459,1.4631,-1.1546,1.0540,1.4824,-1.1615,1.0208,0.0205,1.90,0.2000,0.3427,0.3081,DRIVE,0.0000,False,1.2885
1787899301.480,FORWARD,460,1.4732,-1.1370,1.0829,1.4976,-1.1356,1.0615,0.0244,1.23,0.2000,0.3555,0.3005,DRIVE,0.0000,False,1.2829
1787899301.554,FORWARD,461,1.4857,-1.1294,1.1028,1.5117,-1.1091,1.1017,0.0330,0.06,0.2097,0.3802,0.3163,DRIVE,0.0000,False,1.2772
1787899301.636,FORWARD,461,1.4968,-1.1230,1.1240,1.5117,-1.1091,1.1017,0.0204,1.28,0.2320,0.3687,0.3086,DRIVE,0.0000,False,1.2772
1787899301.714,FORWARD,462,1.5114,-1.1007,1.1621,1.5247,-1.0820,1.1416,0.0229,1.17,0.2448,0.3754,0.3049,DRIVE,0.0000,False,1.2713
1787899301.795,FORWARD,463,1.5172,-1.0746,1.1822,1.5367,-1.0545,1.1812,0.0280,0.06,0.2614,0.3851,0.3138,DRIVE,0.0000,False,1.2654
1787899301.877,FORWARD,464,1.5199,-1.0421,1.2191,1.5475,-1.0265,1.2205,0.0318,-0.08,0.2924,0.3888,0.3033,DRIVE,0.0000,False,1.2595
1787899301.954,FORWARD,465,1.5230,-1.0114,1.2530,1.5573,-0.9981,1.2595,0.0367,-0.37,0.3291,0.3951,0.2878,DRIVE,0.0000,False,1.2536
1787899302.036,FORWARD,465,1.5312,-0.9948,1.2724,1.5573,-0.9981,1.2595,0.0263,0.74,0.4053,0.3843,0.2569,DRIVE,0.0000,False,1.2536
1787899302.114,FORWARD,466,1.5440,-0.9738,1.3162,1.5659,-0.9693,1.2983,0.0223,1.03,0.4824,0.4047,0.2244,DRIVE,0.0000,False,1.2478
1787899302.195,FORWARD,467,1.5524,-0.9570,1.3320,1.5734,-0.9402,1.3368,0.0269,-0.28,0.4797,0.4206,0.2333,DRIVE,0.0000,False,1.2420
1787899302.274,FORWARD,467,1.5556,-0.9366,1.3559,1.5734,-0.9402,1.3368,0.0182,1.09,0.5469,0.4052,0.2058,DRIVE,0.0000,False,1.2420
1787899302.355,FORWARD,468,1.5575,-0.9090,1.3824,1.5798,-0.9109,1.3752,0.0224,0.41,0.5283,0.4057,0.2034,DRIVE,0.0000,False,1.2364
1787899302.436,FORWARD,469,1.5593,-0.8820,1.4085,1.5851,-0.8813,1.4135,0.0258,-0.29,0.5063,0.4059,0.2158,DRIVE,0.0000,False,1.2310
1787899302.513,FORWARD,470,1.5619,-0.8492,1.4350,1.5892,-0.8516,1.4517,0.0274,-0.96,0.4880,0.3995,0.2387,DRIVE,0.0000,False,1.2257
1787899302.598,FORWARD,470,1.5692,-0.8263,1.4563,1.5892,-0.8516,1.4517,0.0322,0.26,0.4685,0.3644,0.2486,DRIVE,0.0000,False,1.2257
1787899302.689,FORWARD,471,1.5722,-0.8010,1.4838,1.5922,-0.8217,1.4899,0.0288,-0.35,0.4464,0.3661,0.2698,DRIVE,0.0000,False,1.2207
1787899302.755,FORWARD,472,1.5699,-0.7747,1.4981,1.5941,-0.7917,1.5280,0.0295,-1.71,0.4365,0.3718,0.3047,DRIVE,0.0000,False,1.2159
1787899302.836,FORWARD,472,1.5685,-0.7496,1.5296,1.5941,-0.7917,1.5280,0.0493,0.09,0.4101,0.3318,0.3037,DRIVE,0.0000,False,1.2159
1787899302.913,FORWARD,473,1.5680,-0.7200,1.5645,1.5948,-0.7617,1.5662,0.0496,-0.10,0.3908,0.3281,0.3122,DRIVE,0.0000,False,1.2113
1787899302.994,FORWARD,474,1.5685,-0.6966,1.5925,1.5944,-0.7317,1.6045,0.0436,-0.69,0.3781,0.3344,0.3303,DRIVE,0.0000,False,1.2071
1787899303.074,FORWARD,475,1.5656,-0.6737,1.6068,1.5928,-0.7017,1.6428,0.0390,-2.06,0.3683,0.3443,0.3654,DRIVE,0.0000,False,1.2032
1787899303.156,FORWARD,475,1.5647,-0.6598,1.6373,1.5928,-0.7017,1.6428,0.0505,-0.32,0.3517,0.3190,0.3603,DRIVE,0.0000,False,1.2032
1787899303.236,FORWARD,476,1.5639,-0.6441,1.6554,1.5900,-0.6718,1.6813,0.0381,-1.49,0.3405,0.3368,0.3773,DRIVE,0.0000,False,1.1997
1787899303.318,FORWARD,477,1.5652,-0.6217,1.6974,1.5862,-0.6420,1.7199,0.0291,-1.29,0.3238,0.3417,0.3860,DRIVE,0.0000,False,1.1966
1787899303.396,FORWARD,478,1.5613,-0.5921,1.7219,1.5811,-0.6124,1.7587,0.0284,-2.11,0.3071,0.3411,0.4122,DRIVE,0.0000,False,1.1940
1787899303.479,FORWARD,479,1.5561,-0.5734,1.7429,1.5749,-0.5830,1.7976,0.0211,-3.14,0.2974,0.3545,0.4401,DRIVE,0.0000,False,1.1919
1787899303.556,FORWARD,479,1.5526,-0.5586,1.7783,1.5749,-0.5830,1.7976,0.0330,-1.11,0.2808,0.3266,0.4246,DRIVE,0.0000,False,1.1919
1787899303.637,FORWARD,480,1.5476,-0.5427,1.8166,1.5676,-0.5539,1.8368,0.0229,-1.16,0.2668,0.3391,0.4091,DRIVE,0.0000,False,1.1904
1787899303.716,FORWARD,481,1.5399,-0.5189,1.8458,1.5592,-0.5251,1.8754,0.0202,-1.70,0.2557,0.3440,0.4089,DRIVE,0.0000,False,1.1895
1787899303.794,FORWARD,482,1.5365,-0.4987,1.8794,1.5496,-0.4966,1.9134,0.0133,-1.95,0.2423,0.3531,0.4122,DRIVE,0.0000,False,1.1892
1787899303.876,FORWARD,482,1.5317,-0.4828,1.9044,1.5496,-0.4966,1.9134,0.0226,-0.52,0.2306,0.3272,0.3968,DRIVE,0.0000,False,1.1892
1787899303.960,FORWARD,483,1.5250,-0.4694,1.9402,1.5390,-0.4685,1.9506,0.0141,-0.60,0.2237,0.3433,0.3793,DRIVE,0.0000,False,1.1894
1787899304.034,FORWARD,484,1.5054,-0.4450,1.9786,1.5273,-0.4408,1.9873,0.0224,-0.50,0.2099,0.3398,0.3598,DRIVE,0.0000,False,1.1900
1787899304.123,FORWARD,485,1.4958,-0.4276,2.0110,1.5147,-0.4136,2.0234,0.0236,-0.71,0.2000,0.3498,0.3474,DRIVE,0.0000,False,1.1906
1787899304.197,FORWARD,486,1.4880,-0.4127,2.0437,1.5011,-0.3868,2.0590,0.0290,-0.88,0.2000,0.3650,0.3356,DRIVE,0.0000,False,1.1910
1787899304.279,FORWARD,486,1.4820,-0.3990,2.0669,1.5011,-0.3868,2.0590,0.0227,0.45,0.2000,0.3438,0.3115,DRIVE,0.0000,False,1.1910
1787899304.357,FORWARD,487,1.4723,-0.3789,2.1070,1.4865,-0.3605,2.0942,0.0232,0.74,0.2000,0.3517,0.2896,DRIVE,0.0000,False,1.1907
1787899304.438,FORWARD,488,1.4534,-0.3546,2.1324,1.4711,-0.3348,2.1290,0.0265,0.20,0.2000,0.3514,0.2858,DRIVE,0.0000,False,1.1894
1787899304.517,FORWARD,489,1.4343,-0.3423,2.1586,1.4547,-0.3096,2.1636,0.0385,-0.28,0.2000,0.3625,0.2780,DRIVE,0.0000,False,1.1866
1787899304.594,FORWARD,489,1.4262,-0.3245,2.1833,1.4547,-0.3096,2.1636,0.0322,1.13,0.2000,0.3360,0.2588,DRIVE,0.0000,False,1.1866
1787899304.676,FORWARD,490,1.4179,-0.3035,2.2165,1.4375,-0.2850,2.1979,0.0270,1.07,0.2000,0.3447,0.2522,DRIVE,0.0000,False,1.1819
1787899304.754,FORWARD,491,1.4040,-0.2849,2.2385,1.4195,-0.2610,2.2321,0.0285,0.37,0.2000,0.3533,0.2605,DRIVE,0.0000,False,1.1750
1787899304.838,FORWARD,492,1.3819,-0.2659,2.2689,1.4007,-0.2376,2.2662,0.0339,0.15,0.2000,0.3541,0.2631,DRIVE,0.0000,False,1.1655
1787899304.915,FORWARD,493,1.3608,-0.2475,2.2930,1.3810,-0.2149,2.3003,0.0384,-0.42,0.2000,0.3569,0.2717,DRIVE,0.0000,False,1.1533
1787899304.993,FORWARD,493,1.3528,-0.2340,2.3128,1.3810,-0.2149,2.3003,0.0341,0.71,0.2000,0.3355,0.2643,DRIVE,0.0000,False,1.1533
1787899305.077,FORWARD,494,1.3450,-0.2190,2.3403,1.3606,-0.1928,2.3344,0.0305,0.34,0.2000,0.3515,0.2673,DRIVE,0.0000,False,1.1382
1787899305.154,FORWARD,495,1.3299,-0.2048,2.3586,1.3395,-0.1715,2.3687,0.0346,-0.58,0.2000,0.3637,0.2834,DRIVE,0.0000,False,1.1202
1787899305.235,FORWARD,495,1.3132,-0.1910,2.3748,1.3395,-0.1715,2.3687,0.0328,0.35,0.2000,0.3354,0.2821,DRIVE,0.0000,False,1.1202
1787899305.314,FORWARD,496,1.2873,-0.1699,2.4158,1.3176,-0.1509,2.4030,0.0358,0.73,0.2000,0.3290,0.2751,DRIVE,0.0000,False,1.0993
1787899305.396,FORWARD,497,1.2693,-0.1578,2.4372,1.2951,-0.1311,2.4376,0.0371,-0.02,0.2000,0.3399,0.2816,DRIVE,0.0000,False,1.0754
1787899305.478,FORWARD,498,1.2554,-0.1460,2.4529,1.2719,-0.1120,2.4723,0.0378,-1.11,0.2000,0.3556,0.3034,DRIVE,0.0000,False,1.0486
1787899305.554,FORWARD,498,1.2492,-0.1313,2.4845,1.2719,-0.1120,2.4723,0.0297,0.70,0.2000,0.3338,0.2933,DRIVE,0.0000,False,1.0486
1787899305.637,FORWARD,499,1.2373,-0.1200,2.4910,1.2480,-0.0938,2.5074,0.0283,-0.94,0.2000,0.3534,0.3188,DRIVE,0.0000,False,1.0191
1787899305.714,FORWARD,499,1.2195,-0.1109,2.5174,1.2480,-0.0938,2.5074,0.0333,0.57,0.2000,0.3257,0.3081,DRIVE,0.0000,False,1.0191
1787899305.797,FORWARD,500,1.1970,-0.1047,2.5380,1.2235,-0.0764,2.5428,0.0388,-0.27,0.2000,0.3365,0.3093,DRIVE,0.0000,False,0.9869
1787899305.879,FORWARD,501,1.1781,-0.0902,2.5735,1.1984,-0.0600,2.5785,0.0364,-0.29,0.2000,0.3428,0.3109,DRIVE,0.0000,False,0.9522
1787899305.957,FORWARD,502,1.1524,-0.0714,2.5984,1.1727,-0.0444,2.6146,0.0338,-0.93,0.2000,0.3415,0.3318,DRIVE,0.0000,False,0.9153
1787899306.039,FORWARD,503,1.1322,-0.0616,2.6307,1.1465,-0.0298,2.6511,0.0349,-1.17,0.2000,0.3501,0.3435,DRIVE,0.0000,False,0.8763
1787899306.113,FORWARD,503,1.1131,-0.0579,2.6545,1.1465,-0.0298,2.6511,0.0437,0.20,0.2000,0.3239,0.3265,DRIVE,0.0000,False,0.8763
1787899306.196,FORWARD,504,1.0997,-0.0524,2.6773,1.1197,-0.0161,2.6880,0.0414,-0.61,0.2000,0.3437,0.3258,DRIVE,0.0000,False,0.8355
1787899306.274,FORWARD,505,1.0769,-0.0372,2.7088,1.0925,-0.0034,2.7253,0.0371,-0.94,0.2000,0.3472,0.3371,DRIVE,0.0000,False,0.7934
1787899306.357,FORWARD,506,1.0542,-0.0253,2.7405,1.0648,0.0082,2.7630,0.0351,-1.29,0.2000,0.3527,0.3505,DRIVE,0.0000,False,0.7502
1787899306.435,FORWARD,506,1.0327,-0.0175,2.7633,1.0648,0.0082,2.7630,0.0412,0.02,0.2000,0.3216,0.3439,DRIVE,0.0000,False,0.7502
1787899306.514,FORWARD,507,1.0195,-0.0162,2.7933,1.0367,0.0187,2.8010,0.0389,-0.44,0.2000,0.3423,0.3360,DRIVE,0.0000,False,0.7063
1787899306.597,FORWARD,508,1.0040,-0.0098,2.8253,1.0082,0.0282,2.8395,0.0382,-0.81,0.2000,0.3581,0.3316,DRIVE,0.0000,False,0.6619
1787899306.682,FORWARD,508,0.9807,0.0008,2.8475,1.0082,0.0282,2.8395,0.0388,0.46,0.2000,0.3247,0.3222,DRIVE,0.0000,False,0.6619
1787899306.762,FORWARD,509,0.9620,0.0039,2.8707,0.9794,0.0366,2.8782,0.0370,-0.43,0.6000,0.6546,0.3182,DRIVE,0.0000,False,0.6176
1787899306.836,FORWARD,510,0.9444,0.0077,2.9111,0.9502,0.0439,2.9172,0.0366,-0.35,0.6000,0.6612,0.2994,DRIVE,0.0000,False,0.5735
1787899306.917,FORWARD,511,0.9137,0.0134,2.9457,0.9208,0.0500,2.9565,0.0372,-0.62,0.6000,0.6516,0.2861,DRIVE,0.0000,False,0.5302
1787899306.995,FORWARD,512,0.8896,0.0201,2.9777,0.8912,0.0549,2.9959,0.0348,-1.04,0.6000,0.6487,0.2764,DRIVE,0.0000,False,0.4880
1787899307.074,FORWARD,513,0.8578,0.0238,3.0177,0.8614,0.0587,3.0340,0.0351,-0.93,0.6000,0.6357,0.2548,DRIVE,0.0000,False,0.4473
1787899307.158,FORWARD,514,0.8150,0.0240,3.0579,0.8315,0.0614,3.0688,0.0409,-0.62,0.6000,0.6087,0.2251,DRIVE,0.0000,False,0.4084
1787899307.234,FORWARD,516,0.7571,0.0296,3.1144,0.7715,0.0639,3.1292,0.0371,-0.85,0.6000,0.5882,0.1953,DRIVE,0.0000,False,0.3377
1787899307.369,FORWARD,517,0.7174,0.0256,-3.1303,0.7415,0.0639,3.1554,0.0452,-0.14,0.6000,0.5632,0.1528,DRIVE,0.0000,False,0.3063
1787899307.393,FORWARD,519,0.6814,0.0160,-3.0937,0.6814,0.0616,3.2004,0.0457,-0.63,0.6000,0.5649,0.1026,DRIVE,0.0000,False,0.2520
1787899307.479,FORWARD,520,0.6424,0.0189,-3.0593,0.6515,0.0596,3.2197,0.0417,0.24,0.6000,0.5391,0.0606,DRIVE,0.0000,False,0.2292
1787899307.558,FORWARD,522,0.6018,0.0176,-3.0336,0.5917,0.0539,3.2523,0.0377,-0.15,0.6000,0.5323,0.0265,DRIVE,0.0000,False,0.1919
1787899307.634,FORWARD,523,0.5677,0.0072,-3.0213,0.5619,0.0504,3.2658,0.0436,-0.22,0.6000,0.5103,-0.0090,DRIVE,0.0000,False,0.1773
1787899307.715,FORWARD,524,0.5265,-0.0016,-3.0130,0.5321,0.0465,3.2774,0.0484,-0.41,0.6000,0.4786,-0.0379,DRIVE,0.0000,False,0.1651
1787899307.793,FORWARD,525,0.5011,-0.0038,-3.0098,0.5023,0.0422,3.2871,0.0461,-0.79,0.6000,0.4668,-0.0538,DRIVE,0.0000,False,0.1553
1787899307.880,FORWARD,526,0.4759,-0.0047,-3.0104,0.4726,0.0378,3.2950,0.0426,-1.27,0.6000,0.4538,-0.0582,DRIVE,0.0000,False,0.1476
1787899307.954,FORWARD,527,0.4382,-0.0164,-3.0115,0.4430,0.0331,3.3008,0.0497,-1.66,0.6068,0.4256,-0.0697,DRIVE,0.0000,False,0.1418
1787899308.035,FORWARD,529,0.3900,-0.0307,-3.0204,0.3837,0.0234,3.3052,0.0544,-2.43,0.6370,0.4021,-0.0789,DRIVE,0.0000,False,0.1347
1787899308.202,FORWARD,0,0.3491,-0.0348,-3.0360,0.0568,-0.0243,-3.0096,0.2924,-1.51,0.2800,0.2800,-0.0361,DRIVE,0.0000,False,0.0432
1787899308.277,FORWARD,0,0.3274,-0.0387,-3.0336,0.0568,-0.0243,-3.0096,0.2710,-1.38,0.2744,0.2800,-0.0544,DRIVE,0.0000,False,0.0432
1787899308.356,FORWARD,0,0.3040,-0.0466,-3.0498,0.0568,-0.0243,-3.0096,0.2482,-2.30,0.2693,0.2800,-0.0472,DRIVE,0.0000,False,0.0432
1787899308.437,FORWARD,0,0.2820,-0.0476,-3.0478,0.0568,-0.0243,-3.0096,0.2264,-2.19,0.2656,0.2800,-0.0447,DRIVE,0.0000,False,0.0432
1787899308.514,FORWARD,0,0.2522,-0.0437,-3.0535,0.0568,-0.0243,-3.0096,0.1963,-2.51,0.2634,0.2800,-0.0256,DRIVE,0.0000,False,0.0432
1787899308.595,FORWARD,0,0.2343,-0.0463,-3.0585,0.0568,-0.0243,-3.0096,0.1788,-2.80,0.2620,0.2800,-0.0118,DRIVE,0.0000,False,0.0432
1787899308.675,FORWARD,0,0.2226,-0.0530,-3.0572,0.0568,-0.0243,-3.0096,0.1682,-2.73,0.2612,0.2800,-0.0147,DRIVE,0.0000,False,0.0432
1787899308.756,FORWARD,0,0.2142,-0.0534,-3.0639,0.0568,-0.0243,-3.0096,0.1601,-3.11,0.2607,0.2800,-0.0063,DRIVE,0.0000,False,0.0432
1787899308.837,FORWARD,0,0.2023,-0.0524,-3.0693,0.0568,-0.0243,-3.0096,0.1482,-3.42,0.2606,0.2800,0.0080,DRIVE,0.0000,False,0.0432
1787899308.914,FORWARD,0,0.1741,-0.0512,-3.0651,0.0568,-0.0243,-3.0096,0.1204,-3.18,0.2614,0.2800,0.0160,DRIVE,0.0000,False,0.0432
1787899308.997,FORWARD,0,0.1524,-0.0525,-3.0602,0.0568,-0.0243,-3.0096,0.0997,-2.90,0.2627,0.2800,0.0160,DRIVE,0.0000,False,0.0432
1787899309.077,FORWARD,0,0.1359,-0.0555,-3.0669,0.0568,-0.0243,-3.0096,0.0850,-3.28,0.2643,0.2800,0.0240,DRIVE,0.0000,False,0.0432
1787899309.156,FORWARD,0,0.1172,-0.0581,-3.0606,0.0568,-0.0243,-3.0096,0.0691,-2.92,0.2661,0.2800,0.0204,DRIVE,0.0000,False,0.0432
1787899309.235,FORWARD,0,0.1017,-0.0629,-3.0643,0.0568,-0.0243,-3.0096,0.0592,-3.13,0.2679,0.2800,0.0205,DRIVE,0.0000,False,0.0432
1787899309.316,FORWARD,0,0.0873,-0.0574,-3.0592,0.0568,-0.0243,-3.0096,0.0450,-2.84,0.2698,0.2800,0.0241,DRIVE,0.0000,False,0.0432
1787899309.394,FORWARD,0,0.0752,-0.0574,-3.0666,0.0568,-0.0243,-3.0096,0.0379,-3.27,0.2717,0.2800,0.0376,DRIVE,0.0000,False,0.0432
1787899309.474,FORWARD,0,0.0573,-0.0614,-3.0594,0.0568,-0.0243,-3.0096,0.0371,-2.85,0.2734,0.2800,0.0345,DRIVE,0.0000,False,0.0432
1787899309.557,FORWARD,1,0.0309,-0.0645,-3.0566,0.0271,-0.0282,-3.0097,0.0364,-2.69,0.2748,0.2800,0.0288,DRIVE,0.0000,False,0.0452
1787899309.634,FORWARD,2,0.0115,-0.0668,-3.0542,-0.0027,-0.0322,-3.0099,0.0374,-2.54,0.2759,0.2800,0.0219,DRIVE,0.0000,False,0.0473
1787899309.715,FORWARD,2,-0.0024,-0.0671,-3.0531,-0.0027,-0.0322,-3.0099,0.0349,-2.48,0.2770,0.2800,0.0197,DRIVE,0.0000,False,0.0473
1787899309.795,FORWARD,3,-0.0186,-0.0672,-3.0507,-0.0325,-0.0361,-3.0103,0.0341,-2.31,0.2779,0.2800,0.0163,DRIVE,0.0000,False,0.0495
1787899309.878,FORWARD,3,-0.0349,-0.0685,-3.0479,-0.0325,-0.0361,-3.0103,0.0324,-2.16,0.2788,0.2800,0.0130,DRIVE,0.0000,False,0.0495
1787899310.117,FORWARD,5,-0.0936,-0.0805,-3.0440,-0.0920,-0.0440,-3.0114,0.0366,-1.87,0.2000,0.2800,-0.0064,DRIVE,0.0000,False,0.0542
