t,tf_t,x,y,theta,yaw_deg,reason
1781809579.900099,1781809577.604686,0.177489,0.067537,-3.110803,-178.236,first
1781809580.412541,1781809580.367234,0.177489,0.067537,-3.109696,-178.172,time
1781809580.962489,1781809580.917473,0.177489,0.067537,-3.109540,-178.163,time
1781809581.512458,1781809581.467483,0.177489,0.067537,-3.109278,-178.148,time
1781809582.062404,1781809582.017133,0.177489,0.067537,-3.109059,-178.136,time
1781809582.562459,1781809582.517416,0.177489,0.067537,-3.108888,-178.126,time
1781809583.112535,1781809583.067325,0.177489,0.067537,-3.108645,-178.112,time
1781809583.612849,1781809583.567466,0.177489,0.067537,-3.108363,-178.096,time
1781809584.162384,1781809584.117396,0.177489,0.067537,-3.108156,-178.084,time
1781809584.662402,1781809584.617330,0.177489,0.067537,-3.107918,-178.071,time
1781809585.212408,1781809585.167160,0.177489,0.067537,-3.107638,-178.055,time
1781809585.712618,1781809585.667059,0.177489,0.067537,-3.107432,-178.043,time
1781809586.262434,1781809586.217144,0.177489,0.067537,-3.107178,-178.028,time
1781809586.762449,1781809586.717321,0.177489,0.067537,-3.106962,-178.016,time
1781809587.312401,1781809587.267420,0.177489,0.067537,-3.106768,-178.005,time
1781809587.862347,1781809587.817275,0.177489,0.067537,-3.106647,-177.998,time
1781809588.362400,1781809588.317065,0.177489,0.067537,-3.106430,-177.985,time
1781809588.912479,1781809588.867130,0.177489,0.067537,-3.106229,-177.974,time
1781809589.462471,1781809589.417025,0.177489,0.067537,-3.105975,-177.959,time
1781809590.012816,1781809589.967074,0.177489,0.067537,-3.105672,-177.942,time
1781809590.562396,1781809590.517394,0.177489,0.067537,-3.105468,-177.930,time
1781809591.062404,1781809591.017081,0.177489,0.067537,-3.105203,-177.915,time
1781809591.562464,1781809591.517176,0.177489,0.067537,-3.105008,-177.904,time
1781809592.112527,1781809592.067207,0.177489,0.067537,-3.104855,-177.895,time
1781809592.662356,1781809592.617035,0.177489,0.067537,-3.104664,-177.884,time
1781809593.162500,1781809593.117356,0.177489,0.067537,-3.104480,-177.874,time
1781809593.712381,1781809593.667207,0.177489,0.067537,-3.104178,-177.856,time
1781809594.212564,1781809594.167091,0.177489,0.067537,-3.103996,-177.846,time
1781809594.762404,1781809594.717082,0.177489,0.067537,-3.103709,-177.829,time
1781809595.312475,1781809595.267119,0.177489,0.067537,-3.103463,-177.815,time
1781809595.816028,1781809595.767199,0.177489,0.067537,-3.103288,-177.805,time
1781809596.362374,1781809596.317237,0.177489,0.067537,-3.103063,-177.792,time
1781809596.862403,1781809596.817426,0.177489,0.067537,-3.102786,-177.777,time
1781809597.362514,1781809597.317268,0.177489,0.067537,-3.102572,-177.764,time
1781809597.912340,1781809597.867183,0.177489,0.067537,-3.102428,-177.756,time
1781809598.412355,1781809598.367213,0.177489,0.067537,-3.102183,-177.742,time
1781809598.912608,1781809598.867093,0.177489,0.067537,-3.101987,-177.731,time
1781809599.412859,1781809599.367096,0.177489,0.067537,-3.101744,-177.717,time
1781809599.962502,1781809599.917096,0.177489,0.067537,-3.101556,-177.706,time
1781809600.462598,1781809600.417096,0.177489,0.067537,-3.101364,-177.695,time
1781809601.012431,1781809600.967162,0.177489,0.067537,-3.101093,-177.680,time
1781809601.562390,1781809601.517049,0.177489,0.067537,-3.100890,-177.668,time
1781809602.112704,1781809602.067061,0.177489,0.067537,-3.100602,-177.651,time
1781809602.662439,1781809602.617385,0.177489,0.067537,-3.100412,-177.641,time
1781809603.212397,1781809603.167438,0.177489,0.067537,-3.100217,-177.629,time
1781809603.762658,1781809603.717389,0.177489,0.067537,-3.099969,-177.615,time
1781809604.262793,1781809604.217036,0.177489,0.067537,-3.099839,-177.608,time
1781809604.812616,1781809604.767227,0.177489,0.067537,-3.099653,-177.597,time
1781809605.312639,1781809605.267265,0.177489,0.067537,-3.099407,-177.583,time
1781809605.862541,1781809605.820002,0.177489,0.067537,-3.099149,-177.568,time
1781809606.412411,1781809606.367167,0.177489,0.067537,-3.099033,-177.561,time
1781809606.912759,1781809606.867659,0.177489,0.067537,-3.098784,-177.547,time
1781809607.462397,1781809607.417308,0.177489,0.067537,-3.098573,-177.535,time
1781809608.012393,1781809607.967211,0.176367,0.067489,-3.098316,-177.520,time
1781809608.512404,1781809608.467356,0.173392,0.067360,-3.097973,-177.501,time
1781809608.962339,1781809608.917209,0.152335,0.066425,-3.096129,-177.395,distance
1781809609.112454,1781809609.070183,0.132048,0.065493,-3.094866,-177.323,distance
1781809609.262443,1781809609.220211,0.111299,0.064512,-3.093224,-177.229,distance
1781809609.462348,1781809609.417316,0.091896,0.052838,-3.102621,-177.767,distance
1781809609.712363,1781809609.668937,0.070795,0.051999,-3.100821,-177.664,distance
1781809610.012407,1781809609.967061,0.049381,0.055171,-3.115444,-178.502,distance
1781809610.262394,1781809610.217134,0.029170,0.054633,-3.114213,-178.431,distance
1781809610.512340,1781809610.467377,0.002172,0.057069,-3.131491,-179.421,distance
1781809610.768095,1781809610.717314,-0.020109,0.056828,-3.129764,-179.322,distance
1781809611.012394,1781809610.967211,-0.041166,0.056563,-3.128035,-179.223,distance
1781809611.262629,1781809611.228730,-0.063741,0.056349,-3.134944,-179.619,distance
1781809611.514215,1781809611.467213,-0.084709,0.056199,-3.133633,-179.544,distance
1781809611.862348,1781809611.817727,-0.095356,0.037745,-3.099332,-177.579,distance
1781809612.112396,1781809612.067207,-0.116416,0.036862,-3.110045,-178.192,distance
1781809612.562414,1781809612.517232,-0.137808,0.033728,3.133145,179.516,distance
1781809612.912380,1781809612.867042,-0.166219,0.037396,3.086486,176.843,distance
1781809613.112290,1781809613.067199,-0.188592,0.039894,3.047839,174.628,distance
1781809613.362185,1781809613.317044,-0.209161,0.047188,3.013421,172.656,distance
1781809613.812479,1781809613.767082,-0.232222,0.045563,2.975669,170.493,distance
1781809614.062381,1781809614.017256,-0.253092,0.049337,2.940868,168.499,distance
1781809614.264452,1781809614.217279,-0.276609,0.052479,2.908648,166.653,distance
1781809614.512342,1781809614.467273,-0.296225,0.058663,2.872055,164.557,distance
1781809614.862436,1781809614.817109,-0.316846,0.065790,2.839969,162.718,distance
1781809615.113103,1781809615.067072,-0.335944,0.071971,2.809423,160.968,distance
1781809615.312354,1781809615.267488,-0.356041,0.080943,2.776538,159.084,distance
1781809615.512419,1781809615.467264,-0.375677,0.089270,2.743359,157.183,distance
1781809615.762505,1781809615.717171,-0.396159,0.100846,2.709544,155.245,distance
1781809616.112340,1781809616.067222,-0.416512,0.110919,2.670932,153.033,distance
1781809616.363652,1781809616.317121,-0.435665,0.120967,2.638020,151.147,distance
1781809616.612390,1781809616.567209,-0.454623,0.130933,2.607410,149.394,distance
1781809616.862410,1781809616.818617,-0.471865,0.141383,2.578829,147.756,distance
1781809617.112376,1781809617.067177,-0.488579,0.152757,2.532921,145.126,distance
1781809617.362574,1781809617.317364,-0.505577,0.168591,2.489075,142.614,distance
1781809617.662348,1781809617.617049,-0.522685,0.181280,2.448859,140.309,distance
1781809618.012716,1781809617.967189,-0.538535,0.194543,2.418889,138.592,distance
1781809618.362334,1781809618.317222,-0.552914,0.215024,2.373290,135.980,distance
1781809618.562337,1781809618.517146,-0.569089,0.231137,2.332908,133.666,distance
1781809619.065461,1781809619.017096,-0.577514,0.239562,2.316325,132.716,time
1781809619.562387,1781809619.517129,-0.591878,0.255506,2.286706,131.019,distance
1781809619.812339,1781809619.767121,-0.605090,0.271025,2.258705,129.414,distance
1781809620.062519,1781809620.017183,-0.617106,0.290318,2.217079,127.029,distance
1781809620.262373,1781809620.217692,-0.630532,0.308616,2.182979,125.075,distance
1781809620.612359,1781809620.567026,-0.642911,0.327713,2.146688,122.996,distance
1781809621.112452,1781809621.067101,-0.644411,0.335156,2.120622,121.503,time
1781809621.412472,1781809621.367092,-0.656778,0.355861,2.092322,119.881,distance
1781809621.662415,1781809621.617813,-0.663573,0.376377,2.054766,117.729,distance
1781809621.912669,1781809621.867149,-0.674192,0.397098,2.028575,116.229,distance
1781809622.212414,1781809622.167138,-0.680884,0.416089,1.999670,114.573,distance
1781809622.462347,1781809622.417237,-0.689311,0.435006,1.975057,113.162,distance
1781809622.812406,1781809622.767472,-0.692826,0.456158,1.941469,111.238,distance
1781809623.062445,1781809623.017193,-0.700443,0.476294,1.918320,109.912,distance
1781809623.362419,1781809623.317093,-0.710138,0.495786,1.891926,108.399,distance
1781809623.612359,1781809623.567096,-0.716701,0.516236,1.865246,106.871,distance
1781809623.812342,1781809623.767087,-0.722312,0.535441,1.835241,105.152,distance
1781809624.112350,1781809624.067091,-0.728002,0.557375,1.810195,103.717,distance
1781809624.412342,1781809624.367134,-0.730573,0.579461,1.787506,102.417,distance
1781809624.662374,1781809624.617108,-0.735496,0.603040,1.758825,100.773,distance
1781809624.912332,1781809624.867256,-0.743971,0.624316,1.729613,99.099,distance
1781809625.162337,1781809625.117220,-0.747010,0.644529,1.705922,97.742,distance
1781809625.462339,1781809625.417098,-0.753223,0.663736,1.677746,96.128,distance
1781809625.712362,1781809625.667385,-0.755195,0.683671,1.655799,94.870,distance
1781809625.962389,1781809625.917071,-0.757107,0.705762,1.631292,93.466,distance
1781809626.212442,1781809626.174862,-0.758233,0.728725,1.602920,91.841,distance
1781809626.566126,1781809626.517473,-0.764634,0.749008,1.584814,90.803,distance
1781809627.012418,1781809626.967185,-0.764838,0.771635,1.577882,90.406,distance
1781809627.212495,1781809627.167519,-0.764995,0.793623,1.578005,90.413,distance
1781809627.412425,1781809627.367173,-0.771462,0.813752,1.582936,90.696,distance
1781809627.612412,1781809627.567383,-0.771711,0.833802,1.583817,90.746,distance
1781809627.812389,1781809627.767489,-0.772244,0.854124,1.582380,90.664,distance
1781809628.062392,1781809628.017788,-0.772588,0.877182,1.583179,90.709,distance
1781809628.462415,1781809628.417483,-0.774753,0.900536,1.585340,90.833,distance
1781809628.712518,1781809628.667383,-0.775070,0.921840,1.586136,90.879,distance
1781809628.962365,1781809628.917256,-0.775415,0.943510,1.587540,90.959,distance
1781809629.062412,1781809629.017385,-0.777112,0.978790,1.590320,91.119,distance
1781809629.362430,1781809629.317869,-0.777583,1.001925,1.591971,91.213,distance
1781809629.612344,1781809629.567188,-0.778020,1.022141,1.593033,91.274,distance
1781809629.912203,1781809629.867412,-0.777780,1.043075,1.602902,91.840,distance
1781809630.162289,1781809630.117081,-0.778506,1.065154,1.604683,91.942,distance
1781809630.362493,1781809630.321517,-0.781081,1.085214,1.610811,92.293,distance
1781809630.612355,1781809630.567287,-0.781932,1.106019,1.612718,92.402,distance
1781809630.912328,1781809630.867409,-0.782535,1.128957,1.614355,92.496,distance
1781809631.212366,1781809631.167458,-0.782498,1.152619,1.616531,92.620,distance
1781809631.462364,1781809631.417397,-0.783507,1.174399,1.617796,92.693,distance
1781809631.812689,1781809631.767296,-0.780978,1.198127,1.616408,92.613,distance
1781809632.062380,1781809632.017274,-0.781925,1.218715,1.617432,92.672,distance
1781809632.562434,1781809632.523799,-0.792137,1.233002,1.618156,92.713,time
1781809633.112446,1781809633.067587,-0.792137,1.233002,1.618353,92.725,time
1781809633.619853,1781809633.567136,-0.792137,1.233002,1.618537,92.735,time
1781809634.162373,1781809634.117504,-0.792137,1.233002,1.618773,92.749,time
1781809634.662390,1781809634.617356,-0.792137,1.233002,1.618990,92.761,time
1781809635.162516,1781809635.117177,-0.792455,1.239579,1.619177,92.772,time
1781809635.412711,1781809635.367282,-0.793489,1.260713,1.619464,92.788,distance
1781809635.612322,1781809635.567430,-0.794523,1.282636,1.606110,92.023,distance
1781809635.862389,1781809635.817266,-0.792894,1.303371,1.570153,89.963,distance
1781809636.162579,1781809636.117252,-0.792667,1.324753,1.545351,88.542,distance
1781809636.512389,1781809636.467862,-0.786027,1.344471,1.506025,86.289,distance
1781809636.762541,1781809636.717280,-0.784366,1.366512,1.480062,84.801,distance
1781809637.212365,1781809637.167201,-0.785107,1.386619,1.447563,82.939,distance
1781809637.462364,1781809637.417182,-0.782228,1.408231,1.423299,81.549,distance
1781809637.812340,1781809637.767166,-0.777196,1.431862,1.378396,78.976,distance
1781809638.062341,1781809638.017214,-0.773849,1.456471,1.342050,76.894,distance
1781809638.312609,1781809638.267030,-0.769067,1.476188,1.317899,75.510,distance
1781809638.762379,1781809638.717252,-0.759698,1.494742,1.272362,72.901,distance
1781809639.062583,1781809639.017245,-0.752028,1.515236,1.238006,70.933,distance
1781809639.612352,1781809639.567185,-0.744361,1.536664,1.206987,69.155,distance
1781809639.912477,1781809639.867255,-0.736962,1.557536,1.160358,66.484,distance
1781809640.462381,1781809640.417178,-0.729713,1.568740,1.115558,63.917,time
1781809641.012355,1781809640.967530,-0.729701,1.568766,1.115854,63.934,time
1781809641.512383,1781809641.467147,-0.729265,1.569657,1.115363,63.906,time
1781809641.862430,1781809641.817173,-0.718557,1.590777,1.082743,62.037,distance
1781809642.062427,1781809642.017115,-0.708863,1.608631,1.060054,60.737,distance
1781809642.312405,1781809642.267381,-0.696761,1.629520,1.020670,58.480,distance
1781809642.562435,1781809642.517202,-0.683317,1.645049,0.975869,55.913,distance
1781809642.762369,1781809642.717059,-0.666349,1.660527,0.958970,54.945,distance
1781809643.212530,1781809643.167416,-0.654122,1.677868,0.933815,53.504,distance
1781809643.467227,1781809643.417057,-0.640748,1.695477,0.899345,51.529,distance
1781809643.762397,1781809643.717169,-0.625601,1.711774,0.828899,47.492,distance
1781809644.262414,1781809644.217117,-0.622873,1.706961,0.825886,47.320,time
1781809644.712571,1781809644.667453,-0.608796,1.721894,0.796843,45.656,distance
1781809644.962371,1781809644.917092,-0.591541,1.735381,0.766300,43.906,distance
1781809645.212774,1781809645.167093,-0.575345,1.749391,0.734974,42.111,distance
1781809645.412836,1781809645.367094,-0.557716,1.765918,0.702324,40.240,distance
1781809645.662427,1781809645.617106,-0.539921,1.780567,0.666889,38.210,distance
1781809645.912387,1781809645.867091,-0.518688,1.782275,0.633607,36.303,distance
1781809646.212476,1781809646.167155,-0.498150,1.790199,0.597611,34.241,distance
1781809646.462401,1781809646.417043,-0.479682,1.802429,0.563937,32.311,distance
1781809646.562376,1781809646.517099,-0.482749,1.831009,0.558123,31.978,distance
1781809646.812386,1781809646.767110,-0.465562,1.841486,0.528649,30.289,distance
1781809646.962370,1781809646.917093,-0.451818,1.803007,0.509050,29.166,distance
1781809647.212379,1781809647.167802,-0.433283,1.813045,0.475232,27.229,distance
1781809647.412353,1781809647.367065,-0.424476,1.841999,0.438809,25.142,distance
1781809647.663738,1781809647.617097,-0.404014,1.850665,0.402858,23.082,distance
1781809648.012546,1781809647.967191,-0.383154,1.857515,0.373315,21.389,distance
1781809648.262356,1781809648.217365,-0.363291,1.854737,0.341040,19.540,distance
1781809648.512433,1781809648.467056,-0.340681,1.862412,0.302615,17.339,distance
1781809648.712353,1781809648.667108,-0.317777,1.866059,0.268429,15.380,distance
1781809648.962353,1781809648.917524,-0.294207,1.865655,0.231699,13.275,distance
1781809649.312388,1781809649.267122,-0.272651,1.868360,0.201265,11.532,distance
1781809649.662386,1781809649.617114,-0.250619,1.878595,0.160090,9.172,distance
1781809649.912705,1781809649.867083,-0.225847,1.882473,0.115023,6.590,distance
1781809650.162465,1781809650.117326,-0.204298,1.884752,0.080298,4.601,distance
1781809650.512357,1781809650.468046,-0.183921,1.885949,0.041897,2.401,distance
1781809650.812380,1781809650.767524,-0.160099,1.882567,-0.000502,-0.029,distance
1781809651.062340,1781809651.017789,-0.136717,1.882231,-0.031897,-1.828,distance
1781809651.262340,1781809651.225263,-0.114448,1.878658,-0.037615,-2.155,distance
1781809651.462429,1781809651.417634,-0.092516,1.877844,-0.036437,-2.088,distance
1781809651.762362,1781809651.717283,-0.070875,1.874871,-0.036853,-2.112,distance
1781809652.062441,1781809652.017493,-0.048765,1.874062,-0.035925,-2.058,distance
1781809652.312355,1781809652.267334,-0.026701,1.877308,-0.031584,-1.810,distance
1781809652.862376,1781809652.817498,-0.028260,1.877357,-0.031330,-1.795,time
1781809653.362694,1781809653.318951,-0.028260,1.877357,-0.031125,-1.783,time
1781809653.912376,1781809653.867150,-0.028260,1.877357,-0.030986,-1.775,time
1781809654.412445,1781809654.367432,-0.028260,1.877357,-0.030808,-1.765,time
1781809654.962344,1781809654.920954,-0.028260,1.877357,-0.030494,-1.747,time
1781809655.462533,1781809655.417304,-0.028260,1.877357,-0.030272,-1.734,time
1781809656.012332,1781809655.967497,-0.028260,1.877357,-0.030165,-1.728,time
1781809656.512350,1781809656.467267,-0.028260,1.877357,-0.030002,-1.719,time
1781809657.012370,1781809656.967243,-0.021034,1.877142,-0.031127,-1.783,time
1781809657.312405,1781809657.267146,0.002125,1.876332,-0.040681,-2.331,distance
1781809657.612342,1781809657.567321,0.026095,1.874970,-0.050985,-2.921,distance
1781809657.862367,1781809657.817231,0.050887,1.872750,-0.062999,-3.610,distance
1781809658.062376,1781809658.017419,0.070989,1.871416,-0.071896,-4.119,distance
1781809658.312541,1781809658.267274,0.092917,1.873810,-0.088803,-5.088,distance
1781809658.562602,1781809658.517251,0.114347,1.871826,-0.097082,-5.562,distance
1781809658.812621,1781809658.767289,0.136058,1.868741,-0.099086,-5.677,distance
1781809659.112403,1781809659.067143,0.157252,1.866619,-0.100135,-5.737,distance
1781809659.512352,1781809659.467087,0.179624,1.863745,-0.091810,-5.260,distance
1781809659.762333,1781809659.717280,0.201563,1.861731,-0.091303,-5.231,distance
1781809660.012343,1781809659.967229,0.229268,1.860695,-0.093080,-5.333,distance
1781809660.262528,1781809660.217173,0.251282,1.858646,-0.092192,-5.282,distance
1781809660.512461,1781809660.467204,0.272344,1.856706,-0.091344,-5.234,distance
1781809660.762383,1781809660.717095,0.295571,1.857563,-0.089717,-5.140,distance
1781809661.012416,1781809660.967232,0.317284,1.855698,-0.078811,-4.516,distance
1781809661.262363,1781809661.217098,0.339988,1.851955,-0.061858,-3.544,distance
1781809661.512344,1781809661.467254,0.361749,1.850635,-0.059073,-3.385,distance
1781809661.812482,1781809661.767205,0.382741,1.848793,-0.058407,-3.347,distance
1781809662.112385,1781809662.067222,0.404442,1.847542,-0.056410,-3.232,distance
1781809662.362485,1781809662.318256,0.426642,1.846307,-0.054138,-3.102,distance
1781809662.662394,1781809662.620914,0.447849,1.847822,-0.050796,-2.910,distance
1781809662.912400,1781809662.867143,0.468262,1.846804,-0.048562,-2.782,distance
1781809663.362422,1781809663.317117,0.490067,1.845697,-0.050104,-2.871,distance
1781809663.612445,1781809663.570223,0.514001,1.844521,-0.047406,-2.716,distance
1781809663.862400,1781809663.817199,0.536589,1.844197,-0.038413,-2.201,distance
1781809664.112347,1781809664.067354,0.557759,1.843402,-0.036281,-2.079,distance
1781809664.312322,1781809664.267232,0.585246,1.845545,-0.033618,-1.926,distance
1781809664.612350,1781809664.567163,0.607769,1.844804,-0.032047,-1.836,distance
1781809664.912469,1781809664.867163,0.632282,1.844044,-0.029374,-1.683,distance
1781809665.262387,1781809665.217158,0.656611,1.845292,-0.020830,-1.193,distance
1781809665.512360,1781809665.467103,0.678013,1.844864,-0.018238,-1.045,distance
1781809665.712417,1781809665.667060,0.699608,1.844387,-0.014946,-0.856,distance
1781809666.012346,1781809665.967095,0.723470,1.844153,-0.002526,-0.145,distance
1781809666.462376,1781809666.417164,0.746497,1.845693,0.016572,0.950,distance
1781809666.712375,1781809666.667277,0.770165,1.846115,0.019323,1.107,distance
1781809666.912366,1781809666.867502,0.792851,1.848781,0.031788,1.821,distance
1781809667.212371,1781809667.167096,0.814622,1.849488,0.033252,1.905,distance
1781809667.462418,1781809667.417766,0.839432,1.850333,0.035393,2.028,distance
1781809667.662416,1781809667.617045,0.863415,1.850956,0.035726,2.047,distance
1781809667.912362,1781809667.867095,0.883648,1.851699,0.037892,2.171,distance
1781809668.262341,1781809668.217296,0.907079,1.850759,0.030099,1.725,distance
1781809668.512384,1781809668.467206,0.927501,1.851388,0.031820,1.823,distance
1781809668.812354,1781809668.767097,0.949571,1.851503,0.024051,1.378,distance
1781809669.062486,1781809669.017094,0.971556,1.852051,0.026204,1.501,distance
1781809669.312344,1781809669.267099,0.992932,1.852628,0.028134,1.612,distance
1781809669.662365,1781809669.617073,1.016622,1.855327,0.032164,1.843,distance
1781809669.912370,1781809669.867097,1.036893,1.855996,0.034098,1.954,distance
1781809670.162348,1781809670.117108,1.058352,1.854872,0.035768,2.049,distance
1781809670.412456,1781809670.367043,1.081329,1.855716,0.037899,2.171,distance
1781809670.712306,1781809670.667130,1.102018,1.855528,0.036801,2.109,distance
1781809671.262224,1781809671.217097,1.124617,1.856380,0.038592,2.211,distance
1781809671.512409,1781809671.467393,1.152648,1.859073,0.050926,2.918,distance
1781809671.712406,1781809671.667089,1.172989,1.860122,0.052459,3.006,distance
1781809671.962343,1781809671.917241,1.195819,1.861336,0.054093,3.099,distance
1781809672.167573,1781809672.117086,1.216217,1.861181,0.049614,2.843,distance
1781809672.412405,1781809672.367606,1.236396,1.862192,0.050822,2.912,distance
1781809672.662412,1781809672.617217,1.261459,1.863977,0.051116,2.929,distance
1781809672.912708,1781809672.867121,1.284047,1.865305,0.052442,3.005,distance
1781809673.162469,1781809673.117546,1.305351,1.866436,0.053928,3.090,distance
1781809673.462336,1781809673.417117,1.324650,1.874120,0.060693,3.477,distance
1781809673.712363,1781809673.667158,1.349212,1.875627,0.062031,3.554,distance
1781809674.112389,1781809674.067281,1.371109,1.879350,0.067423,3.863,distance
1781809674.412501,1781809674.367432,1.392017,1.880775,0.068937,3.950,distance
1781809674.562414,1781809674.517343,1.389750,1.858725,0.030028,1.720,distance
1781809674.812391,1781809674.767393,1.410640,1.859361,0.031055,1.779,distance
1781809675.062448,1781809675.017162,1.433275,1.860076,0.032242,1.847,distance
1781809675.312372,1781809675.267536,1.456669,1.862147,0.036870,2.113,distance
1781809675.562432,1781809675.517217,1.476816,1.862903,0.038463,2.204,distance
1781809676.012427,1781809675.967325,1.498435,1.861541,0.035042,2.008,distance
1781809676.262535,1781809676.217334,1.520935,1.862340,0.036357,2.083,distance
1781809676.462658,1781809676.417468,1.543270,1.862128,0.038081,2.182,distance
1781809676.762651,1781809676.717355,1.564307,1.862943,0.039546,2.266,distance
1781809677.063566,1781809677.017126,1.586918,1.866161,0.046551,2.667,distance
1781809677.312392,1781809677.267373,1.608128,1.867962,0.049626,2.843,distance
1781809677.562361,1781809677.517416,1.630369,1.869080,0.051128,2.929,distance
1781809677.862388,1781809677.817068,1.652841,1.871252,0.056009,3.209,distance
1781809678.112329,1781809678.067239,1.673252,1.872414,0.058009,3.324,distance
1781809678.362345,1781809678.317415,1.693647,1.875315,0.057856,3.315,distance
1781809678.612382,1781809678.569137,1.715518,1.876596,0.059379,3.402,distance
1781809678.862526,1781809678.824277,1.740576,1.878107,0.061500,3.524,distance
1781809679.362564,1781809679.317170,1.756404,1.879884,0.068309,3.914,time
1781809679.917349,1781809679.867085,1.756404,1.879884,0.068504,3.925,time
1781809680.462453,1781809680.417468,1.756404,1.879884,0.068708,3.937,time
1781809680.962484,1781809680.917106,1.756404,1.879884,0.068894,3.947,time
1781809681.512408,1781809681.467368,1.756404,1.879884,0.069117,3.960,time
1781809682.012454,1781809681.967273,1.756404,1.879884,0.069311,3.971,time
1781809682.512496,1781809682.467120,1.756404,1.879884,0.069528,3.984,time
1781809683.062418,1781809683.017163,1.756404,1.879884,0.069653,3.991,time
1781809683.612442,1781809683.567062,1.756404,1.879884,0.069863,4.003,time
1781809684.162381,1781809684.117336,1.756404,1.879884,0.070127,4.018,time
1781809684.662406,1781809684.617453,1.756404,1.879884,0.070347,4.031,time
1781809685.212505,1781809685.167195,1.756404,1.879884,0.070547,4.042,time
1781809685.762402,1781809685.717133,1.756404,1.879884,0.070871,4.061,time
1781809686.262422,1781809686.217247,1.756404,1.879884,0.071064,4.072,time
1781809686.812354,1781809686.767118,1.759170,1.880082,0.071287,4.084,time
1781809687.162339,1781809687.119727,1.781708,1.881708,0.072885,4.176,distance
1781809687.412415,1781809687.370155,1.806860,1.883564,0.074730,4.282,distance
1781809687.612372,1781809687.567168,1.829081,1.884257,0.070702,4.051,distance
1781809687.862347,1781809687.817304,1.851265,1.885843,0.072226,4.138,distance
1781809688.012341,1781809687.967179,1.872733,1.894289,0.080626,4.620,distance
1781809688.062309,1781809688.017162,1.900092,1.916476,0.103399,5.924,distance
1781809688.312361,1781809688.267435,1.920950,1.918659,0.105396,6.039,distance
1781809688.612493,1781809688.567139,1.941687,1.920860,0.107102,6.136,distance
1781809688.912631,1781809688.867237,1.962686,1.920753,0.136789,7.837,distance
1781809689.262387,1781809689.217269,1.986183,1.924304,0.167125,9.576,distance
1781809689.412381,1781809689.367135,2.005913,1.929349,0.191695,10.983,distance
1781809689.662393,1781809689.617211,2.028531,1.934026,0.221714,12.703,distance
1781809689.862430,1781809689.817091,2.056117,1.944676,0.257618,14.760,distance
1781809690.162339,1781809690.117497,2.076349,1.950242,0.282569,16.190,distance
1781809690.512417,1781809690.467101,2.099123,1.957984,0.314234,18.004,distance
1781809690.762414,1781809690.717627,2.122148,1.965789,0.346136,19.832,distance
1781809690.912726,1781809690.867125,2.144521,1.972387,0.357380,20.476,distance
1781809691.262323,1781809691.217113,2.163869,1.979846,0.382077,21.891,distance
1781809691.562346,1781809691.517091,2.185793,1.988609,0.409981,23.490,distance
1781809691.762420,1781809691.717109,2.205362,1.997353,0.437918,25.091,distance
1781809692.012380,1781809691.967363,2.226093,2.007105,0.472549,27.075,distance
1781809692.312493,1781809692.267555,2.244775,2.016884,0.496118,28.425,distance
1781809692.620656,1781809692.567095,2.264708,2.028522,0.515782,29.552,distance
1781809692.862327,1781809692.817509,2.283565,2.039433,0.540458,30.966,distance
1781809693.312386,1781809693.267151,2.299720,2.051501,0.561295,32.160,distance
1781809693.512631,1781809693.467060,2.319378,2.064124,0.586518,33.605,distance
1781809693.812532,1781809693.767064,2.337729,2.072265,0.605853,34.713,distance
1781809694.062456,1781809694.017612,2.354615,2.084175,0.626616,35.902,distance
1781809694.312456,1781809694.267382,2.373915,2.098767,0.651170,37.309,distance
1781809694.512672,1781809694.467079,2.391126,2.113260,0.676823,38.779,distance
1781809694.762407,1781809694.717345,2.407446,2.126601,0.697994,39.992,distance
1781809694.912534,1781809694.867331,2.423733,2.140390,0.705856,40.443,distance
1781809695.212472,1781809695.168243,2.441246,2.155607,0.729461,41.795,distance
1781809695.462464,1781809695.417427,2.456863,2.169826,0.752265,43.102,distance
1781809695.762377,1781809695.721273,2.473673,2.184162,0.778177,44.586,distance
1781809696.062402,1781809696.017350,2.489382,2.199600,0.800046,45.839,distance
1781809696.312618,1781809696.269001,2.504652,2.215510,0.823469,47.181,distance
1781809696.612506,1781809696.567312,2.518990,2.230203,0.843367,48.321,distance
1781809696.912602,1781809696.867272,2.534257,2.244018,0.852993,48.873,distance
1781809697.162438,1781809697.117481,2.548947,2.261147,0.875716,50.175,distance
1781809697.512390,1781809697.467193,2.566798,2.276638,0.892254,51.122,distance
1781809697.762366,1781809697.717600,2.581774,2.295610,0.919451,52.681,distance
1781809697.962381,1781809697.917382,2.595889,2.310822,0.940192,53.869,distance
1781809698.262376,1781809698.218567,2.609385,2.328463,0.965352,55.311,distance
1781809698.712354,1781809698.667488,2.620372,2.348284,1.006509,57.669,distance
1781809698.912333,1781809698.867387,2.631494,2.366297,1.036385,59.380,distance
1781809699.062526,1781809699.017509,2.645507,2.389343,1.058696,60.659,distance
1781809699.362423,1781809699.317450,2.655267,2.407155,1.085236,62.179,distance
1781809699.712336,1781809699.667140,2.666397,2.424297,1.107907,63.478,distance
1781809699.962377,1781809699.917265,2.676164,2.444452,1.137386,65.167,distance
1781809700.012403,1781809699.967251,2.627448,2.428759,1.135188,65.041,distance
1781809700.312361,1781809700.267433,2.623650,2.451338,1.177604,67.472,distance
1781809700.715576,1781809700.667203,2.628288,2.470921,1.213364,69.521,distance
1781809701.062407,1781809701.017193,2.631063,2.491214,1.240487,71.075,distance
1781809701.262339,1781809701.217634,2.637717,2.511318,1.269783,72.753,distance
1781809701.512444,1781809701.467334,2.642493,2.533989,1.302088,74.604,distance
1781809701.962505,1781809701.917146,2.647922,2.554686,1.345345,77.083,distance
1781809702.262539,1781809702.218286,2.651887,2.575871,1.374614,78.760,distance
1781809702.612388,1781809702.567195,2.654316,2.599227,1.411858,80.893,distance
1781809702.962388,1781809702.917346,2.653808,2.620885,1.443891,82.729,distance
1781809703.213169,1781809703.167355,2.656362,2.642904,1.473336,84.416,distance
1781809703.462357,1781809703.417418,2.655087,2.667231,1.505489,86.258,distance
1781809703.712353,1781809703.667185,2.657430,2.687493,1.510142,86.525,distance
1781809704.012358,1781809703.967212,2.658759,2.709668,1.512091,86.636,distance
1781809704.312364,1781809704.267036,2.660063,2.732259,1.514455,86.772,distance
1781809704.512390,1781809704.467216,2.658135,2.753908,1.520418,87.114,distance
1781809704.762520,1781809704.717789,2.659157,2.774663,1.522989,87.261,distance
1781809705.012395,1781809704.969094,2.660099,2.794795,1.523625,87.297,distance
1781809705.262398,1781809705.217165,2.661039,2.815097,1.525611,87.411,distance
1781809705.512475,1781809705.467483,2.661994,2.836686,1.527824,87.538,distance
1781809705.812443,1781809705.767334,2.659768,2.860675,1.536894,88.058,distance
1781809706.062580,1781809706.017214,2.660451,2.881345,1.539033,88.180,distance
1781809706.262479,1781809706.218948,2.660029,2.907221,1.542716,88.391,distance
1781809706.512359,1781809706.467096,2.660595,2.928064,1.544817,88.511,distance
1781809706.762528,1781809706.717628,2.661168,2.950898,1.547034,88.639,distance
1781809707.062369,1781809707.017727,2.663271,2.972000,1.548745,88.737,distance
1781809707.312374,1781809707.267158,2.663708,2.992961,1.551238,88.879,distance
1781809707.512367,1781809707.467399,2.662705,3.016817,1.557925,89.263,distance
1781809707.762463,1781809707.717263,2.662456,3.038530,1.561638,89.475,distance
1781809708.062370,1781809708.017253,2.662647,3.061878,1.563954,89.608,distance
1781809708.462410,1781809708.417322,2.663991,3.083782,1.555149,89.103,distance
1781809708.717182,1781809708.667899,2.664331,3.106543,1.556796,89.198,distance
1781809708.812384,1781809708.767193,2.686400,3.136816,1.580671,90.566,distance
1781809708.862433,1781809708.817107,2.706795,3.160439,1.604325,91.921,distance
1781809709.112357,1781809709.067139,2.706042,3.182429,1.606116,92.024,distance
1781809709.362379,1781809709.317036,2.705309,3.202765,1.608025,92.133,distance
1781809709.462346,1781809709.417079,2.664850,3.162556,1.573089,90.131,distance
1781809709.712342,1781809709.667103,2.664784,3.182734,1.575376,90.262,distance
1781809709.962374,1781809709.917094,2.664669,3.203931,1.577350,90.376,distance
1781809710.412465,1781809710.367224,2.664750,3.224158,1.584880,90.807,distance
1781809710.662684,1781809710.617210,2.664436,3.245253,1.586878,90.921,distance
1781809710.912380,1781809710.867074,2.664293,3.265699,1.587808,90.975,distance
1781809711.212379,1781809711.167117,2.663880,3.288798,1.589598,91.077,distance
1781809711.469513,1781809711.417400,2.663525,3.309015,1.594565,91.362,distance
1781809711.712337,1781809711.667196,2.662993,3.330588,1.596789,91.489,distance
1781809711.962221,1781809711.918395,2.662385,3.351696,1.597988,91.558,distance
1781809712.462384,1781809712.417091,2.662184,3.355961,1.595796,91.432,time
1781809712.962387,1781809712.917479,2.662184,3.355968,1.595960,91.442,time
1781809713.462555,1781809713.418039,2.662184,3.355968,1.596187,91.455,time
1781809713.962709,1781809713.917099,2.662184,3.355968,1.596358,91.465,time
1781809714.512405,1781809714.473087,2.662184,3.355968,1.596556,91.476,time
1781809715.063391,1781809715.017082,2.662184,3.355968,1.596837,91.492,time
1781809715.612466,1781809715.568175,2.662184,3.355968,1.597054,91.504,time
1781809716.162375,1781809716.117333,2.662184,3.355968,1.597258,91.516,time
1781809716.662378,1781809716.617370,2.662184,3.355968,1.597471,91.528,time
1781809717.162899,1781809717.117049,2.662184,3.355968,1.597633,91.538,time
1781809717.712372,1781809717.667347,2.662184,3.355968,1.597822,91.548,time
1781809718.262348,1781809718.217324,2.662184,3.355968,1.598099,91.564,time
1781809718.762477,1781809718.717402,2.662184,3.355968,1.598306,91.576,time
1781809719.312403,1781809719.267129,2.662184,3.355968,1.598463,91.585,time
1781809719.862400,1781809719.818516,2.662184,3.355968,1.598728,91.600,time
1781809720.362401,1781809720.317274,2.662184,3.355968,1.598914,91.611,time
1781809720.912370,1781809720.867256,2.662184,3.355968,1.599145,91.624,time
1781809721.412395,1781809721.367225,2.661925,3.365029,1.598723,91.600,time
1781809721.662366,1781809721.617180,2.661341,3.387047,1.594759,91.373,distance
1781809721.912362,1781809721.867858,2.658836,3.409626,1.590203,91.112,distance
1781809722.162389,1781809722.121160,2.658402,3.434581,1.585021,90.815,distance
1781809722.562594,1781809722.517137,2.658501,3.458462,1.577497,90.384,distance
1781809722.962866,1781809722.921148,2.658362,3.479007,1.577826,90.403,distance
1781809723.162443,1781809723.118685,2.656690,3.501503,1.580293,90.544,distance
1781809723.362443,1781809723.317416,2.656492,3.521783,1.581034,90.587,distance
1781809723.562486,1781809723.517291,2.656275,3.542368,1.581880,90.635,distance
1781809723.612536,1781809723.567167,2.666569,3.562214,1.586747,90.914,distance
1781809723.662599,1781809723.617217,2.697169,3.612531,1.601088,91.736,distance
1781809723.912366,1781809723.867135,2.696521,3.633550,1.602297,91.805,distance
1781809724.162341,1781809724.117029,2.695870,3.653923,1.603424,91.869,distance
1781809724.262432,1781809724.217084,2.661367,3.594546,1.582386,90.664,distance
1781809724.512344,1781809724.467202,2.661116,3.614829,1.583998,90.756,distance
1781809724.762333,1781809724.717086,2.660829,3.635351,1.585842,90.862,distance
1781809725.062380,1781809725.017306,2.663110,3.655941,1.575809,90.287,distance
1781809725.362710,1781809725.320798,2.662976,3.680246,1.577010,90.356,distance
1781809725.562475,1781809725.517125,2.660975,3.706428,1.579020,90.471,distance
1781809725.812330,1781809725.769383,2.660776,3.729063,1.580581,90.561,distance
1781809726.062368,1781809726.017339,2.660548,3.750874,1.582161,90.651,distance
1781809726.315082,1781809726.267211,2.660734,3.773647,1.577582,90.389,distance
1781809726.562384,1781809726.517283,2.660575,3.795105,1.578906,90.465,distance
1781809726.812364,1781809726.767216,2.658325,3.818935,1.578460,90.439,distance
1781809727.062341,1781809727.019110,2.658142,3.841339,1.579800,90.516,distance
1781809727.312467,1781809727.267156,2.657951,3.861354,1.580787,90.572,distance
1781809727.612421,1781809727.567250,2.658994,3.882383,1.580127,90.535,distance
1781809727.918710,1781809727.867188,2.658778,3.905024,1.580611,90.562,distance
1781809728.162357,1781809728.117221,2.658542,3.926141,1.585273,90.829,distance
1781809728.412736,1781809728.367118,2.658197,3.949443,1.586190,90.882,distance
1781809728.662668,1781809728.617305,2.652461,3.973943,1.588265,91.001,distance
1781809728.912350,1781809728.867247,2.652091,3.994698,1.588777,91.030,distance
1781809729.162446,1781809729.117180,2.651704,4.016913,1.585867,90.863,distance
1781809729.362386,1781809729.317057,2.654201,4.037383,1.582990,90.699,distance
1781809729.662347,1781809729.617042,2.653956,4.061770,1.577964,90.411,distance
1781809729.912341,1781809729.867640,2.656909,4.083120,1.570047,89.957,distance
1781809730.162349,1781809730.117155,2.656960,4.103243,1.565507,89.697,distance
1781809730.412754,1781809730.367031,2.657109,4.123735,1.560670,89.420,distance
1781809730.662422,1781809730.617139,2.655817,4.143740,1.558038,89.269,distance
1781809730.912705,1781809730.867064,2.656134,4.165132,1.553002,88.980,distance
1781809731.212391,1781809731.167160,2.652720,4.199665,1.553164,88.990,distance
1781809731.512394,1781809731.467510,2.653100,4.221088,1.552926,88.976,distance
1781809731.862644,1781809731.817041,2.653484,4.242797,1.553341,89.000,distance
1781809732.112384,1781809732.067537,2.648798,4.264940,1.563035,89.555,distance
1781809732.312353,1781809732.267160,2.648946,4.285028,1.563859,89.603,distance
1781809732.512347,1781809732.467085,2.649401,4.305514,1.559691,89.364,distance
1781809732.862386,1781809732.817163,2.649759,4.326870,1.558499,89.295,distance
1781809733.412698,1781809733.367106,2.649758,4.326823,1.558666,89.305,time
1781809733.962412,1781809733.917136,2.649758,4.326823,1.558807,89.313,time
1781809734.512398,1781809734.467138,2.649758,4.326823,1.559081,89.329,time
1781809735.062382,1781809735.019163,2.649758,4.326823,1.559283,89.340,time
1781809735.562555,1781809735.517119,2.649758,4.326823,1.559436,89.349,time
1781809736.112366,1781809736.067150,2.649758,4.326823,1.559725,89.366,time
1781809736.662340,1781809736.617762,2.649758,4.326823,1.559939,89.378,time
1781809737.162401,1781809737.117118,2.649758,4.326823,1.560068,89.385,time
1781809737.712361,1781809737.667056,2.649758,4.326823,1.560295,89.398,time
1781809738.212987,1781809738.167117,2.649758,4.326823,1.560514,89.411,time
1781809738.762448,1781809738.717302,2.649758,4.326823,1.560727,89.423,time
1781809739.312371,1781809739.267292,2.649758,4.326823,1.560938,89.435,time
1781809739.812520,1781809739.767378,2.649758,4.326823,1.561192,89.450,time
1781809740.362348,1781809740.317468,2.649758,4.326823,1.561449,89.464,time
1781809740.912407,1781809740.867311,2.649758,4.326823,1.561680,89.478,time
1781809741.412331,1781809741.367427,2.649817,4.347879,1.582220,90.655,distance
1781809741.612526,1781809741.567188,2.656541,4.369226,1.598335,91.578,distance
1781809741.812402,1781809741.767419,2.655879,4.390956,1.603339,91.865,distance
1781809742.012346,1781809741.967289,2.655164,4.412382,1.605381,91.982,distance
1781809742.362324,1781809742.317349,2.648459,4.432174,1.609272,92.204,distance
1781809742.612442,1781809742.571172,2.647475,4.457318,1.610854,92.295,distance
1781809742.812653,1781809742.767276,2.640396,4.479193,1.610145,92.254,distance
1781809743.062360,1781809743.017166,2.639523,4.500887,1.612346,92.381,distance
1781809743.312382,1781809743.267335,2.638516,4.524577,1.614655,92.513,distance
1781809743.662375,1781809743.617228,2.642116,4.544981,1.631673,93.488,distance
1781809744.012507,1781809743.967058,2.640185,4.565843,1.656910,94.934,distance
1781809744.312351,1781809744.267132,2.636588,4.588995,1.688325,96.734,distance
1781809744.512319,1781809744.467769,2.633872,4.610019,1.718109,98.440,distance
1781809744.862370,1781809744.817799,2.632060,4.631939,1.760043,100.843,distance
1781809745.112359,1781809745.068340,2.626486,4.653958,1.774063,101.646,distance
1781809745.412407,1781809745.367209,2.621185,4.678173,1.804301,103.379,distance
1781809745.712614,1781809745.667249,2.620599,4.702793,1.840870,105.474,distance
1781809745.962406,1781809745.917034,2.614200,4.724849,1.871335,107.220,distance
1781809746.312340,1781809746.267056,2.609570,4.744985,1.901689,108.959,distance
1781809746.615877,1781809746.567326,2.600682,4.769082,1.932264,110.711,distance
1781809746.812680,1781809746.767029,2.592121,4.790363,1.961861,112.406,distance
1781809747.012358,1781809746.967324,2.583704,4.811052,1.990128,114.026,distance
1781809747.312465,1781809747.267190,2.575220,4.832017,2.016730,115.550,distance
1781809747.562376,1781809747.517590,2.568573,4.851713,2.045192,117.181,distance
1781809747.812389,1781809747.767292,2.557908,4.871907,2.074469,118.858,distance
1781809748.012393,1781809747.967046,2.549433,4.891765,2.101794,120.424,distance
1781809748.312348,1781809748.267197,2.537669,4.911274,2.130038,122.042,distance
1781809748.612349,1781809748.567246,2.522045,4.928619,2.163161,123.940,distance
1781809748.862393,1781809748.817200,2.509448,4.946863,2.193791,125.695,distance
1781809749.062369,1781809749.018438,2.494846,4.961128,2.218276,127.098,distance
1781809749.362484,1781809749.317218,2.482148,4.977806,2.242097,128.463,distance
1781809749.662350,1781809749.617089,2.467435,4.996681,2.268017,129.948,distance
1781809749.862340,1781809749.817244,2.454271,5.012075,2.296280,131.567,distance
1781809750.162350,1781809750.117202,2.439154,5.029002,2.340021,134.073,distance
1781809750.562665,1781809750.517184,2.422620,5.043860,2.364909,135.499,distance
1781809750.862367,1781809750.818864,2.406462,5.059390,2.392082,137.056,distance
1781809751.012337,1781809750.971703,2.389934,5.074203,2.410607,138.118,distance
1781809751.212512,1781809751.167072,2.374878,5.087420,2.438972,139.743,distance
1781809751.412369,1781809751.367251,2.351044,5.109773,2.472897,141.687,distance
1781809751.712341,1781809751.667123,2.334955,5.122213,2.498197,143.136,distance
1781809752.162407,1781809752.117246,2.313011,5.134158,2.532504,145.102,distance
1781809752.362425,1781809752.317241,2.295323,5.146229,2.560626,146.713,distance
1781809752.612373,1781809752.567381,2.275088,5.155233,2.605010,149.256,distance
1781809753.062364,1781809753.017458,2.253576,5.162963,2.641265,151.333,distance
1781809753.312378,1781809753.267251,2.235415,5.172656,2.666890,152.802,distance
1781809753.512327,1781809753.467093,2.216318,5.183368,2.687690,153.993,distance
1781809753.712364,1781809753.667209,2.197643,5.192246,2.715203,155.570,distance
1781809753.862427,1781809753.817039,2.164922,5.192720,2.730967,156.473,distance
1781809754.062401,1781809754.017093,2.144246,5.196893,2.750108,157.570,distance
1781809754.312408,1781809754.267116,2.125656,5.204349,2.776354,159.073,distance
1781809754.612350,1781809754.567051,2.106324,5.210200,2.809514,160.973,distance
1781809755.112330,1781809755.069635,2.092065,5.226853,2.860752,163.909,distance
1781809755.412369,1781809755.367098,2.069721,5.232239,2.890800,165.631,distance
1781809755.662332,1781809755.617092,2.047805,5.237652,2.904064,166.391,distance
1781809755.862426,1781809755.817096,2.027987,5.242425,2.906558,166.534,distance
1781809756.062553,1781809756.018527,2.005591,5.245160,2.913323,166.921,distance
1781809756.262543,1781809756.217440,1.985975,5.249700,2.915696,167.057,distance
1781809756.462409,1781809756.417094,1.963910,5.253834,2.914402,166.983,distance
1781809756.712375,1781809756.667267,1.942695,5.258411,2.915585,167.051,distance
1781809757.012379,1781809756.967212,1.921010,5.263377,2.917689,167.171,distance
1781809757.362343,1781809757.317093,1.900683,5.263959,2.916374,167.096,distance
1781809757.612369,1781809757.567376,1.878902,5.268925,2.918850,167.238,distance
1781809757.862372,1781809757.818324,1.858815,5.272083,2.919147,167.255,distance
1781809758.163066,1781809758.117178,1.836972,5.276996,2.921991,167.418,distance
1781809758.462389,1781809758.417084,1.814043,5.282676,2.920190,167.315,distance
1781809758.712398,1781809758.667042,1.791999,5.287621,2.920747,167.347,distance
1781809758.962416,1781809758.917031,1.769353,5.292908,2.896234,165.942,distance
1781809759.212342,1781809759.167276,1.748610,5.297016,2.875745,164.768,distance
1781809759.562374,1781809759.517557,1.726848,5.303182,2.851545,163.381,distance
1781809759.712347,1781809759.667687,1.706622,5.308946,2.840038,162.722,distance
1781809759.962413,1781809759.917393,1.683361,5.316484,2.810479,161.029,distance
1781809760.212418,1781809760.167269,1.663543,5.321748,2.786817,159.673,distance
1781809760.562359,1781809760.517139,1.643251,5.329484,2.764529,158.396,distance
1781809760.912385,1781809760.867075,1.622035,5.335818,2.733952,156.644,distance
1781809761.114393,1781809761.067055,1.603574,5.343986,2.709315,155.232,distance
1781809761.312364,1781809761.267027,1.584547,5.352976,2.684492,153.810,distance
1781809761.562476,1781809761.517238,1.567111,5.363850,2.665751,152.736,distance
1781809761.912392,1781809761.867321,1.547822,5.373724,2.643981,151.489,distance
1781809762.162388,1781809762.117370,1.529075,5.383032,2.624858,150.393,distance
1781809762.362396,1781809762.317330,1.511103,5.393451,2.601418,149.050,distance
1781809762.662519,1781809762.617323,1.495419,5.408962,2.565533,146.994,distance
1781809762.962466,1781809762.917212,1.476807,5.421311,2.540831,145.579,distance
1781809763.212669,1781809763.167522,1.457701,5.435550,2.517182,144.224,distance
1781809763.462392,1781809763.417555,1.439367,5.449058,2.490878,142.717,distance
1781809763.712455,1781809763.667222,1.420262,5.461641,2.468951,141.460,distance
1781809763.962469,1781809763.917288,1.401965,5.476411,2.459598,140.925,distance
1781809764.212497,1781809764.167356,1.385429,5.489912,2.460472,140.975,distance
1781809764.562580,1781809764.517216,1.366761,5.505102,2.464215,141.189,distance
1781809764.812440,1781809764.767665,1.351067,5.517715,2.465328,141.253,distance
1781809765.062412,1781809765.017335,1.334213,5.529650,2.474622,141.785,distance
1781809765.312508,1781809765.267188,1.317769,5.542587,2.475525,141.837,distance
1781809765.562369,1781809765.517323,1.301260,5.555550,2.476502,141.893,distance
1781809765.962340,1781809765.917287,1.286301,5.573955,2.468549,141.437,distance
1781809766.262406,1781809766.217498,1.267836,5.588655,2.470028,141.522,distance
1781809766.612683,1781809766.567355,1.249120,5.602575,2.468404,141.429,distance
1781809766.862341,1781809766.817479,1.233443,5.615064,2.469805,141.509,distance
1781809767.162416,1781809767.117345,1.213498,5.626400,2.475208,141.819,distance
1781809767.462340,1781809767.417521,1.194814,5.641072,2.477512,141.951,distance
1781809767.762357,1781809767.717247,1.173640,5.650835,2.508016,143.699,distance
1781809768.062537,1781809768.017027,1.156341,5.663254,2.534361,145.208,distance
1781809768.312356,1781809768.267061,1.137177,5.673597,2.556581,146.481,distance
1781809768.562340,1781809768.517086,1.117178,5.685639,2.586064,148.171,distance
1781809768.862412,1781809768.817236,1.097318,5.694042,2.617787,149.988,distance
1781809769.212359,1781809769.167031,1.077254,5.705315,2.645961,151.602,distance
1781809769.512468,1781809769.467531,1.059189,5.719573,2.676839,153.372,distance
1781809769.762407,1781809769.722418,1.037539,5.730097,2.708975,155.213,distance
1781809770.012477,1781809769.967119,1.017578,5.735907,2.737698,156.859,distance
1781809770.412367,1781809770.367148,0.994588,5.742948,2.774128,158.946,distance
1781809770.662337,1781809770.617212,0.974498,5.750433,2.802023,160.544,distance
1781809770.862413,1781809770.817297,0.953718,5.763045,2.818599,161.494,distance
1781809771.112461,1781809771.067129,0.934116,5.769383,2.844741,162.992,distance
1781809771.312366,1781809771.267320,0.910292,5.772554,2.873979,164.667,distance
1781809771.562373,1781809771.517058,0.889973,5.777887,2.902176,166.282,distance
1781809771.862336,1781809771.817131,0.870507,5.783370,2.927849,167.753,distance
1781809772.112409,1781809772.067303,0.850780,5.787439,2.953571,169.227,distance
1781809772.412400,1781809772.367337,0.827452,5.789424,2.988008,171.200,distance
1781809772.662336,1781809772.617137,0.806666,5.792424,3.014822,172.737,distance
1781809772.812331,1781809772.767388,0.782503,5.795114,3.029737,173.591,distance
1781809773.062380,1781809773.017152,0.759302,5.797422,3.061643,175.419,distance
1781809773.362396,1781809773.317091,0.738902,5.795346,3.094170,177.283,distance
1781809773.662351,1781809773.617099,0.718096,5.796134,3.118460,178.675,distance
1781809773.962366,1781809773.917089,0.694675,5.796328,-3.129209,-179.290,distance
1781809774.162324,1781809774.117151,0.674325,5.795866,-3.101432,-177.699,distance
1781809774.412371,1781809774.367537,0.650711,5.795027,-3.080836,-176.519,distance
1781809774.762389,1781809774.717153,0.627954,5.792824,-3.058286,-175.227,distance
1781809775.062515,1781809775.017093,0.603988,5.790547,-3.029290,-173.566,distance
1781809775.312468,1781809775.267585,0.572431,5.785711,-2.994355,-171.564,distance
1781809775.512452,1781809775.467094,0.551798,5.782239,-2.969299,-170.128,distance
1781809775.712452,1781809775.667126,0.528422,5.778098,-2.943680,-168.660,distance
1781809775.962428,1781809775.917246,0.506671,5.773525,-2.916808,-167.121,distance
1781809776.212448,1781809776.167097,0.485853,5.768532,-2.890050,-165.588,distance
1781809776.462403,1781809776.417078,0.463742,5.763126,-2.860833,-163.914,distance
1781809776.712437,1781809776.667152,0.434152,5.755016,-2.834678,-162.415,distance
1781809776.962398,1781809776.921890,0.413404,5.748574,-2.811808,-161.105,distance
1781809777.212450,1781809777.167129,0.387790,5.736056,-2.782669,-159.435,distance
1781809777.262378,1781809777.223718,0.361063,5.715537,-2.763979,-158.364,distance
1781809777.512531,1781809777.467934,0.340218,5.706986,-2.734688,-156.686,distance
1781809777.712351,1781809777.667324,0.318933,5.700040,-2.706744,-155.085,distance
1781809778.012389,1781809777.967095,0.298543,5.690284,-2.679246,-153.510,distance
1781809778.312431,1781809778.267062,0.277071,5.678890,-2.648200,-151.731,distance
1781809778.562463,1781809778.517116,0.255799,5.667079,-2.615625,-149.864,distance
1781809778.862386,1781809778.817942,0.238758,5.651296,-2.606261,-149.328,distance
1781809779.112360,1781809779.067109,0.220235,5.640277,-2.603454,-149.167,distance
1781809779.362382,1781809779.317400,0.201418,5.629017,-2.600525,-148.999,distance
1781809779.612504,1781809779.567071,0.181456,5.618114,-2.601159,-149.035,distance
1781809779.912715,1781809779.870900,0.160393,5.605437,-2.598302,-148.872,distance
1781809780.162369,1781809780.117172,0.141325,5.593897,-2.595999,-148.740,distance
1781809780.312586,1781809780.267042,0.123299,5.583555,-2.585962,-148.165,distance
1781809780.562390,1781809780.517250,0.105557,5.572512,-2.583183,-148.006,distance
1781809780.812357,1781809780.767457,0.087096,5.560944,-2.580053,-147.826,distance
1781809781.212484,1781809781.167550,0.066918,5.548867,-2.573199,-147.433,distance
1781809781.462409,1781809781.417268,0.049332,5.537611,-2.570858,-147.299,distance
1781809781.712455,1781809781.667383,0.031215,5.525956,-2.568669,-147.174,distance
1781809782.012445,1781809781.967036,0.013052,5.514173,-2.570018,-147.251,distance
1781809782.262363,1781809782.217094,-0.004295,5.502986,-2.567055,-147.081,distance
1781809782.512368,1781809782.467508,-0.022252,5.491338,-2.564980,-146.963,distance
1781809782.712396,1781809782.667105,-0.041022,5.478738,-2.564990,-146.963,distance
1781809782.962371,1781809782.917515,-0.060566,5.465890,-2.563313,-146.867,distance
1781809783.212371,1781809783.167423,-0.077468,5.454828,-2.560425,-146.702,distance
1781809783.462348,1781809783.417542,-0.095171,5.443220,-2.570648,-147.287,distance
1781809783.712416,1781809783.667353,-0.113428,5.433045,-2.588522,-148.311,distance
1781809784.212542,1781809784.167226,-0.124747,5.426133,-2.596628,-148.776,time
1781809784.412380,1781809784.367362,-0.141917,5.415733,-2.597382,-148.819,distance
1781809784.612382,1781809784.567313,-0.159857,5.404877,-2.597438,-148.822,distance
1781809784.812360,1781809784.767449,-0.176962,5.393827,-2.601764,-149.070,distance
1781809785.062368,1781809785.017244,-0.194452,5.383344,-2.601343,-149.046,distance
1781809785.312780,1781809785.267307,-0.212388,5.372584,-2.601142,-149.034,distance
1781809785.662493,1781809785.617500,-0.232487,5.359766,-2.602693,-149.123,distance
1781809785.962359,1781809785.917336,-0.253229,5.347686,-2.631029,-150.747,distance
1781809786.262331,1781809786.217206,-0.272119,5.337370,-2.656210,-152.190,distance
1781809786.562351,1781809786.517309,-0.292720,5.325296,-2.680988,-153.609,distance
1781809786.819533,1781809786.767046,-0.313572,5.315225,-2.708138,-155.165,distance
1781809787.012429,1781809786.967370,-0.332118,5.304238,-2.732778,-156.577,distance
1781809787.312356,1781809787.267279,-0.351629,5.296020,-2.756832,-157.955,distance
1781809787.712421,1781809787.667172,-0.373611,5.292002,-2.786646,-159.663,distance
1781809787.962466,1781809787.917255,-0.395479,5.284146,-2.813000,-161.173,distance
1781809788.162440,1781809788.117350,-0.419220,5.275327,-2.832763,-162.305,distance
1781809788.412428,1781809788.367049,-0.441221,5.268560,-2.859011,-163.809,distance
1781809788.612619,1781809788.567346,-0.460234,5.260353,-2.874564,-164.700,distance
1781809788.912336,1781809788.867131,-0.480254,5.255077,-2.897394,-166.008,distance
1781809789.162467,1781809789.119070,-0.502131,5.249865,-2.924113,-167.539,distance
1781809789.262348,1781809789.218030,-0.503640,5.283696,-2.956813,-169.413,distance
1781809789.512444,1781809789.468951,-0.527371,5.279529,-2.984005,-170.971,distance
1781809789.712439,1781809789.667089,-0.547335,5.276995,-2.992727,-171.471,distance
1781809789.962336,1781809789.917239,-0.569812,5.273632,-2.993083,-171.491,distance
1781809790.312459,1781809790.267212,-0.593509,5.270072,-2.991935,-171.425,distance
1781809790.562361,1781809790.517223,-0.615343,5.264357,-2.990521,-171.344,distance
1781809790.812347,1781809790.767064,-0.638292,5.260857,-2.989800,-171.303,distance
1781809791.165375,1781809791.117239,-0.660939,5.254703,-2.983769,-170.957,distance
1781809791.412357,1781809791.367288,-0.682483,5.251265,-2.982712,-170.897,distance
1781809791.712378,1781809791.667339,-0.705450,5.245979,-2.982436,-170.881,distance
1781809791.962403,1781809791.917212,-0.725385,5.242765,-2.981008,-170.799,distance
1781809792.212402,1781809792.168232,-0.746707,5.239302,-2.980039,-170.744,distance
1781809792.412406,1781809792.367292,-0.766394,5.234877,-2.973809,-170.387,distance
1781809792.662714,1781809792.617379,-0.786232,5.231506,-2.972462,-170.310,distance
1781809793.212959,1781809793.167238,-0.803263,5.229368,-2.976097,-170.518,time
1781809793.512394,1781809793.467171,-0.826803,5.225153,-2.946488,-168.821,distance
1781809793.763452,1781809793.717193,-0.849282,5.220440,-2.917384,-167.154,distance
1781809794.112185,1781809794.067254,-0.871498,5.219459,-2.890350,-165.605,distance
1781809794.412358,1781809794.367209,-0.891794,5.208765,-2.855222,-163.592,distance
1781809794.712338,1781809794.667213,-0.912586,5.202369,-2.826577,-161.951,distance
1781809795.012370,1781809794.968060,-0.929838,5.192232,-2.799925,-160.424,distance
1781809795.262373,1781809795.217272,-0.949901,5.184846,-2.771134,-158.774,distance
1781809795.512349,1781809795.467273,-0.959075,5.165796,-2.741824,-157.095,distance
1781809795.812469,1781809795.767176,-0.990325,5.163940,-2.717842,-155.721,distance
1781809796.062535,1781809796.017212,-1.010757,5.158556,-2.697424,-154.551,distance
1781809796.312452,1781809796.267027,-1.033300,5.147509,-2.677993,-153.438,distance
1781809796.562467,1781809796.517522,-1.045800,5.128180,-2.674083,-153.214,distance
1781809796.812408,1781809796.767475,-1.066116,5.117899,-2.671711,-153.078,distance
1781809797.112523,1781809797.067216,-1.082319,5.105158,-2.664377,-152.658,distance
1781809797.412346,1781809797.367040,-1.102570,5.094659,-2.662040,-152.524,distance
1781809797.712363,1781809797.667176,-1.122449,5.084296,-2.665212,-152.705,distance
1781809797.862384,1781809797.817290,-1.144006,5.072695,-2.669996,-152.980,distance
1781809798.412347,1781809798.367087,-1.155566,5.066880,-2.686373,-153.918,time
1781809798.912358,1781809798.867272,-1.155566,5.066880,-2.685916,-153.892,time
1781809799.412383,1781809799.368262,-1.155566,5.066880,-2.685600,-153.874,time
1781809799.912474,1781809799.867121,-1.155566,5.066880,-2.685374,-153.861,time
1781809800.462360,1781809800.417382,-1.155566,5.066880,-2.685307,-153.857,time
1781809800.962413,1781809800.917394,-1.155566,5.066880,-2.685112,-153.846,time
1781809801.462530,1781809801.417507,-1.155566,5.066880,-2.684912,-153.834,time
1781809802.012341,1781809801.967413,-1.155566,5.066880,-2.684722,-153.823,time
1781809802.512668,1781809802.467249,-1.155566,5.066880,-2.684473,-153.809,time
1781809803.062742,1781809803.017045,-1.155566,5.066880,-2.684257,-153.797,time
1781809803.612523,1781809803.567714,-1.155566,5.066880,-2.684027,-153.783,time
1781809804.162692,1781809804.117254,-1.155566,5.066880,-2.683823,-153.772,time
1781809804.712327,1781809804.667491,-1.155566,5.066880,-2.683515,-153.754,time
1781809805.212459,1781809805.167195,-1.155566,5.066880,-2.683350,-153.745,time
1781809805.712493,1781809805.667383,-1.155566,5.066880,-2.683183,-153.735,time
1781809806.262467,1781809806.217458,-1.155566,5.066880,-2.683010,-153.725,time
1781809806.812413,1781809806.767207,-1.155566,5.066880,-2.682815,-153.714,time
1781809807.362643,1781809807.317832,-1.155566,5.066880,-2.682620,-153.703,time
1781809807.912343,1781809807.867101,-1.155566,5.066880,-2.682469,-153.694,time
1781809808.412349,1781809808.367428,-1.177480,5.055928,-2.669873,-152.972,distance
1781809808.612409,1781809808.567302,-1.196584,5.046064,-2.656002,-152.178,distance
1781809808.912440,1781809808.867223,-1.213201,5.031897,-2.637492,-151.117,distance
1781809809.162383,1781809809.117111,-1.233307,5.020645,-2.622082,-150.234,distance
1781809809.412383,1781809809.367169,-1.252400,5.007342,-2.604777,-149.243,distance
1781809809.662361,1781809809.617180,-1.270518,4.996434,-2.591674,-148.492,distance
1781809809.962443,1781809809.917124,-1.289913,4.984371,-2.576182,-147.604,distance
1781809810.312330,1781809810.270117,-1.308961,4.971755,-2.563211,-146.861,distance
1781809810.562478,1781809810.517055,-1.327545,4.959468,-2.548803,-146.036,distance
1781809810.812480,1781809810.767183,-1.345742,4.947057,-2.534118,-145.194,distance
1781809811.112367,1781809811.067125,-1.364518,4.934833,-2.514033,-144.043,distance
1781809811.362388,1781809811.317174,-1.382109,4.921886,-2.496696,-143.050,distance
1781809811.862417,1781809811.817412,-1.397917,4.909833,-2.480548,-142.125,time
1781809812.162397,1781809812.117309,-1.417181,4.899454,-2.465680,-141.273,distance
1781809812.512345,1781809812.467352,-1.434836,4.885061,-2.446897,-140.197,distance
1781809812.762374,1781809812.717039,-1.453484,4.869268,-2.426465,-139.026,distance
1781809813.062389,1781809813.017166,-1.471025,4.855680,-2.409422,-138.050,distance
1781809813.312380,1781809813.267104,-1.486901,4.841214,-2.392161,-137.061,distance
1781809813.562414,1781809813.517126,-1.502551,4.824570,-2.374471,-136.047,distance
1781809813.812443,1781809813.768858,-1.518150,4.808689,-2.356297,-135.006,distance
1781809814.062404,1781809814.017396,-1.532827,4.793792,-2.337782,-133.945,distance
1781809814.462402,1781809814.417091,-1.545562,4.774912,-2.317022,-132.756,distance
1781809814.712368,1781809814.667208,-1.559091,4.760084,-2.300826,-131.828,distance
1781809814.962388,1781809814.917356,-1.572608,4.744773,-2.283500,-130.835,distance
1781809815.262448,1781809815.217249,-1.587972,4.727543,-2.272252,-130.190,distance
1781809815.562509,1781809815.517438,-1.602632,4.709896,-2.252584,-129.064,distance
1781809815.762557,1781809815.718436,-1.616351,4.694189,-2.240397,-128.365,distance
1781809816.012507,1781809815.967330,-1.630071,4.676580,-2.221035,-127.256,distance
1781809816.262366,1781809816.217263,-1.643958,4.658004,-2.200015,-126.052,distance
1781809816.562397,1781809816.517096,-1.655291,4.640126,-2.178946,-124.844,distance
1781809816.862374,1781809816.817136,-1.668289,4.621122,-2.159456,-123.728,distance
1781809817.112349,1781809817.067282,-1.684335,4.605068,-2.141402,-122.693,distance
1781809817.362479,1781809817.317238,-1.695351,4.587636,-2.123891,-121.690,distance
1781809817.614251,1781809817.572881,-1.707512,4.567613,-2.105727,-120.649,distance
1781809817.912405,1781809817.867245,-1.716935,4.547389,-2.082793,-119.335,distance
1781809818.162558,1781809818.117299,-1.727152,4.528911,-2.065304,-118.333,distance
1781809818.412370,1781809818.371282,-1.740965,4.511137,-2.050666,-117.495,distance
1781809818.662388,1781809818.617163,-1.751018,4.491465,-2.031853,-116.417,distance
1781809818.912354,1781809818.867092,-1.760164,4.472721,-2.013755,-115.380,distance
1781809819.212534,1781809819.167551,-1.765482,4.451625,-1.994050,-114.251,distance
1781809819.462562,1781809819.417125,-1.773685,4.433070,-1.976384,-113.238,distance
1781809819.812526,1781809819.767276,-1.780279,4.409424,-1.957615,-112.163,distance
1781809820.064333,1781809820.017192,-1.788758,4.388543,-1.954838,-112.004,distance
1781809820.312330,1781809820.267559,-1.796483,4.366858,-1.957475,-112.155,distance
1781809820.562548,1781809820.517293,-1.804210,4.347818,-1.954408,-111.979,distance
1781809820.812382,1781809820.767247,-1.812609,4.326914,-1.950989,-111.783,distance
1781809821.162461,1781809821.117536,-1.818361,4.305770,-1.942616,-111.304,distance
1781809821.412363,1781809821.367359,-1.825731,4.286793,-1.939297,-111.114,distance
1781809821.612350,1781809821.571241,-1.829319,4.264650,-1.936779,-110.969,distance
1781809821.912333,1781809821.867067,-1.837487,4.243246,-1.933564,-110.785,distance
1781809822.212493,1781809822.167390,-1.845487,4.221792,-1.925877,-110.345,distance
1781809822.462395,1781809822.417109,-1.853364,4.200490,-1.923563,-110.212,distance
1781809822.712359,1781809822.667031,-1.860952,4.177254,-1.920109,-110.014,distance
1781809822.962366,1781809822.917594,-1.867830,4.157420,-1.917297,-109.853,distance
1781809823.212348,1781809823.167432,-1.874839,4.137947,-1.914730,-109.706,distance
1781809823.462404,1781809823.417737,-1.877879,4.117956,-1.917266,-109.851,distance
1781809823.712366,1781809823.667475,-1.884866,4.098547,-1.915103,-109.727,distance
1781809823.962567,1781809823.917488,-1.892233,4.077919,-1.912089,-109.555,distance
1781809824.262440,1781809824.217305,-1.899520,4.058395,-1.910398,-109.458,distance
1781809824.562431,1781809824.517405,-1.907072,4.036930,-1.907234,-109.276,distance
1781809824.812573,1781809824.767524,-1.912630,4.013336,-1.905822,-109.196,distance
1781809825.062354,1781809825.017195,-1.919220,3.994347,-1.903774,-109.078,distance
1781809825.262415,1781809825.217411,-1.924995,3.971190,-1.899921,-108.857,distance
1781809825.512390,1781809825.467366,-1.931627,3.949576,-1.896943,-108.687,distance
1781809825.762573,1781809825.717200,-1.938142,3.930252,-1.894491,-108.546,distance
1781809826.062389,1781809826.019479,-1.945215,3.908425,-1.891502,-108.375,distance
1781809826.612368,1781809826.567278,-1.948883,3.897364,-1.889728,-108.273,time
1781809827.162479,1781809827.117177,-1.948883,3.897364,-1.889487,-108.260,time
1781809827.715556,1781809827.667158,-1.948883,3.897364,-1.889243,-108.246,time
1781809828.262406,1781809828.217331,-1.948883,3.897364,-1.888969,-108.230,time
1781809828.812361,1781809828.767219,-1.948883,3.897364,-1.888653,-108.212,time
1781809829.312829,1781809829.267160,-1.948883,3.897364,-1.888430,-108.199,time
1781809829.862372,1781809829.817062,-1.948883,3.897364,-1.888221,-108.187,time
1781809830.362619,1781809830.317062,-1.948883,3.897364,-1.888013,-108.175,time
1781809830.912421,1781809830.867049,-1.948883,3.897364,-1.887725,-108.159,time
1781809831.462491,1781809831.417254,-1.948883,3.897364,-1.887488,-108.145,time
1781809832.012373,1781809831.967169,-1.948883,3.897364,-1.887220,-108.130,time
1781809832.512638,1781809832.467122,-1.948883,3.897364,-1.887039,-108.119,time
1781809833.062388,1781809833.017105,-1.948883,3.897364,-1.886858,-108.109,time
1781809833.562411,1781809833.517240,-1.948883,3.897364,-1.886645,-108.097,time
1781809834.112385,1781809834.067079,-1.948883,3.897364,-1.886337,-108.079,time
1781809834.612426,1781809834.567253,-1.948883,3.897364,-1.886064,-108.064,time
1781809835.162200,1781809835.117101,-1.948883,3.897364,-1.885855,-108.052,time
1781809835.662358,1781809835.617132,-1.948883,3.897364,-1.885596,-108.037,time
1781809836.162410,1781809836.117111,-1.948883,3.897364,-1.885342,-108.022,time
1781809836.662445,1781809836.617276,-1.948883,3.897364,-1.885039,-108.005,time
1781809837.212373,1781809837.167093,-1.948883,3.897364,-1.884810,-107.992,time
1781809837.762375,1781809837.717244,-1.948883,3.897364,-1.884544,-107.976,time
1781809838.312363,1781809838.267162,-1.948883,3.897364,-1.884298,-107.962,time
1781809838.812371,1781809838.767100,-1.953283,3.883902,-1.898444,-108.773,time
1781809839.062331,1781809839.019134,-1.963082,3.861629,-1.938156,-111.048,distance
1781809839.312335,1781809839.267093,-1.968571,3.839153,-1.965818,-112.633,distance
1781809839.812596,1781809839.767278,-1.976540,3.817823,-1.996369,-114.384,distance
1781809840.062485,1781809840.017093,-1.984703,3.798039,-2.026615,-116.116,distance
1781809840.362499,1781809840.317173,-1.994983,3.778297,-2.063952,-118.256,distance
1781809840.612374,1781809840.567093,-2.006951,3.758097,-2.102749,-120.479,distance
1781809840.912344,1781809840.867233,-2.016613,3.738044,-2.134459,-122.295,distance
1781809841.212378,1781809841.167103,-2.029958,3.716753,-2.167100,-124.166,distance
1781809841.412455,1781809841.367040,-2.042571,3.695958,-2.181128,-124.969,distance
1781809841.612416,1781809841.567099,-2.056257,3.676383,-2.183051,-125.080,distance
1781809841.812444,1781809841.767062,-2.067652,3.656928,-2.196675,-125.860,distance
1781809842.312400,1781809842.267488,-2.079989,3.640316,-2.226126,-127.548,distance
1781809842.564139,1781809842.517103,-2.093176,3.621153,-2.254237,-129.158,distance
1781809842.762376,1781809842.717034,-2.105618,3.605351,-2.284848,-130.912,distance
1781809842.962378,1781809842.917089,-2.121026,3.586185,-2.324581,-133.189,distance
1781809843.212383,1781809843.167514,-2.134902,3.571470,-2.357173,-135.056,distance
1781809843.562517,1781809843.521590,-2.150773,3.555858,-2.391471,-137.021,distance
1781809843.812409,1781809843.767577,-2.158948,3.537575,-2.413684,-138.294,distance
1781809844.062419,1781809844.017587,-2.177126,3.519288,-2.456131,-140.726,distance
1781809844.262365,1781809844.217362,-2.190254,3.501232,-2.482790,-142.253,distance
1781809844.462513,1781809844.417119,-2.207700,3.490591,-2.507755,-143.684,distance
1781809844.712486,1781809844.667277,-2.224185,3.478765,-2.539615,-145.509,distance
1781809845.012584,1781809844.967445,-2.241547,3.466797,-2.577580,-147.684,distance
1781809845.362370,1781809845.317495,-2.259949,3.455535,-2.619207,-150.070,distance
1781809845.612616,1781809845.567174,-2.279171,3.444775,-2.652839,-151.996,distance
1781809845.812440,1781809845.767426,-2.297419,3.436333,-2.679355,-153.516,distance
1781809846.012410,1781809845.967421,-2.316770,3.426998,-2.715759,-155.602,distance
1781809846.262415,1781809846.217818,-2.336007,3.416299,-2.740052,-156.993,distance
1781809846.562404,1781809846.517130,-2.357778,3.407951,-2.754871,-157.842,distance
1781809846.812433,1781809846.767445,-2.380274,3.398782,-2.753797,-157.781,distance
1781809847.062373,1781809847.017365,-2.402079,3.389686,-2.753262,-157.750,distance
1781809847.312456,1781809847.267225,-2.422755,3.380747,-2.754983,-157.849,distance
1781809847.612373,1781809847.567511,-2.444000,3.372074,-2.752933,-157.731,distance
1781809847.912361,1781809847.867185,-2.467623,3.365658,-2.753372,-157.757,distance
1781809848.162335,1781809848.117372,-2.488248,3.357206,-2.751650,-157.658,distance
1781809848.412434,1781809848.367375,-2.509348,3.348515,-2.749763,-157.550,distance
1781809848.712360,1781809848.667274,-2.531039,3.341454,-2.761401,-158.217,distance
1781809849.212443,1781809849.167266,-2.536197,3.339393,-2.760747,-158.179,time
1781809849.762654,1781809849.717072,-2.536197,3.339393,-2.760490,-158.164,time
1781809850.312377,1781809850.267039,-2.536197,3.339393,-2.760312,-158.154,time
1781809850.812474,1781809850.767251,-2.536197,3.339393,-2.760082,-158.141,time
1781809851.362375,1781809851.317369,-2.536197,3.339393,-2.759836,-158.127,time
1781809851.862381,1781809851.817831,-2.536197,3.339393,-2.759638,-158.116,time
1781809852.362562,1781809852.317707,-2.536197,3.339393,-2.759462,-158.105,time
1781809852.912497,1781809852.867316,-2.536197,3.339393,-2.759296,-158.096,time
1781809853.462516,1781809853.417214,-2.536197,3.339393,-2.759073,-158.083,time
1781809853.962657,1781809853.917257,-2.536197,3.339393,-2.758913,-158.074,time
1781809854.512391,1781809854.467065,-2.536197,3.339393,-2.758685,-158.061,time
1781809855.012611,1781809854.967240,-2.536197,3.339393,-2.758427,-158.046,time
1781809855.562395,1781809855.517090,-2.536197,3.339393,-2.758145,-158.030,time
1781809856.112384,1781809856.067355,-2.536197,3.339393,-2.757974,-158.020,time
1781809856.662421,1781809856.617205,-2.536197,3.339393,-2.757649,-158.002,time
1781809857.212392,1781809857.167096,-2.536197,3.339393,-2.757492,-157.993,time
1781809857.714049,1781809857.667097,-2.536197,3.339393,-2.757308,-157.982,time
1781809858.262361,1781809858.218482,-2.536921,3.339100,-2.756964,-157.962,time
1781809858.662359,1781809858.617092,-2.558199,3.330329,-2.738683,-156.915,distance
1781809858.962378,1781809858.918070,-2.580715,3.322752,-2.714743,-155.543,distance
1781809859.212385,1781809859.167262,-2.602018,3.312820,-2.691478,-154.210,distance
1781809859.463491,1781809859.417098,-2.621416,3.306223,-2.674507,-153.238,distance
1781809859.712425,1781809859.667487,-2.640449,3.296403,-2.651280,-151.907,distance
1781809859.962513,1781809859.917108,-2.660917,3.285224,-2.627333,-150.535,distance
1781809860.312368,1781809860.267161,-2.679527,3.277258,-2.604686,-149.238,distance
1781809860.612432,1781809860.567207,-2.700022,3.264781,-2.580165,-147.833,distance
1781809860.862503,1781809860.817119,-2.719071,3.257793,-2.566301,-147.038,distance
1781809861.112349,1781809861.067079,-2.738416,3.244979,-2.541829,-145.636,distance
1781809861.412383,1781809861.367126,-2.754049,3.231552,-2.515795,-144.144,distance
1781809861.662360,1781809861.617325,-2.770377,3.219585,-2.498656,-143.162,distance
1781809861.912371,1781809861.867049,-2.786754,3.207724,-2.477938,-141.975,distance
1781809862.212364,1781809862.167058,-2.804324,3.195506,-2.452964,-140.545,distance
1781809862.462352,1781809862.417126,-2.820457,3.182000,-2.432050,-139.346,distance
1781809862.762364,1781809862.717479,-2.836999,3.165892,-2.411368,-138.161,distance
1781809863.012342,1781809862.967198,-2.853941,3.150452,-2.388716,-136.863,distance
1781809863.212366,1781809863.167098,-2.875113,3.139107,-2.375550,-136.109,distance
1781809863.512345,1781809863.467410,-2.891802,3.122717,-2.350360,-134.666,distance
1781809863.812409,1781809863.767394,-2.904142,3.103446,-2.309562,-132.328,distance
1781809864.062401,1781809864.017287,-2.918214,3.087626,-2.278535,-130.550,distance
1781809864.312339,1781809864.274798,-2.930650,3.070998,-2.248907,-128.853,distance
1781809864.612317,1781809864.567307,-2.944072,3.053922,-2.220281,-127.213,distance
1781809864.962360,1781809864.917387,-2.955629,3.035275,-2.179684,-124.887,distance
1781809865.262353,1781809865.217223,-2.972085,3.021124,-2.149471,-123.156,distance
1781809865.462399,1781809865.417107,-2.983468,3.003201,-2.115805,-121.227,distance
1781809865.812351,1781809865.767364,-2.995481,2.987034,-2.083609,-119.382,distance
1781809866.162354,1781809866.117106,-3.004200,2.968525,-2.052156,-117.580,distance
1781809866.412475,1781809866.367170,-3.014602,2.947948,-2.017409,-115.589,distance
1781809866.612411,1781809866.567766,-3.026145,2.928103,-1.984069,-113.679,distance
1781809866.862351,1781809866.817269,-3.033195,2.905357,-1.958875,-112.235,distance
1781809867.162372,1781809867.117308,-3.040182,2.885699,-1.937170,-110.992,distance
1781809867.462328,1781809867.417273,-3.049726,2.865794,-1.915134,-109.729,distance
1781809867.712348,1781809867.667373,-3.059123,2.847803,-1.895785,-108.620,distance
1781809867.912331,1781809867.867061,-3.066020,2.826677,-1.869905,-107.138,distance
1781809868.112628,1781809868.067177,-3.077025,2.803894,-1.858964,-106.511,distance
1781809868.412377,1781809868.367128,-3.083554,2.781017,-1.834420,-105.104,distance
1781809868.662508,1781809868.617260,-3.086658,2.760805,-1.808810,-103.637,distance
1781809868.912333,1781809868.867145,-3.091649,2.739306,-1.783408,-102.182,distance
1781809869.162401,1781809869.117298,-3.090159,2.719101,-1.758878,-100.776,distance
1781809869.462397,1781809869.417083,-3.092117,2.697934,-1.736201,-99.477,distance
1781809869.712862,1781809869.667714,-3.095290,2.677857,-1.713780,-98.192,distance
1781809869.962716,1781809869.917223,-3.091705,2.656354,-1.682953,-96.426,distance
1781809870.212626,1781809870.167273,-3.093918,2.634758,-1.657989,-94.996,distance
1781809870.412720,1781809870.367249,-3.098279,2.612218,-1.636784,-93.781,distance
1781809870.712361,1781809870.667274,-3.099562,2.589253,-1.611697,-92.343,distance
1781809870.962384,1781809870.917534,-3.098830,2.567506,-1.592169,-91.225,distance
1781809871.212389,1781809871.167250,-3.099080,2.543948,-1.565290,-89.684,distance
1781809871.512499,1781809871.467246,-3.104172,2.523343,-1.547195,-88.648,distance
1781809871.813009,1781809871.767234,-3.103386,2.499930,-1.522696,-87.244,distance
1781809872.062341,1781809872.017426,-3.098821,2.474238,-1.488586,-85.290,distance
1781809872.312444,1781809872.267186,-3.096505,2.449610,-1.459376,-83.616,distance
1781809872.612426,1781809872.567029,-3.097389,2.427711,-1.435797,-82.265,distance
1781809873.062485,1781809873.017082,-3.093931,2.404167,-1.409871,-80.780,distance
1781809873.312518,1781809873.267355,-3.089307,2.382600,-1.376947,-78.893,distance
1781809873.862490,1781809873.817782,-3.088205,2.377093,-1.368777,-78.425,time
1781809874.112490,1781809874.067122,-3.083158,2.353910,-1.337308,-76.622,distance
1781809874.362544,1781809874.318403,-3.071243,2.335213,-1.298215,-74.382,distance
1781809874.712745,1781809874.667130,-3.064120,2.314537,-1.271804,-72.869,distance
1781809874.962525,1781809874.917202,-3.057310,2.293268,-1.242741,-71.204,distance
1781809875.162445,1781809875.117074,-3.048980,2.273824,-1.220914,-69.953,distance
1781809875.412335,1781809875.367155,-3.041884,2.254991,-1.194702,-68.451,distance
1781809875.712476,1781809875.667166,-3.031038,2.235441,-1.165924,-66.802,distance
1781809875.962492,1781809875.917132,-3.022145,2.215322,-1.137424,-65.170,distance
1781809876.212425,1781809876.167292,-3.010018,2.197761,-1.109875,-63.591,distance
1781809876.462436,1781809876.417203,-3.000311,2.178753,-1.081214,-61.949,distance
1781809876.812423,1781809876.767334,-2.993393,2.159881,-1.044341,-59.836,distance
1781809877.112355,1781809877.067210,-2.980777,2.143849,-1.007220,-57.709,distance
1781809877.362402,1781809877.317138,-2.969167,2.125985,-0.975212,-55.876,distance
1781809877.612386,1781809877.567257,-2.958990,2.108631,-0.952074,-54.550,distance
1781809877.912462,1781809877.867096,-2.945002,2.089509,-0.920611,-52.747,distance
1781809878.162347,1781809878.117093,-2.933999,2.069580,-0.890950,-51.048,distance
1781809878.362400,1781809878.317284,-2.921084,2.053933,-0.862597,-49.423,distance
1781809878.562499,1781809878.517220,-2.911687,2.036071,-0.831382,-47.635,distance
1781809878.862358,1781809878.817096,-2.894542,2.019266,-0.799389,-45.802,distance
1781809879.212546,1781809879.167200,-2.878231,2.002895,-0.770473,-44.145,distance
1781809879.412345,1781809879.367187,-2.863718,1.989100,-0.741692,-42.496,distance
1781809879.562433,1781809879.517093,-2.848296,1.975470,-0.716132,-41.031,distance
1781809879.762452,1781809879.717360,-2.832156,1.961225,-0.683030,-39.135,distance
1781809880.162357,1781809880.117099,-2.816366,1.947230,-0.653224,-37.427,distance
1781809880.462449,1781809880.417394,-2.799968,1.935114,-0.623924,-35.748,distance
1781809880.662392,1781809880.617103,-2.782973,1.923134,-0.595952,-34.146,distance
1781809881.112391,1781809881.067136,-2.764793,1.909337,-0.564431,-32.339,distance
1781809881.312679,1781809881.267151,-2.746466,1.897989,-0.538287,-30.842,distance
1781809881.612394,1781809881.567091,-2.728694,1.884776,-0.502971,-28.818,distance
1781809881.865427,1781809881.817218,-2.710613,1.875479,-0.478004,-27.388,distance
1781809882.212330,1781809882.167084,-2.690408,1.866474,-0.457250,-26.198,distance
1781809882.412338,1781809882.367244,-2.671387,1.857322,-0.433161,-24.818,distance
1781809882.762342,1781809882.717334,-2.652573,1.848404,-0.402934,-23.086,distance
1781809883.012341,1781809882.967279,-2.631326,1.839619,-0.375744,-21.529,distance
1781809883.312512,1781809883.267420,-2.611421,1.835501,-0.344791,-19.755,distance
1781809883.562439,1781809883.521667,-2.593141,1.827325,-0.321736,-18.434,distance
1781809883.862474,1781809883.817302,-2.571593,1.820035,-0.296939,-17.013,distance
1781809884.112406,1781809884.067225,-2.548735,1.813376,-0.269014,-15.413,distance
1781809884.362569,1781809884.317078,-2.526452,1.807593,-0.244017,-13.981,distance
1781809884.762747,1781809884.717454,-2.504203,1.801532,-0.206161,-11.812,distance
1781809885.012349,1781809884.967427,-2.483874,1.797466,-0.183537,-10.516,distance
1781809885.212364,1781809885.167298,-2.463473,1.795322,-0.160805,-9.213,distance
1781809885.412596,1781809885.367155,-2.442629,1.792154,-0.134019,-7.679,distance
1781809885.812373,1781809885.767553,-2.421949,1.787744,-0.113313,-6.492,distance
1781809886.062469,1781809886.017249,-2.397806,1.785020,-0.111141,-6.368,distance
1781809886.412478,1781809886.367230,-2.377166,1.783874,-0.113540,-6.505,distance
1781809886.612360,1781809886.567128,-2.356651,1.781547,-0.111732,-6.402,distance
1781809886.862396,1781809886.817271,-2.328788,1.781928,-0.105656,-6.054,distance
1781809887.112391,1781809887.067092,-2.308594,1.780964,-0.101880,-5.837,distance
1781809887.412385,1781809887.367331,-2.287012,1.778778,-0.100205,-5.741,distance
1781809887.712336,1781809887.667284,-2.265219,1.774626,-0.096503,-5.529,distance
1781809887.912531,1781809887.867095,-2.245127,1.772701,-0.094019,-5.387,distance
1781809888.112347,1781809888.067318,-2.219123,1.769946,-0.095652,-5.480,distance
1781809888.362340,1781809888.317652,-2.198799,1.768017,-0.093391,-5.351,distance
1781809888.662357,1781809888.617097,-2.176327,1.765932,-0.091418,-5.238,distance
1781809888.962367,1781809888.917277,-2.152444,1.764033,-0.088408,-5.065,distance
1781809889.212367,1781809889.167554,-2.130416,1.762097,-0.086522,-4.957,distance
1781809889.362454,1781809889.317588,-2.108427,1.761983,-0.087338,-5.004,distance
1781809889.665080,1781809889.617167,-2.087422,1.760163,-0.085025,-4.872,distance
1781809889.962366,1781809889.917094,-2.065624,1.758358,-0.082583,-4.732,distance
1781809890.262339,1781809890.217303,-2.041236,1.756545,-0.077270,-4.427,distance
1781809890.512360,1781809890.467234,-2.018777,1.754831,-0.074697,-4.280,distance
1781809890.812343,1781809890.767099,-1.995714,1.755586,-0.069223,-3.966,distance
1781809891.312384,1781809891.267041,-1.982047,1.754645,-0.067878,-3.889,time
1781809891.862359,1781809891.822922,-1.982058,1.754646,-0.067595,-3.873,time
1781809892.412338,1781809892.367136,-1.982058,1.754646,-0.067422,-3.863,time
1781809892.912424,1781809892.870153,-1.982058,1.754646,-0.067206,-3.851,time
1781809893.462336,1781809893.417138,-1.982058,1.754646,-0.066957,-3.836,time
1781809893.962385,1781809893.917196,-1.982058,1.754646,-0.066795,-3.827,time
1781809894.462395,1781809894.417373,-1.982058,1.754646,-0.066589,-3.815,time
1781809895.012508,1781809894.967206,-1.982058,1.754646,-0.066355,-3.802,time
1781809895.562361,1781809895.517264,-1.982058,1.754646,-0.066182,-3.792,time
1781809896.062625,1781809896.017096,-1.982058,1.754646,-0.065989,-3.781,time
1781809896.612406,1781809896.567160,-1.982058,1.754646,-0.065747,-3.767,time
1781809897.162451,1781809897.117037,-1.982058,1.754646,-0.065521,-3.754,time
1781809897.712361,1781809897.667094,-1.982058,1.754646,-0.065320,-3.743,time
1781809898.212487,1781809898.167126,-1.961318,1.754329,-0.086963,-4.983,distance
1781809898.462385,1781809898.417145,-1.938947,1.752064,-0.123586,-7.081,distance
1781809898.712337,1781809898.667250,-1.916125,1.749744,-0.150836,-8.642,distance
1781809898.962379,1781809898.917069,-1.895343,1.746327,-0.184836,-10.590,distance
1781809899.165289,1781809899.117151,-1.873083,1.742984,-0.220836,-12.653,distance
1781809899.412400,1781809899.367171,-1.849682,1.738772,-0.252928,-14.492,distance
1781809899.762668,1781809899.717093,-1.827018,1.732611,-0.284114,-16.279,distance
1781809899.962385,1781809899.917082,-1.803712,1.729721,-0.306013,-17.533,distance
1781809900.212939,1781809900.167097,-1.781184,1.722256,-0.345342,-19.787,distance
1781809900.412448,1781809900.367096,-1.757846,1.715262,-0.385065,-22.063,distance
1781809900.712397,1781809900.667150,-1.738452,1.707067,-0.419399,-24.030,distance
1781809901.062421,1781809901.017074,-1.717678,1.697435,-0.452695,-25.938,distance
1781809901.312332,1781809901.267265,-1.699572,1.688003,-0.489971,-28.073,distance
1781809901.562370,1781809901.517135,-1.678603,1.677232,-0.534552,-30.628,distance
1781809901.812387,1781809901.767240,-1.659813,1.665782,-0.568092,-32.549,distance
1781809901.962462,1781809901.917033,-1.640870,1.658647,-0.591082,-33.867,distance
1781809902.212384,1781809902.167532,-1.624104,1.647117,-0.621713,-35.622,distance
1781809902.412341,1781809902.367049,-1.601701,1.637605,-0.643715,-36.882,distance
1781809902.662768,1781809902.617097,-1.583906,1.625096,-0.677429,-38.814,distance
1781809902.962426,1781809902.917411,-1.564701,1.612913,-0.712402,-40.818,distance
1781809903.162378,1781809903.117094,-1.542052,1.601948,-0.733622,-42.033,distance
1781809903.562350,1781809903.517040,-1.524644,1.585759,-0.759265,-43.503,distance
1781809903.762523,1781809903.720337,-1.507426,1.571735,-0.766298,-43.906,distance
1781809903.962944,1781809903.917100,-1.491163,1.556075,-0.766730,-43.930,distance
1781809904.162492,1781809904.117065,-1.476661,1.542105,-0.766473,-43.916,distance
1781809904.362340,1781809904.317069,-1.457455,1.532160,-0.763490,-43.745,distance
1781809904.662324,1781809904.617361,-1.442491,1.517844,-0.762808,-43.706,distance
1781809904.912364,1781809904.867107,-1.427506,1.503532,-0.761681,-43.641,distance
1781809905.217254,1781809905.167294,-1.413088,1.486663,-0.768113,-44.010,distance
1781809905.512373,1781809905.467968,-1.397598,1.471409,-0.797436,-45.690,distance
1781809905.762320,1781809905.717510,-1.381646,1.458296,-0.814884,-46.689,distance
1781809906.062383,1781809906.018620,-1.365003,1.440013,-0.856877,-49.095,distance
1781809906.462401,1781809906.417191,-1.350645,1.423878,-0.900948,-51.620,distance
1781809906.762344,1781809906.717321,-1.336063,1.408135,-0.932135,-53.407,distance
1781809907.012438,1781809906.967467,-1.323108,1.390200,-0.967242,-55.419,distance
1781809907.312322,1781809907.267202,-1.313060,1.370370,-1.022609,-58.591,distance
1781809907.612392,1781809907.567453,-1.304396,1.352294,-1.059755,-60.719,distance
1781809907.962451,1781809907.917182,-1.293967,1.333722,-1.090503,-62.481,distance
1781809908.212367,1781809908.167171,-1.284853,1.315687,-1.123001,-64.343,distance
1781809908.412418,1781809908.374273,-1.272488,1.298358,-1.151801,-65.993,distance
1781809908.712371,1781809908.667238,-1.265584,1.278003,-1.199614,-68.733,distance
1781809909.012324,1781809908.967382,-1.257769,1.257132,-1.231517,-70.561,distance
1781809909.312354,1781809909.267234,-1.251191,1.234913,-1.276376,-73.131,distance
1781809909.612328,1781809909.567550,-1.248525,1.212276,-1.314822,-75.334,distance
1781809909.912330,1781809909.867326,-1.244254,1.190515,-1.351815,-77.453,distance
1781809910.162548,1781809910.117236,-1.239992,1.170182,-1.384007,-79.298,distance
1781809910.412337,1781809910.367159,-1.235953,1.150532,-1.424976,-81.645,distance
1781809910.714309,1781809910.667377,-1.232003,1.130223,-1.463083,-83.828,distance
1781809911.062408,1781809911.017474,-1.229821,1.107078,-1.496293,-85.731,distance
1781809911.412398,1781809911.367215,-1.225923,1.086241,-1.542298,-88.367,distance
1781809911.612331,1781809911.567713,-1.227738,1.062539,-1.575905,-90.293,distance
1781809911.812715,1781809911.769506,-1.227972,1.040185,-1.584717,-90.798,distance
1781809912.062367,1781809912.017129,-1.228313,1.016015,-1.585041,-90.816,distance
1781809912.362353,1781809912.317269,-1.226909,0.993018,-1.583237,-90.713,distance
1781809912.612394,1781809912.567240,-1.227150,0.972337,-1.586219,-90.884,distance
1781809913.112388,1781809913.067213,-1.234564,0.952952,-1.646915,-94.361,distance
1781809913.462405,1781809913.417225,-1.240776,0.932161,-1.653841,-94.758,distance
1781809913.712337,1781809913.668376,-1.242647,0.909595,-1.652962,-94.708,distance
1781809914.012382,1781809913.967263,-1.247293,0.890101,-1.651010,-94.596,distance
1781809914.262597,1781809914.217483,-1.248890,0.870094,-1.649816,-94.527,distance
1781809914.562339,1781809914.517190,-1.249191,0.849159,-1.651014,-94.596,distance
1781809915.062349,1781809915.017217,-1.250653,0.830884,-1.649949,-94.535,time
1781809915.562529,1781809915.517115,-1.250656,0.830858,-1.649765,-94.525,time
1781809916.112320,1781809916.067058,-1.250656,0.830858,-1.649518,-94.510,time
1781809916.612343,1781809916.567197,-1.252326,0.809856,-1.647977,-94.422,distance
1781809916.912376,1781809916.867090,-1.254275,0.785561,-1.646065,-94.313,distance
1781809917.162350,1781809917.117815,-1.256764,0.764302,-1.645083,-94.256,distance
1781809917.662833,1781809917.617139,-1.258011,0.758527,-1.644863,-94.244,time
1781809918.212370,1781809918.167062,-1.258011,0.758527,-1.644618,-94.230,time
1781809918.712427,1781809918.667072,-1.258011,0.758527,-1.644855,-94.243,time
1781809919.262370,1781809919.217145,-1.258011,0.758527,-1.644173,-94.204,time
1781809919.762625,1781809919.717129,-1.258011,0.758527,-1.643932,-94.190,time
1781809920.312423,1781809920.267205,-1.258011,0.758527,-1.643751,-94.180,time
1781809920.862388,1781809920.817081,-1.258011,0.758527,-1.643443,-94.162,time
1781809921.362455,1781809921.317054,-1.258011,0.758527,-1.643244,-94.151,time
1781809921.912432,1781809921.867559,-1.258011,0.758527,-1.643007,-94.137,time
1781809922.412448,1781809922.367083,-1.258011,0.758527,-1.642750,-94.123,time
1781809922.912511,1781809922.867503,-1.258011,0.758527,-1.642578,-94.113,time
1781809923.462640,1781809923.417458,-1.258011,0.758527,-1.642392,-94.102,time
1781809923.962328,1781809923.917094,-1.259436,0.738342,-1.639596,-93.942,distance
1781809924.212404,1781809924.167487,-1.260164,0.715218,-1.631462,-93.476,distance
1781809924.462419,1781809924.417416,-1.258866,0.694033,-1.618760,-92.748,distance
1781809924.662346,1781809924.617583,-1.259776,0.674043,-1.612164,-92.370,distance
1781809924.962403,1781809924.917250,-1.264119,0.652443,-1.605058,-91.963,distance
1781809925.262384,1781809925.217563,-1.264839,0.629191,-1.597122,-91.508,distance
1781809925.512607,1781809925.467052,-1.267660,0.608337,-1.599476,-91.643,distance
1781809925.762420,1781809925.717213,-1.268209,0.588238,-1.596572,-91.477,distance
1781809926.162354,1781809926.117107,-1.265572,0.565925,-1.594935,-91.383,distance
1781809926.412332,1781809926.367529,-1.266040,0.545920,-1.592961,-91.270,distance
1781809926.662398,1781809926.618129,-1.266537,0.522618,-1.591030,-91.159,distance
1781809926.912379,1781809926.867327,-1.267135,0.499924,-1.593593,-91.306,distance
1781809927.162410,1781809927.117789,-1.267643,0.476642,-1.591358,-91.178,distance
1781809927.462347,1781809927.417125,-1.266928,0.455507,-1.593468,-91.299,distance
1781809927.712542,1781809927.667406,-1.267378,0.434986,-1.591598,-91.192,distance
1781809928.012393,1781809927.967277,-1.266195,0.413318,-1.586219,-90.884,distance
1781809928.262370,1781809928.217974,-1.266495,0.392910,-1.584402,-90.780,distance
1781809928.512331,1781809928.470947,-1.266762,0.372399,-1.582937,-90.696,distance
1781809928.762333,1781809928.717497,-1.264483,0.351232,-1.577569,-90.388,distance
1781809929.012361,1781809928.967269,-1.264608,0.330195,-1.575733,-90.283,distance
1781809929.362468,1781809929.324261,-1.260870,0.306186,-1.567351,-89.803,distance
1781809929.612363,1781809929.567371,-1.260780,0.284762,-1.565683,-89.707,distance
1781809929.862340,1781809929.817170,-1.258796,0.264437,-1.565503,-89.697,distance
1781809930.162335,1781809930.117128,-1.258651,0.240765,-1.563308,-89.571,distance
1781809930.412521,1781809930.367022,-1.258473,0.219385,-1.561456,-89.465,distance
1781809930.662380,1781809930.617270,-1.257976,0.199325,-1.566543,-89.756,distance
1781809930.962372,1781809930.917358,-1.257855,0.176320,-1.564536,-89.641,distance
1781809931.262389,1781809931.217447,-1.254291,0.154222,-1.553650,-89.018,distance
1781809931.512336,1781809931.467257,-1.253900,0.132542,-1.551524,-88.896,distance
1781809931.762395,1781809931.717676,-1.253453,0.110324,-1.549324,-88.770,distance
1781809932.012392,1781809931.971012,-1.255017,0.086920,-1.545465,-88.549,distance
1781809932.262396,1781809932.217138,-1.254470,0.066116,-1.543334,-88.427,distance
1781809932.562378,1781809932.517240,-1.252117,0.043205,-1.536582,-88.040,distance
1781809932.812403,1781809932.767213,-1.251394,0.022678,-1.534430,-87.916,distance
1781809933.112343,1781809933.067214,-1.247727,0.001407,-1.533109,-87.841,distance
1781809933.362455,1781809933.317656,-1.246887,-0.020423,-1.531398,-87.743,distance
1781809933.612343,1781809933.567072,-1.246074,-0.040621,-1.529634,-87.642,distance
1781809933.812393,1781809933.767045,-1.243071,-0.061028,-1.528342,-87.568,distance
1781809934.062438,1781809934.017118,-1.242120,-0.082946,-1.526057,-87.437,distance
1781809934.312362,1781809934.267268,-1.242845,-0.103472,-1.524254,-87.333,distance
1781809934.562346,1781809934.517122,-1.242346,-0.125571,-1.522140,-87.212,distance
1781809934.812398,1781809934.767245,-1.241261,-0.147563,-1.520572,-87.122,distance
1781809935.012388,1781809934.967190,-1.240159,-0.168744,-1.520935,-87.143,distance
1781809935.262409,1781809935.217041,-1.239145,-0.188722,-1.519120,-87.039,distance
1781809935.512347,1781809935.467251,-1.238075,-0.209042,-1.517143,-86.926,distance
1781809935.812883,1781809935.767076,-1.236498,-0.231562,-1.515816,-86.850,distance
1781809936.112335,1781809936.067140,-1.235200,-0.254766,-1.513729,-86.730,distance
1781809936.412440,1781809936.367100,-1.233784,-0.277845,-1.505264,-86.245,distance
1781809936.662419,1781809936.617049,-1.232254,-0.300875,-1.503094,-86.121,distance
1781809936.912356,1781809936.867092,-1.229115,-0.324066,-1.504969,-86.228,distance
1781809937.162387,1781809937.117133,-1.227688,-0.345443,-1.503069,-86.120,distance
1781809937.462373,1781809937.417161,-1.226111,-0.368371,-1.501529,-86.031,distance
1781809937.712410,1781809937.667153,-1.223154,-0.391505,-1.509091,-86.465,distance
1781809938.062431,1781809938.017090,-1.221903,-0.412553,-1.514285,-86.762,distance
1781809938.362337,1781809938.317090,-1.221168,-0.436005,-1.520007,-87.090,distance
1781809938.612321,1781809938.567092,-1.220025,-0.459506,-1.525724,-87.418,distance
1781809938.862398,1781809938.817114,-1.218991,-0.483668,-1.531475,-87.747,distance
1781809939.062485,1781809939.017152,-1.216846,-0.504158,-1.536046,-88.009,distance
1781809939.312351,1781809939.267106,-1.216140,-0.525763,-1.541431,-88.317,distance
1781809939.562389,1781809939.517179,-1.217513,-0.551911,-1.546983,-88.636,distance
1781809939.812391,1781809939.767164,-1.217073,-0.572220,-1.552501,-88.952,distance
1781809940.062372,1781809940.017354,-1.216737,-0.592678,-1.557418,-89.233,distance
1781809940.362339,1781809940.317104,-1.214302,-0.615492,-1.565797,-89.714,distance
1781809940.612525,1781809940.567100,-1.214199,-0.636115,-1.565667,-89.706,distance
1781809940.862405,1781809940.817112,-1.212925,-0.656234,-1.561540,-89.470,distance
1781809941.112603,1781809941.067056,-1.212739,-0.676281,-1.561631,-89.475,distance
1781809941.362377,1781809941.317072,-1.212532,-0.698597,-1.561234,-89.452,distance
1781809941.612372,1781809941.567172,-1.209701,-0.721051,-1.559829,-89.372,distance
1781809941.862457,1781809941.817059,-1.209462,-0.742546,-1.559333,-89.343,distance
1781809942.112331,1781809942.069087,-1.208201,-0.764897,-1.560925,-89.434,distance
1781809942.362324,1781809942.317237,-1.207997,-0.785459,-1.560776,-89.426,distance
1781809942.612399,1781809942.567097,-1.207795,-0.805476,-1.560353,-89.402,distance
1781809942.862376,1781809942.817572,-1.203585,-0.825885,-1.555250,-89.109,distance
1781809943.112384,1781809943.067145,-1.203268,-0.845966,-1.554958,-89.093,distance
1781809943.412636,1781809943.367265,-1.201060,-0.868569,-1.557828,-89.257,distance
1781809943.662505,1781809943.617635,-1.200792,-0.889137,-1.557646,-89.247,distance
1781809943.912379,1781809943.867382,-1.200517,-0.909853,-1.557091,-89.215,distance
1781809944.162373,1781809944.117065,-1.199666,-0.930408,-1.556315,-89.170,distance
1781809944.412325,1781809944.367389,-1.199338,-0.952581,-1.555479,-89.122,distance
1781809944.662417,1781809944.617484,-1.200768,-0.975683,-1.552696,-88.963,distance
1781809944.912665,1781809944.867300,-1.200395,-0.996121,-1.552401,-88.946,distance
1781809945.162335,1781809945.117318,-1.200004,-1.017111,-1.551748,-88.909,distance
1781809945.462335,1781809945.417416,-1.197016,-1.038217,-1.550092,-88.814,distance
1781809945.712381,1781809945.667468,-1.196565,-1.059536,-1.549365,-88.772,distance
1781809945.962379,1781809945.917210,-1.196007,-1.083327,-1.547919,-88.689,distance
1781809946.212357,1781809946.167215,-1.195521,-1.104312,-1.547139,-88.645,distance
1781809946.462397,1781809946.417402,-1.195041,-1.124392,-1.546744,-88.622,distance
1781809946.712340,1781809946.667216,-1.194039,-1.144695,-1.554702,-89.078,distance
1781809946.962540,1781809946.917109,-1.193691,-1.165776,-1.554077,-89.042,distance
1781809947.212462,1781809947.167288,-1.191950,-1.186532,-1.556311,-89.170,distance
1781809947.462561,1781809947.422908,-1.191644,-1.207756,-1.556220,-89.165,distance
1781809947.712399,1781809947.667415,-1.191293,-1.231324,-1.555460,-89.121,distance
1781809947.962493,1781809947.918640,-1.191757,-1.254403,-1.552448,-88.949,distance
1781809948.312492,1781809948.267189,-1.191330,-1.277448,-1.551949,-88.920,distance
1781809948.612438,1781809948.567387,-1.188848,-1.300855,-1.544263,-88.480,distance
1781809948.862399,1781809948.817178,-1.188300,-1.321332,-1.543580,-88.441,distance
1781809949.112427,1781809949.067284,-1.186943,-1.344205,-1.542596,-88.384,distance
1781809949.362460,1781809949.319521,-1.184075,-1.367883,-1.540595,-88.270,distance
1781809949.612412,1781809949.567335,-1.183367,-1.391123,-1.540149,-88.244,distance
1781809949.862434,1781809949.817621,-1.181308,-1.412223,-1.539109,-88.184,distance
1781809950.117321,1781809950.067251,-1.180666,-1.432283,-1.538464,-88.147,distance
1781809950.362393,1781809950.317125,-1.179972,-1.453501,-1.537630,-88.100,distance
1781809950.662392,1781809950.617382,-1.178564,-1.473620,-1.535096,-87.955,distance
1781809950.862367,1781809950.817081,-1.177795,-1.495152,-1.534801,-87.938,distance
1781809951.012436,1781809950.967391,-1.177114,-1.515906,-1.536124,-88.013,distance
1781809951.312491,1781809951.276824,-1.176377,-1.536859,-1.535125,-87.956,distance
1781809951.662373,1781809951.617541,-1.175155,-1.559946,-1.535110,-87.955,distance
1781809951.912344,1781809951.867070,-1.173287,-1.580588,-1.535273,-87.965,distance
1781809952.162416,1781809952.117331,-1.172404,-1.605221,-1.534595,-87.926,distance
1781809952.412344,1781809952.367630,-1.169949,-1.625466,-1.531479,-87.747,distance
1781809952.712375,1781809952.667225,-1.168975,-1.649908,-1.530287,-87.679,distance
1781809952.962379,1781809952.918584,-1.167559,-1.672895,-1.531970,-87.775,distance
1781809953.212447,1781809953.167051,-1.166566,-1.695183,-1.531973,-87.776,distance
1781809953.465389,1781809953.417139,-1.165677,-1.717968,-1.531479,-87.747,distance
1781809953.762574,1781809953.718508,-1.167344,-1.739334,-1.535573,-87.982,distance
1781809954.062626,1781809954.017029,-1.166525,-1.762409,-1.535275,-87.965,distance
1781809954.362607,1781809954.317377,-1.163402,-1.784963,-1.536691,-88.046,distance
1781809954.612443,1781809954.567208,-1.162614,-1.807926,-1.536176,-88.016,distance
1781809954.912372,1781809954.869009,-1.161324,-1.828932,-1.537290,-88.080,distance
1781809955.212428,1781809955.167624,-1.160370,-1.852942,-1.537095,-88.069,distance
1781809955.462682,1781809955.417036,-1.159651,-1.873973,-1.535903,-88.001,distance
1781809955.712377,1781809955.667206,-1.160287,-1.897909,-1.536945,-88.060,distance
1781809955.962785,1781809955.917219,-1.159578,-1.918776,-1.536454,-88.032,distance
1781809956.262549,1781809956.217363,-1.157643,-1.940208,-1.538711,-88.162,distance
1781809956.512463,1781809956.467133,-1.156927,-1.962338,-1.538364,-88.142,distance
1781809956.762369,1781809956.717139,-1.156248,-1.982990,-1.537370,-88.085,distance
1781809957.012632,1781809956.967146,-1.158930,-2.006686,-1.538188,-88.132,distance
1781809957.262422,1781809957.217094,-1.158230,-2.028045,-1.537890,-88.115,distance
1781809957.512334,1781809957.467097,-1.159236,-2.052776,-1.536006,-88.007,distance
1781809957.812465,1781809957.767137,-1.158431,-2.075678,-1.535259,-87.964,distance
1781809958.112339,1781809958.067059,-1.157679,-2.097060,-1.537887,-88.114,distance
1781809958.362572,1781809958.317115,-1.158927,-2.120059,-1.545670,-88.560,distance
1781809958.612450,1781809958.567092,-1.158396,-2.143256,-1.551369,-88.887,distance
1781809958.912373,1781809958.867130,-1.159752,-2.166578,-1.562970,-89.552,distance
1781809959.162356,1781809959.117166,-1.159627,-2.188353,-1.568083,-89.845,distance
1781809959.412336,1781809959.367167,-1.158612,-2.209750,-1.571270,-90.027,distance
1781809959.662329,1781809959.617376,-1.157602,-2.230157,-1.574015,-90.184,distance
1781809959.965518,1781809959.917136,-1.157725,-2.252330,-1.579594,-90.504,distance
1781809960.262448,1781809960.217107,-1.153926,-2.272176,-1.586380,-90.893,distance
1781809960.512400,1781809960.467164,-1.154283,-2.292543,-1.591469,-91.184,distance
1781809960.762588,1781809960.717111,-1.154164,-2.315966,-1.599325,-91.635,distance
1781809961.012325,1781809960.968918,-1.154826,-2.337598,-1.604812,-91.949,distance
1781809961.312402,1781809961.267130,-1.155669,-2.360755,-1.610461,-92.273,distance
1781809961.512410,1781809961.467087,-1.157617,-2.381643,-1.614296,-92.492,distance
1781809961.762400,1781809961.717344,-1.158544,-2.402033,-1.619444,-92.787,distance
1781809962.012398,1781809961.967061,-1.159156,-2.428597,-1.620473,-92.846,distance
1781809962.262393,1781809962.217361,-1.160041,-2.451165,-1.624380,-93.070,distance
1781809962.562331,1781809962.517038,-1.161345,-2.474478,-1.629904,-93.387,distance
1781809962.812380,1781809962.767376,-1.160828,-2.495827,-1.630788,-93.437,distance
1781809963.112329,1781809963.067175,-1.162311,-2.519695,-1.635907,-93.731,distance
1781809963.362347,1781809963.317491,-1.165542,-2.543635,-1.646711,-94.350,distance
1781809963.612361,1781809963.568339,-1.167260,-2.565646,-1.651854,-94.644,distance
1781809963.862372,1781809963.817239,-1.168927,-2.585719,-1.656586,-94.915,distance
1781809964.112394,1781809964.067270,-1.171843,-2.607445,-1.660919,-95.164,distance
1781809964.362338,1781809964.317445,-1.173853,-2.629204,-1.665911,-95.450,distance
1781809964.562634,1781809964.517069,-1.175501,-2.649395,-1.669253,-95.641,distance
1781809964.812378,1781809964.767192,-1.177613,-2.671512,-1.674098,-95.919,distance
1781809965.062368,1781809965.017042,-1.179768,-2.691883,-1.679765,-96.243,distance
1781809965.312343,1781809965.267655,-1.184047,-2.715111,-1.685036,-96.545,distance
1781809965.812354,1781809965.767162,-1.186759,-2.738131,-1.692323,-96.963,distance
1781809966.062430,1781809966.017208,-1.189890,-2.761536,-1.702311,-97.535,distance
1781809966.512471,1781809966.467137,-1.192863,-2.783495,-1.709804,-97.965,distance
1781809966.762628,1781809966.717336,-1.195606,-2.807480,-1.720281,-98.565,distance
1781809966.962438,1781809966.917113,-1.197007,-2.829725,-1.732909,-99.288,distance
1781809967.162328,1781809967.117197,-1.200313,-2.849493,-1.742951,-99.864,distance
1781809967.462563,1781809967.417681,-1.202978,-2.871886,-1.758194,-100.737,distance
1781809967.762549,1781809967.717256,-1.207328,-2.894168,-1.771486,-101.499,distance
1781809967.962291,1781809967.917105,-1.211657,-2.916197,-1.783189,-102.169,distance
1781809968.212236,1781809968.167019,-1.216297,-2.937123,-1.799225,-103.088,distance
1781809968.462390,1781809968.417116,-1.221476,-2.958617,-1.820103,-104.284,distance
1781809968.662370,1781809968.617290,-1.226348,-2.978877,-1.832832,-105.014,distance
1781809968.962369,1781809968.917314,-1.232063,-2.999388,-1.857067,-106.402,distance
1781809969.212372,1781809969.167425,-1.238904,-3.020827,-1.886431,-108.085,distance
1781809969.762446,1781809969.717475,-1.244281,-3.036806,-1.909812,-109.424,time
1781809970.062431,1781809970.017259,-1.254713,-3.058614,-1.939434,-111.121,distance
1781809970.312322,1781809970.267064,-1.263241,-3.079980,-1.968341,-112.778,distance
1781809970.512339,1781809970.467071,-1.269445,-3.101899,-1.990375,-114.040,distance
1781809970.762383,1781809970.717060,-1.278231,-3.120974,-2.020430,-115.762,distance
1781809971.062346,1781809971.017097,-1.287086,-3.141764,-2.049606,-117.434,distance
1781809971.312411,1781809971.267211,-1.297212,-3.160806,-2.074089,-118.837,distance
1781809971.512369,1781809971.467028,-1.305667,-3.179766,-2.094636,-120.014,distance
1781809971.762514,1781809971.717092,-1.318046,-3.200688,-2.120859,-121.516,distance
1781809972.012400,1781809971.967285,-1.330108,-3.219596,-2.141455,-122.696,distance
1781809972.312421,1781809972.267035,-1.342269,-3.238237,-2.159709,-123.742,distance
1781809972.662389,1781809972.617260,-1.355284,-3.257398,-2.179233,-124.861,distance
1781809972.862344,1781809972.818248,-1.369089,-3.278542,-2.196177,-125.832,distance
1781809973.062345,1781809973.017225,-1.381089,-3.294916,-2.215068,-126.914,distance
1781809973.362357,1781809973.317158,-1.394976,-3.313600,-2.238255,-128.243,distance
1781809973.662336,1781809973.617358,-1.408990,-3.331090,-2.257563,-129.349,distance
1781809973.912366,1781809973.867516,-1.422370,-3.347177,-2.275786,-130.393,distance
1781809974.162408,1781809974.117060,-1.435119,-3.365567,-2.298445,-131.691,distance
1781809974.412325,1781809974.367024,-1.450585,-3.382653,-2.318775,-132.856,distance
1781809974.662352,1781809974.617188,-1.465325,-3.398252,-2.336782,-133.888,distance
1781809974.962525,1781809974.917096,-1.480348,-3.413649,-2.354368,-134.895,distance
1781809975.212413,1781809975.167154,-1.496500,-3.429601,-2.375776,-136.122,distance
1781809975.462468,1781809975.417537,-1.513203,-3.444147,-2.400426,-137.534,distance
1781809975.712576,1781809975.667240,-1.528623,-3.457977,-2.426558,-139.032,distance
1781809976.062354,1781809976.018260,-1.544979,-3.470487,-2.456265,-140.734,distance
1781809976.462433,1781809976.417515,-1.563025,-3.484932,-2.483990,-142.322,distance
1781809976.712468,1781809976.667444,-1.581818,-3.497286,-2.521996,-144.500,distance
1781809976.962401,1781809976.917136,-1.601839,-3.511185,-2.553417,-146.300,distance
1781809977.262401,1781809977.217420,-1.622222,-3.523989,-2.583647,-148.032,distance
1781809977.512385,1781809977.467142,-1.639742,-3.534668,-2.610828,-149.589,distance
1781809977.812404,1781809977.767320,-1.659420,-3.547824,-2.643667,-151.471,distance
1781809978.112495,1781809978.068055,-1.680213,-3.557516,-2.681969,-153.666,distance
1781809978.362448,1781809978.317507,-1.699550,-3.566844,-2.708674,-155.196,distance
1781809978.612336,1781809978.567400,-1.719748,-3.577935,-2.733811,-156.636,distance
1781809978.862377,1781809978.817427,-1.739346,-3.586145,-2.761373,-158.215,distance
1781809979.162420,1781809979.117245,-1.760735,-3.590956,-2.788745,-159.783,distance
1781809979.412351,1781809979.367091,-1.780094,-3.597877,-2.813370,-161.194,distance
1781809979.662359,1781809979.617450,-1.803735,-3.604986,-2.851468,-163.377,distance
1781809979.862340,1781809979.817288,-1.823606,-3.610699,-2.879346,-164.974,distance
1781809980.012399,1781809979.967297,-1.843701,-3.616657,-2.897724,-166.027,distance
1781809980.362374,1781809980.317041,-1.867297,-3.622721,-2.926580,-167.681,distance
1781809980.612342,1781809980.567272,-1.886939,-3.626993,-2.950099,-169.028,distance
1781809980.862317,1781809980.817071,-1.909563,-3.631106,-2.980887,-170.792,distance
1781809981.012336,1781809980.967125,-1.931394,-3.638760,-2.996282,-171.674,distance
1781809981.262329,1781809981.217282,-1.953837,-3.641763,-3.026780,-173.422,distance
1781809981.612340,1781809981.568878,-1.974182,-3.642995,-3.049311,-174.713,distance
1781809981.912345,1781809981.867538,-1.998745,-3.644265,-3.080171,-176.481,distance
1781809982.112569,1781809982.067094,-2.019359,-3.643147,-3.111709,-178.288,distance
1781809982.562341,1781809982.517058,-2.040849,-3.641453,-3.136722,-179.721,distance
1781809982.762383,1781809982.717103,-2.060884,-3.641515,-3.139522,-179.881,distance
1781809982.962394,1781809982.917156,-2.082857,-3.641559,-3.139530,-179.882,distance
1781809983.212335,1781809983.167223,-2.103724,-3.638586,-3.138307,-179.812,distance
1781809983.462336,1781809983.423605,-2.126397,-3.638672,-3.137014,-179.738,distance
1781809983.712590,1781809983.667264,-2.147639,-3.638438,-3.134583,-179.598,distance
1781809983.967548,1781809983.917127,-2.168503,-3.637623,-3.129951,-179.333,distance
1781809984.262221,1781809984.220904,-2.189427,-3.637875,-3.128741,-179.264,distance
1781809984.612182,1781809984.567234,-2.211519,-3.635403,-3.128954,-179.276,distance
1781809984.865845,1781809984.817271,-2.235189,-3.635721,-3.127374,-179.185,distance
1781809985.112387,1781809985.067374,-2.257203,-3.636181,-3.127694,-179.204,distance
1781809985.362477,1781809985.317613,-2.278774,-3.636487,-3.126875,-179.157,distance
1781809985.612370,1781809985.567182,-2.299312,-3.636800,-3.125738,-179.092,distance
1781809985.862343,1781809985.822973,-2.320726,-3.637055,-3.122597,-178.912,distance
1781809986.112371,1781809986.067518,-2.341424,-3.637459,-3.121257,-178.835,distance
1781809986.412349,1781809986.367095,-2.365628,-3.637107,-3.122004,-178.878,distance
1781809986.662408,1781809986.617146,-2.387260,-3.637536,-3.121300,-178.837,distance
1781809986.962375,1781809986.917121,-2.412408,-3.637989,-3.120630,-178.799,distance
1781809987.212617,1781809987.167802,-2.436411,-3.638249,-3.121141,-178.828,distance
1781809987.462362,1781809987.417090,-2.459187,-3.638723,-3.120123,-178.770,distance
1781809987.762463,1781809987.717244,-2.480028,-3.638398,-3.123454,-178.961,distance
1781809988.062550,1781809988.017217,-2.501655,-3.638799,-3.122424,-178.902,distance
1781809988.312371,1781809988.267113,-2.523765,-3.639866,-3.123085,-178.940,distance
1781809988.562391,1781809988.517389,-2.546038,-3.640489,-3.122371,-178.899,distance
1781809988.812383,1781809988.767147,-2.569589,-3.640953,-3.121161,-178.829,distance
1781809989.062451,1781809989.017593,-2.592852,-3.640827,-3.126233,-179.120,distance
1781809989.312607,1781809989.267194,-2.613097,-3.641146,-3.125437,-179.074,distance
1781809989.612658,1781809989.567320,-2.636431,-3.641479,-3.125939,-179.103,distance
1781809989.917410,1781809989.867349,-2.658085,-3.641825,-3.124738,-179.034,distance
1781809990.162416,1781809990.117405,-2.679235,-3.642187,-3.124104,-178.998,distance
1781809990.412421,1781809990.367045,-2.704152,-3.642228,-3.120866,-178.812,distance
1781809990.662396,1781809990.621353,-2.727230,-3.642718,-3.119668,-178.744,distance
1781809990.962337,1781809990.917136,-2.750762,-3.641844,-3.120223,-178.776,distance
1781809991.262371,1781809991.217185,-2.774256,-3.642366,-3.118780,-178.693,distance
1781809991.512339,1781809991.467091,-2.796203,-3.642871,-3.118372,-178.670,distance
1781809991.812332,1781809991.767101,-2.816985,-3.642036,-3.124103,-178.998,distance
1781809992.062376,1781809992.017091,-2.837099,-3.642393,-3.123353,-178.955,distance
1781809992.362375,1781809992.317053,-2.859495,-3.643438,-3.121218,-178.833,distance
1781809992.612343,1781809992.567212,-2.880217,-3.643866,-3.120616,-178.798,distance
1781809992.862400,1781809992.817449,-2.902723,-3.644342,-3.120071,-178.767,distance
1781809993.162365,1781809993.117501,-2.926286,-3.646753,-3.119456,-178.732,distance
1781809993.462389,1781809993.417092,-2.949438,-3.647271,-3.118728,-178.690,distance
1781809993.712331,1781809993.668282,-2.973258,-3.647407,-3.120950,-178.817,distance
1781809993.962495,1781809993.917420,-2.995490,-3.647872,-3.120437,-178.788,distance
1781809994.512426,1781809994.467060,-3.012902,-3.648804,-3.119670,-178.744,time
1781809995.012450,1781809994.967232,-3.012902,-3.648804,-3.119469,-178.732,time
1781809995.512531,1781809995.467492,-3.012902,-3.648804,-3.119274,-178.721,time
1781809996.062481,1781809996.017139,-3.012902,-3.648804,-3.118992,-178.705,time
1781809996.612378,1781809996.567156,-3.012902,-3.648804,-3.118745,-178.691,time
1781809997.112565,1781809997.067028,-3.012902,-3.648804,-3.118560,-178.680,time
1781809997.662635,1781809997.617297,-3.012902,-3.648804,-3.118288,-178.665,time
1781809998.212518,1781809998.167695,-3.012902,-3.648804,-3.118083,-178.653,time
1781809998.713558,1781809998.667568,-3.012902,-3.648804,-3.117903,-178.643,time
1781809999.262401,1781809999.217427,-3.012902,-3.648804,-3.117713,-178.632,time
1781809999.813015,1781809999.767133,-3.012902,-3.648804,-3.117455,-178.617,time
1781810000.362504,1781810000.318404,-3.012902,-3.648804,-3.117242,-178.605,time
1781810000.912359,1781810000.867570,-3.012902,-3.648804,-3.117056,-178.594,time
1781810001.462335,1781810001.417495,-3.012902,-3.648804,-3.116856,-178.583,time
1781810001.962345,1781810001.917385,-3.012902,-3.648804,-3.116682,-178.573,time
1781810002.462695,1781810002.417368,-3.026276,-3.649136,-3.118327,-178.667,time
1781810002.712395,1781810002.667258,-3.048362,-3.649592,-3.125099,-179.055,distance
1781810002.962363,1781810002.917286,-3.070798,-3.651487,-3.126821,-179.154,distance
1781810003.212323,1781810003.168013,-3.094692,-3.651773,-3.134101,-179.571,distance
1781810003.462352,1781810003.421829,-3.115043,-3.651875,-3.140490,-179.937,distance
1781810003.762333,1781810003.717934,-3.135950,-3.649948,3.130092,179.341,distance
1781810004.062351,1781810004.017096,-3.160252,-3.649598,3.122992,178.934,distance
1781810004.362351,1781810004.317277,-3.182428,-3.651087,3.117052,178.594,distance
1781810004.612355,1781810004.567033,-3.203297,-3.650520,3.112045,178.307,distance
1781810004.812324,1781810004.767372,-3.224172,-3.649689,3.106510,177.990,distance
1781810005.112385,1781810005.067089,-3.246012,-3.648924,3.106749,178.004,distance
1781810005.362402,1781810005.317334,-3.266556,-3.648216,3.107594,178.052,distance
1781810005.612329,1781810005.567477,-3.290075,-3.647722,3.102980,177.788,distance
1781810005.862355,1781810005.820867,-3.312855,-3.646854,3.104219,177.859,distance
1781810006.162369,1781810006.117167,-3.335260,-3.647134,3.110298,178.207,distance
1781810006.462513,1781810006.417312,-3.357205,-3.646460,3.111415,178.271,distance
1781810006.762346,1781810006.717150,-3.380360,-3.645869,3.112821,178.352,distance
1781810007.012385,1781810006.967334,-3.401296,-3.645360,3.113247,178.376,distance
1781810007.262376,1781810007.217300,-3.425206,-3.644691,3.114303,178.436,distance
1781810007.512379,1781810007.467257,-3.447667,-3.645371,3.110504,178.219,distance
1781810007.762336,1781810007.717117,-3.471062,-3.644654,3.111497,178.276,distance
1781810008.112471,1781810008.067439,-3.493272,-3.645356,3.112825,178.352,distance
1781810008.362335,1781810008.317214,-3.513359,-3.644789,3.114202,178.431,distance
1781810008.612353,1781810008.567277,-3.538204,-3.644131,3.116382,178.556,distance
1781810008.862669,1781810008.817127,-3.561698,-3.640433,3.112565,178.337,distance
1781810009.116330,1781810009.067189,-3.581890,-3.639859,3.113932,178.415,distance
1781810009.412375,1781810009.367275,-3.604038,-3.637729,3.107271,178.034,distance
1781810009.712456,1781810009.667204,-3.624375,-3.637041,3.108349,178.095,distance
1781810010.012458,1781810009.967067,-3.645456,-3.635525,3.110621,178.225,distance
1781810010.262345,1781810010.217029,-3.666530,-3.634888,3.112324,178.323,distance
1781810010.462455,1781810010.417512,-3.687648,-3.634281,3.113772,178.406,distance
1781810010.662345,1781810010.623903,-3.711887,-3.634492,3.123153,178.943,distance
1781810010.912401,1781810010.867209,-3.736104,-3.634060,3.124594,179.026,distance
1781810011.262408,1781810011.217140,-3.756985,-3.635452,3.124820,179.039,distance
1781810011.562400,1781810011.517339,-3.779267,-3.635090,3.125919,179.102,distance
1781810011.812393,1781810011.767121,-3.800902,-3.634762,3.127246,179.178,distance
1781810012.012513,1781810011.967802,-3.822487,-3.633126,3.127265,179.179,distance
1781810012.262669,1781810012.217413,-3.842678,-3.632845,3.128263,179.236,distance
1781810012.612406,1781810012.573133,-3.865734,-3.630315,3.123458,178.961,distance
1781810012.862437,1781810012.817080,-3.886943,-3.629939,3.124660,179.030,distance
1781810013.112393,1781810013.067315,-3.909766,-3.629563,3.125322,179.068,distance
1781810013.412367,1781810013.367293,-3.931604,-3.629077,3.120309,178.781,distance
1781810013.913551,1781810013.867147,-3.949278,-3.628664,3.115559,178.508,time
1781810014.212386,1781810014.167058,-3.972901,-3.626543,3.115284,178.493,distance
1781810014.412399,1781810014.367106,-3.994233,-3.625983,3.115285,178.493,distance
1781810014.612321,1781810014.567053,-4.015652,-3.625421,3.115444,178.502,distance
1781810014.862330,1781810014.817185,-4.038586,-3.626291,3.117037,178.593,distance
1781810015.112511,1781810015.067461,-4.059367,-3.625779,3.116727,178.575,distance
1781810015.412339,1781810015.367351,-4.082306,-3.626368,3.115542,178.507,distance
1781810015.712366,1781810015.667038,-4.105159,-3.625777,3.115727,178.518,distance
1781810015.962425,1781810015.917445,-4.125626,-3.625246,3.115625,178.512,distance
1781810016.212384,1781810016.167418,-4.148411,-3.624537,3.114499,178.448,distance
1781810016.462347,1781810016.417307,-4.169342,-3.623969,3.115739,178.519,distance
1781810016.712390,1781810016.667402,-4.192744,-3.623515,3.122255,178.892,distance
1781810017.062368,1781810017.021911,-4.214359,-3.623165,3.129465,179.305,distance
1781810017.362332,1781810017.317191,-4.238556,-3.623608,3.138366,179.815,distance
1781810017.562356,1781810017.517311,-4.259200,-3.625575,-3.136557,-179.711,distance
1781810017.812484,1781810017.767120,-4.281995,-3.625768,-3.128016,-179.222,distance
1781810018.012717,1781810017.967128,-4.303639,-3.628348,-3.122349,-178.897,distance
1781810018.262518,1781810018.218826,-4.327087,-3.629619,-3.113615,-178.397,distance
1781810018.562535,1781810018.517047,-4.350378,-3.630372,-3.102682,-177.771,distance
1781810018.762447,1781810018.717149,-4.370940,-3.629341,-3.093874,-177.266,distance
1781810019.012388,1781810018.967356,-4.391853,-3.630442,-3.081378,-176.550,distance
1781810019.262391,1781810019.217223,-4.412089,-3.631767,-3.068254,-175.798,distance
1781810019.462393,1781810019.417126,-4.432653,-3.633419,-3.055138,-175.047,distance
1781810019.762338,1781810019.717567,-4.456379,-3.635633,-3.039152,-174.131,distance
1781810020.012312,1781810019.967440,-4.478120,-3.637997,-3.024526,-173.293,distance
1781810020.262373,1781810020.217481,-4.501492,-3.639949,-3.015972,-172.802,distance
1781810020.512419,1781810020.467196,-4.521515,-3.642586,-3.002268,-172.017,distance
1781810020.812335,1781810020.767339,-4.543704,-3.644334,-2.986863,-171.135,distance
1781810021.112349,1781810021.067404,-4.566903,-3.648109,-2.970876,-170.219,distance
1781810021.362350,1781810021.317321,-4.587642,-3.651812,-2.956246,-169.380,distance
1781810021.662424,1781810021.617282,-4.608910,-3.658927,-2.936059,-168.224,distance
1781810021.912342,1781810021.867434,-4.628520,-3.663126,-2.922134,-167.426,distance
1781810022.162392,1781810022.117423,-4.648907,-3.667797,-2.907643,-166.596,distance
1781810022.362482,1781810022.317112,-4.669509,-3.676373,-2.894278,-165.830,distance
1781810022.612347,1781810022.567350,-4.689590,-3.681565,-2.880384,-165.034,distance
1781810022.912408,1781810022.867164,-4.711227,-3.687725,-2.864315,-164.113,distance
1781810023.212351,1781810023.167440,-4.731905,-3.694494,-2.847589,-163.155,distance
1781810023.462515,1781810023.422239,-4.752265,-3.700783,-2.833305,-162.336,distance
1781810023.712404,1781810023.667100,-4.776801,-3.709707,-2.823730,-161.788,distance
1781810023.962431,1781810023.917242,-4.797098,-3.716514,-2.809164,-160.953,distance
1781810024.412539,1781810024.367208,-4.816553,-3.723371,-2.794085,-160.089,distance
1781810024.662512,1781810024.617203,-4.842160,-3.734177,-2.774954,-158.993,distance
1781810024.862752,1781810024.817245,-4.861605,-3.742193,-2.759717,-158.120,distance
1781810025.112421,1781810025.067060,-4.883470,-3.751153,-2.741908,-157.100,distance
1781810025.412458,1781810025.367425,-4.904134,-3.761452,-2.725873,-156.181,distance
1781810025.712339,1781810025.667305,-4.925802,-3.771197,-2.709119,-155.221,distance
1781810025.962478,1781810025.917390,-4.945025,-3.780216,-2.693505,-154.326,distance
1781810026.312620,1781810026.267888,-4.966194,-3.789247,-2.675017,-153.267,distance
1781810026.562474,1781810026.517394,-4.984206,-3.798452,-2.659957,-152.404,distance
1781810026.812401,1781810026.767293,-5.003299,-3.808580,-2.644954,-151.545,distance
1781810027.062517,1781810027.017158,-5.023704,-3.819818,-2.627773,-150.560,distance
1781810027.312366,1781810027.267038,-5.040822,-3.834014,-2.608400,-149.450,distance
1781810027.562371,1781810027.517247,-5.060271,-3.845671,-2.591738,-148.496,distance
1781810027.812353,1781810027.769012,-5.077896,-3.856620,-2.576721,-147.635,distance
1781810028.162543,1781810028.117094,-5.096102,-3.870806,-2.559146,-146.628,distance
1781810028.412460,1781810028.367105,-5.113856,-3.882662,-2.542997,-145.703,distance
1781810028.662350,1781810028.617115,-5.130873,-3.894419,-2.528003,-144.844,distance
1781810028.962519,1781810028.917310,-5.147829,-3.909195,-2.509229,-143.768,distance
1781810029.212362,1781810029.167217,-5.164991,-3.921931,-2.494087,-142.901,distance
1781810029.462392,1781810029.417179,-5.183274,-3.936662,-2.477284,-141.938,distance
1781810029.662479,1781810029.617225,-5.199475,-3.951558,-2.463744,-141.162,distance
1781810029.912377,1781810029.867246,-5.215307,-3.964477,-2.447301,-140.220,distance
1781810030.212363,1781810030.167176,-5.233562,-3.982358,-2.427303,-139.074,distance
1781810030.462384,1781810030.417184,-5.249717,-3.997375,-2.410370,-138.104,distance
1781810030.713259,1781810030.667356,-5.265347,-4.011582,-2.393945,-137.163,distance
1781810031.012442,1781810030.967315,-5.277402,-4.029614,-2.374532,-136.051,distance
1781810031.312460,1781810031.267128,-5.294459,-4.046299,-2.356995,-135.046,distance
1781810031.562321,1781810031.517086,-5.308642,-4.060627,-2.342250,-134.201,distance
1781810031.862328,1781810031.817132,-5.323335,-4.079552,-2.320094,-132.932,distance
1781810032.112467,1781810032.067083,-5.338411,-4.095983,-2.302438,-131.920,distance
1781810032.412861,1781810032.367043,-5.351158,-4.112186,-2.285386,-130.943,distance
1781810032.712365,1781810032.667396,-5.366237,-4.129828,-2.267310,-129.907,distance
1781810032.962505,1781810032.917092,-5.379738,-4.146206,-2.249206,-128.870,distance
1781810033.212526,1781810033.167096,-5.392283,-4.163143,-2.232229,-127.897,distance
1781810033.712373,1781810033.667411,-5.405654,-4.180569,-2.213792,-126.841,distance
1781810033.962366,1781810033.918073,-5.417346,-4.197345,-2.190270,-125.493,distance
1781810034.212409,1781810034.167178,-5.430045,-4.215422,-2.171387,-124.411,distance
1781810034.462356,1781810034.417250,-5.442680,-4.234188,-2.151012,-123.244,distance
1781810034.762380,1781810034.717168,-5.453822,-4.255334,-2.130437,-122.065,distance
1781810035.012443,1781810034.967227,-5.464726,-4.273038,-2.111848,-121.000,distance
1781810035.169042,1781810035.117248,-5.475255,-4.290877,-2.091657,-119.843,distance
1781810035.462383,1781810035.421018,-5.487085,-4.311951,-2.069408,-118.568,distance
1781810035.712364,1781810035.667636,-5.497249,-4.330985,-2.049211,-117.411,distance
1781810035.962364,1781810035.917449,-5.506547,-4.349007,-2.026603,-116.116,distance
1781810036.262410,1781810036.217520,-5.516109,-4.368902,-2.007025,-114.994,distance
1781810036.812385,1781810036.767328,-5.514059,-4.370688,-2.002629,-114.742,time
1781810037.312506,1781810037.267515,-5.514059,-4.370688,-2.002381,-114.728,time
1781810037.712472,1781810037.667108,-5.524210,-4.393192,-1.983278,-113.633,distance
1781810037.912392,1781810037.867167,-5.532646,-4.412779,-1.967829,-112.748,distance
1781810038.162344,1781810038.117098,-5.540309,-4.433747,-1.950683,-111.766,distance
1781810038.412352,1781810038.367245,-5.547716,-4.453473,-1.937179,-110.992,distance
1781810038.662347,1781810038.617141,-5.555744,-4.474702,-1.925078,-110.299,distance
1781810038.862400,1781810038.817477,-5.563052,-4.498041,-1.913935,-109.660,distance
1781810039.112398,1781810039.067537,-5.569978,-4.517686,-1.903662,-109.072,distance
1781810039.362578,1781810039.317235,-5.575222,-4.538754,-1.891387,-108.368,distance
1781810039.912428,1781810039.867227,-5.576903,-4.543827,-1.888117,-108.181,time
1781810040.462388,1781810040.417294,-5.576903,-4.543827,-1.887862,-108.167,time
1781810041.012521,1781810040.967408,-5.577266,-4.544935,-1.887301,-108.134,time
1781810041.312407,1781810041.267236,-5.583931,-4.565553,-1.877906,-107.596,distance
1781810041.512360,1781810041.470465,-5.590560,-4.585680,-1.867440,-106.996,distance
1781810041.762427,1781810041.717193,-5.597062,-4.605253,-1.854404,-106.250,distance
1781810042.012426,1781810041.967344,-5.603208,-4.626671,-1.844380,-105.675,distance
1781810042.362431,1781810042.317434,-5.609883,-4.648204,-1.836782,-105.240,distance
1781810042.612607,1781810042.567172,-5.615466,-4.669008,-1.827195,-104.691,distance
1781810042.862479,1781810042.818132,-5.620505,-4.690854,-1.820317,-104.297,distance
1781810043.112358,1781810043.067112,-5.625845,-4.712152,-1.810712,-103.746,distance
1781810043.312668,1781810043.267093,-5.632914,-4.734328,-1.798185,-103.028,distance
1781810043.562348,1781810043.517594,-5.637469,-4.754347,-1.788822,-102.492,distance
1781810043.812400,1781810043.767399,-5.642117,-4.775701,-1.779266,-101.944,distance
1781810044.112496,1781810044.067183,-5.644912,-4.797731,-1.769985,-101.413,distance
1781810044.362366,1781810044.317402,-5.649092,-4.818878,-1.760192,-100.852,distance
1781810044.562356,1781810044.517198,-5.652347,-4.841346,-1.754684,-100.536,distance
1781810044.812486,1781810044.767142,-5.655983,-4.861313,-1.745427,-100.006,distance
1781810045.062403,1781810045.017276,-5.659413,-4.881165,-1.736232,-99.479,distance
1781810045.312423,1781810045.267171,-5.663159,-4.904316,-1.727881,-99.000,distance
1781810045.562438,1781810045.517143,-5.666530,-4.926191,-1.717491,-98.405,distance
1781810045.762391,1781810045.717304,-5.669928,-4.946152,-1.709207,-97.930,distance
1781810046.012455,1781810045.967205,-5.672867,-4.967855,-1.699477,-97.373,distance
1781810046.262401,1781810046.217276,-5.675437,-4.988287,-1.690219,-96.842,distance
1781810046.612376,1781810046.567464,-5.676679,-5.008812,-1.680075,-96.261,distance
1781810046.862373,1781810046.817544,-5.678954,-5.030347,-1.669981,-95.683,distance
1781810047.062340,1781810047.018072,-5.679155,-5.050730,-1.662314,-95.244,distance
1781810047.312547,1781810047.267441,-5.680920,-5.070752,-1.653463,-94.736,distance
1781810047.613013,1781810047.567810,-5.682770,-5.094363,-1.642679,-94.119,distance
1781810047.762310,1781810047.717206,-5.682728,-5.115474,-1.629436,-93.360,distance
1781810048.012379,1781810047.967118,-5.683875,-5.136361,-1.619991,-92.819,distance
1781810048.312359,1781810048.267232,-5.683004,-5.158763,-1.608656,-92.169,distance
1781810048.562390,1781810048.517308,-5.683733,-5.180255,-1.599016,-91.617,distance
1781810048.812504,1781810048.767237,-5.684280,-5.202067,-1.593473,-91.299,distance
1781810049.062389,1781810049.017255,-5.684734,-5.224393,-1.592140,-91.223,distance
1781810049.312427,1781810049.267173,-5.685157,-5.245152,-1.589810,-91.089,distance
1781810049.562446,1781810049.517139,-5.685630,-5.265636,-1.587154,-90.937,distance
1781810049.812479,1781810049.767186,-5.685983,-5.286081,-1.585319,-90.832,distance
1781810050.112504,1781810050.067156,-5.686307,-5.309705,-1.583504,-90.728,distance
1781810050.412411,1781810050.367177,-5.685788,-5.332746,-1.581375,-90.606,distance
1781810050.662382,1781810050.617591,-5.686004,-5.355055,-1.579367,-90.491,distance
1781810050.912659,1781810050.867284,-5.685244,-5.376568,-1.574244,-90.198,distance
1781810051.162568,1781810051.117736,-5.685300,-5.398836,-1.571926,-90.065,distance
1781810051.412389,1781810051.367234,-5.685309,-5.420078,-1.570154,-89.963,distance
1781810051.612400,1781810051.567427,-5.682766,-5.441714,-1.566823,-89.772,distance
1781810051.912403,1781810051.867934,-5.682656,-5.463756,-1.564224,-89.623,distance
1781810052.162383,1781810052.117299,-5.683277,-5.484071,-1.568240,-89.854,distance
1781810052.412378,1781810052.367113,-5.683465,-5.504827,-1.568534,-89.870,distance
1781810052.662346,1781810052.617053,-5.683406,-5.525152,-1.567006,-89.783,distance
1781810053.012341,1781810052.967338,-5.683887,-5.547474,-1.563821,-89.600,distance
1781810053.262397,1781810053.217088,-5.683719,-5.569218,-1.561933,-89.492,distance
1781810053.462350,1781810053.417599,-5.683063,-5.589276,-1.565350,-89.688,distance
1781810053.712403,1781810053.667094,-5.682936,-5.609553,-1.563428,-89.578,distance
1781810053.962369,1781810053.917100,-5.682758,-5.631568,-1.561617,-89.474,distance
1781810054.212543,1781810054.167193,-5.678383,-5.653190,-1.557398,-89.232,distance
1781810054.462386,1781810054.417278,-5.678068,-5.675324,-1.555434,-89.120,distance
1781810054.765347,1781810054.717086,-5.675365,-5.697522,-1.554939,-89.091,distance
1781810055.062370,1781810055.017397,-5.675025,-5.718010,-1.553206,-88.992,distance
1781810055.312424,1781810055.267223,-5.674600,-5.740978,-1.551236,-88.879,distance
1781810055.462720,1781810055.417310,-5.673344,-5.761226,-1.554405,-89.061,distance
1781810055.712332,1781810055.667563,-5.673027,-5.784448,-1.561451,-89.465,distance
1781810055.962614,1781810055.917325,-5.672302,-5.806160,-1.562138,-89.504,distance
1781810056.212349,1781810056.167219,-5.670342,-5.826987,-1.557813,-89.256,distance
1781810056.462382,1781810056.417068,-5.670071,-5.847553,-1.557538,-89.240,distance
1781810056.762344,1781810056.717477,-5.668935,-5.870974,-1.557703,-89.250,distance
1781810057.012419,1781810056.967219,-5.668660,-5.891841,-1.557255,-89.224,distance
1781810057.312505,1781810057.267377,-5.667846,-5.915490,-1.557387,-89.232,distance
1781810057.612650,1781810057.567168,-5.666112,-5.938828,-1.558479,-89.294,distance
1781810057.862956,1781810057.817389,-5.665839,-5.960862,-1.558206,-89.279,distance
1781810058.112410,1781810058.067132,-5.664663,-5.981541,-1.557537,-89.240,distance
1781810058.362491,1781810058.318104,-5.664366,-6.003523,-1.556899,-89.204,distance
1781810058.612373,1781810058.567073,-5.664061,-6.025112,-1.556401,-89.175,distance
1781810058.862383,1781810058.817226,-5.663093,-6.045125,-1.560331,-89.400,distance
1781810059.162407,1781810059.117092,-5.662846,-6.068597,-1.560027,-89.383,distance
1781810059.362594,1781810059.317092,-5.658213,-6.092612,-1.559419,-89.348,distance
1781810059.612493,1781810059.567096,-5.657957,-6.114680,-1.558897,-89.318,distance
1781810059.862393,1781810059.817120,-5.657715,-6.134731,-1.558590,-89.301,distance
1781810060.062338,1781810060.017298,-5.656185,-6.156335,-1.560407,-89.405,distance
1781810060.312355,1781810060.267189,-5.655961,-6.177715,-1.560178,-89.392,distance
1781810060.562398,1781810060.517603,-5.655727,-6.199073,-1.559293,-89.341,distance
1781810060.862376,1781810060.817237,-5.654700,-6.222094,-1.559266,-89.339,distance
1781810061.112514,1781810061.067300,-5.654437,-6.244138,-1.558408,-89.290,distance
1781810061.312607,1781810061.267259,-5.655160,-6.264379,-1.558831,-89.314,distance
1781810061.562392,1781810061.517092,-5.654910,-6.284627,-1.557805,-89.256,distance
1781810061.812381,1781810061.767146,-5.654620,-6.305883,-1.556289,-89.169,distance
1781810062.062363,1781810062.017189,-5.652760,-6.327094,-1.552789,-88.968,distance
1781810062.362339,1781810062.317502,-5.652331,-6.350193,-1.551526,-88.896,distance
1781810062.662524,1781810062.617098,-5.655445,-6.374110,-1.554386,-89.060,distance
1781810062.912329,1781810062.867254,-5.655138,-6.395836,-1.560620,-89.417,distance
1781810063.262383,1781810063.217427,-5.654416,-6.418812,-1.564718,-89.652,distance
1781810063.512371,1781810063.467510,-5.654082,-6.440276,-1.563769,-89.597,distance
1781810063.762374,1781810063.727021,-5.653894,-6.466393,-1.563388,-89.576,distance
1781810064.012379,1781810063.967382,-5.649717,-6.490234,-1.561850,-89.487,distance
1781810064.312413,1781810064.267514,-5.649493,-6.513861,-1.560743,-89.424,distance
1781810064.562427,1781810064.517198,-5.649275,-6.534643,-1.559691,-89.364,distance
1781810064.862538,1781810064.817119,-5.652675,-6.557654,-1.558726,-89.308,distance
1781810065.112384,1781810065.067073,-5.652427,-6.577906,-1.558342,-89.286,distance
1781810065.362365,1781810065.317097,-5.653796,-6.597999,-1.565042,-89.670,distance
1781810065.612476,1781810065.567125,-5.653657,-6.620513,-1.564035,-89.613,distance
1781810065.862513,1781810065.817090,-5.653503,-6.641897,-1.562937,-89.550,distance
1781810066.162457,1781810066.117030,-5.653101,-6.664419,-1.569292,-89.914,distance
1781810066.412368,1781810066.367366,-5.653060,-6.685618,-1.568600,-89.874,distance
1781810066.662384,1781810066.617121,-5.653081,-6.710647,-1.569042,-89.899,distance
1781810066.912366,1781810066.867063,-5.653029,-6.733120,-1.567857,-89.832,distance
1781810067.162330,1781810067.117228,-5.652962,-6.754190,-1.567198,-89.794,distance
1781810067.466765,1781810067.417117,-5.649419,-6.776768,-1.560479,-89.409,distance
1781810067.712408,1781810067.667199,-5.649198,-6.797499,-1.559875,-89.374,distance
1781810067.962372,1781810067.917331,-5.645943,-6.822198,-1.557355,-89.230,distance
1781810068.212850,1781810068.171666,-5.645616,-6.845482,-1.555941,-89.149,distance
1781810068.462364,1781810068.417225,-5.645291,-6.866657,-1.554876,-89.088,distance
1781810068.712588,1781810068.667260,-5.643823,-6.889118,-1.556114,-89.159,distance
1781810069.012372,1781810068.973333,-5.643478,-6.912104,-1.555314,-89.113,distance
1781810069.262342,1781810069.217125,-5.637735,-6.936742,-1.548342,-88.713,distance
1781810069.512601,1781810069.467429,-5.637211,-6.959578,-1.547263,-88.652,distance
1781810069.762402,1781810069.717525,-5.636720,-6.980090,-1.546319,-88.598,distance
1781810070.112489,1781810070.067398,-5.634368,-7.001430,-1.544717,-88.506,distance
1781810070.362375,1781810070.317100,-5.633829,-7.021899,-1.543932,-88.461,distance
1781810070.662426,1781810070.617103,-5.629719,-7.044942,-1.541064,-88.296,distance
1781810070.912406,1781810070.867162,-5.629073,-7.066348,-1.539816,-88.225,distance
1781810071.162367,1781810071.117251,-5.628419,-7.087216,-1.538941,-88.175,distance
1781810071.462698,1781810071.417099,-5.629676,-7.107258,-1.542079,-88.355,distance
1781810071.762356,1781810071.717262,-5.628974,-7.131238,-1.540688,-88.275,distance
1781810072.062530,1781810072.017295,-5.630602,-7.153847,-1.542334,-88.369,distance
1781810072.312439,1781810072.267166,-5.630004,-7.174652,-1.541671,-88.331,distance
1781810072.562407,1781810072.517226,-5.629725,-7.197405,-1.545569,-88.555,distance
1781810072.812423,1781810072.767167,-5.629314,-7.218695,-1.546479,-88.607,distance
1781810073.062396,1781810073.017089,-5.628747,-7.241704,-1.545551,-88.554,distance
1781810073.362391,1781810073.323898,-5.626867,-7.265485,-1.546192,-88.590,distance
1781810073.662511,1781810073.617266,-5.626273,-7.289367,-1.545672,-88.560,distance
1781810073.962522,1781810073.917983,-5.624681,-7.312264,-1.545613,-88.557,distance
1781810074.262464,1781810074.224724,-5.624051,-7.336886,-1.544802,-88.511,distance
1781810074.562366,1781810074.517028,-5.622038,-7.360229,-1.549415,-88.775,distance
1781810074.862455,1781810074.817087,-5.621645,-7.381776,-1.556833,-89.200,distance
1781810075.162334,1781810075.120176,-5.621397,-7.405964,-1.565581,-89.701,distance
1781810075.512329,1781810075.467483,-5.623416,-7.429328,-1.578479,-90.440,distance
1781810075.762420,1781810075.717175,-5.623647,-7.452763,-1.582080,-90.647,distance
1781810075.962538,1781810075.917839,-5.622444,-7.473145,-1.582850,-90.691,distance
1781810076.312355,1781810076.267420,-5.622691,-7.494028,-1.582241,-90.656,distance
1781810076.662396,1781810076.617982,-5.621943,-7.514092,-1.578199,-90.424,distance
1781810076.912483,1781810076.867148,-5.622106,-7.537987,-1.576997,-90.355,distance
1781810077.162376,1781810077.117096,-5.618932,-7.560249,-1.572063,-90.073,distance
1781810077.462415,1781810077.417135,-5.617780,-7.580898,-1.569639,-89.934,distance
1781810077.762343,1781810077.717331,-5.617743,-7.604614,-1.568703,-89.880,distance
1781810078.062782,1781810078.017093,-5.615352,-7.627804,-1.566307,-89.743,distance
1781810078.312408,1781810078.267088,-5.615240,-7.650533,-1.565273,-89.684,distance
1781810078.562372,1781810078.517118,-5.615080,-7.670974,-1.565531,-89.698,distance
1781810078.812372,1781810078.767190,-5.614962,-7.691791,-1.564644,-89.647,distance
1781810079.112515,1781810079.067075,-5.614704,-7.715376,-1.562995,-89.553,distance
1781810079.412502,1781810079.367434,-5.614140,-7.739147,-1.559928,-89.377,distance
1781810079.712480,1781810079.667391,-5.613868,-7.762994,-1.558682,-89.306,distance
1781810080.012699,1781810079.967166,-5.613863,-7.784675,-1.560591,-89.415,distance
1781810080.262490,1781810080.217295,-5.613652,-7.805078,-1.560355,-89.402,distance
1781810080.512453,1781810080.467259,-5.613980,-7.825842,-1.559574,-89.357,distance
1781810080.762392,1781810080.717709,-5.615371,-7.849215,-1.559033,-89.326,distance
1781810081.012527,1781810080.970356,-5.615098,-7.871703,-1.558172,-89.277,distance
1781810081.212413,1781810081.167418,-5.611448,-7.893560,-1.556290,-89.169,distance
1781810081.462471,1781810081.417230,-5.611148,-7.913946,-1.555809,-89.141,distance
1781810081.712363,1781810081.667361,-5.610832,-7.934415,-1.554706,-89.078,distance
1781810081.962361,1781810081.917370,-5.609963,-7.955840,-1.551052,-88.869,distance
1781810082.212338,1781810082.167536,-5.609561,-7.975861,-1.550392,-88.831,distance
1781810082.512465,1781810082.467295,-5.610187,-7.997109,-1.550725,-88.850,distance
1781810082.812339,1781810082.769022,-5.610075,-8.020565,-1.550897,-88.860,distance
1781810083.062476,1781810083.017068,-5.609624,-8.042746,-1.549765,-88.795,distance
1781810083.312336,1781810083.267099,-5.611109,-8.062926,-1.552104,-88.929,distance
1781810083.612363,1781810083.567114,-5.610651,-8.086803,-1.551049,-88.869,distance
1781810083.862362,1781810083.817097,-5.609939,-8.114455,-1.553341,-89.000,distance
1781810084.112333,1781810084.067138,-5.609551,-8.136227,-1.552284,-88.939,distance
1781810084.362407,1781810084.317082,-5.609140,-8.157967,-1.551188,-88.877,distance
1781810084.712423,1781810084.667042,-5.607847,-8.180290,-1.551393,-88.888,distance
1781810085.012512,1781810084.967125,-5.607399,-8.202802,-1.550342,-88.828,distance
1781810085.262390,1781810085.217117,-5.607945,-8.226632,-1.554081,-89.042,distance
1781810085.512406,1781810085.467609,-5.607563,-8.248875,-1.552862,-88.972,distance
1781810085.762384,1781810085.717035,-5.607156,-8.270904,-1.551570,-88.898,distance
1781810086.062389,1781810086.017207,-5.605222,-8.294409,-1.553359,-89.001,distance
1781810086.312495,1781810086.267216,-5.604829,-8.316634,-1.552753,-88.966,distance
1781810086.562530,1781810086.517150,-5.604703,-8.337087,-1.551029,-88.867,distance
1781810086.812370,1781810086.767093,-5.604275,-8.358256,-1.550115,-88.815,distance
1781810087.062345,1781810087.017411,-5.603433,-8.379170,-1.549588,-88.785,distance
1781810087.362418,1781810087.317035,-5.602577,-8.400975,-1.547722,-88.678,distance
1781810087.662358,1781810087.617436,-5.601965,-8.424137,-1.539213,-88.190,distance
1781810087.962453,1781810087.917457,-5.599411,-8.447895,-1.531157,-87.729,distance
1781810088.212489,1781810088.167340,-5.598365,-8.471932,-1.521343,-87.167,distance
1781810088.512401,1781810088.467674,-5.595357,-8.494793,-1.512017,-86.632,distance
1781810088.762432,1781810088.717587,-5.594018,-8.516293,-1.503411,-86.139,distance
1781810089.162466,1781810089.117074,-5.591709,-8.539864,-1.492763,-85.529,distance
1781810089.412359,1781810089.367174,-5.589989,-8.560890,-1.483719,-85.011,distance
1781810089.712388,1781810089.667084,-5.588534,-8.583045,-1.477868,-84.676,distance
1781810090.012381,1781810089.967165,-5.586507,-8.605944,-1.469528,-84.198,distance
1781810090.262463,1781810090.223921,-5.584302,-8.626992,-1.461695,-83.749,distance
1781810090.562352,1781810090.517439,-5.577184,-8.650276,-1.445298,-82.809,distance
1781810090.812357,1781810090.767299,-5.574216,-8.673097,-1.435640,-82.256,distance
1781810091.062397,1781810091.017613,-5.571195,-8.694745,-1.426854,-81.753,distance
1781810091.312383,1781810091.267130,-5.567008,-8.715658,-1.422081,-81.479,distance
1781810091.562507,1781810091.517065,-5.563844,-8.736330,-1.413970,-81.014,distance
1781810091.812423,1781810091.767259,-5.560598,-8.756504,-1.406419,-80.582,distance
1781810092.112397,1781810092.067123,-5.556663,-8.779706,-1.397011,-80.043,distance
1781810092.412688,1781810092.367344,-5.552542,-8.802680,-1.387840,-79.517,distance
1781810092.662576,1781810092.618909,-5.544452,-8.823337,-1.379525,-79.041,distance
1781810092.912405,1781810092.867190,-5.540258,-8.844646,-1.371293,-78.569,distance
1781810093.162677,1781810093.117248,-5.535530,-8.867569,-1.361456,-78.006,distance
1781810093.462488,1781810093.421718,-5.531179,-8.890214,-1.353079,-77.526,distance
1781810093.712416,1781810093.667449,-5.526643,-8.910408,-1.344890,-77.056,distance
1781810094.062522,1781810094.017495,-5.520298,-8.932829,-1.334526,-76.463,distance
1781810094.312576,1781810094.267164,-5.515372,-8.952997,-1.325880,-75.967,distance
1781810094.562343,1781810094.517708,-5.510260,-8.973151,-1.317230,-75.472,distance
1781810094.862555,1781810094.817496,-5.499904,-8.993482,-1.304009,-74.714,distance
1781810095.112391,1781810095.067350,-5.494479,-9.013071,-1.295580,-74.231,distance
1781810095.362483,1781810095.317228,-5.488620,-9.033527,-1.285856,-73.674,distance
1781810095.562444,1781810095.517433,-5.480335,-9.052190,-1.276697,-73.149,distance
1781810096.112366,1781810096.067664,-5.479436,-9.055148,-1.274267,-73.010,time
1781810096.562365,1781810096.517210,-5.472852,-9.076365,-1.263317,-72.383,distance
1781810096.862352,1781810096.817151,-5.463006,-9.102864,-1.249855,-71.611,distance
1781810097.112348,1781810097.067111,-5.455786,-9.123072,-1.239670,-71.028,distance
1781810097.312468,1781810097.267450,-5.449020,-9.142503,-1.229013,-70.417,distance
1781810097.512377,1781810097.467067,-5.441855,-9.162391,-1.217985,-69.785,distance
1781810097.716103,1781810097.667123,-5.434899,-9.181730,-1.207890,-69.207,distance
1781810097.962416,1781810097.917185,-5.427536,-9.200879,-1.197391,-68.605,distance
1781810098.262415,1781810098.217229,-5.419521,-9.221053,-1.185469,-67.922,distance
1781810098.562346,1781810098.517319,-5.412417,-9.240257,-1.174370,-67.286,distance
1781810098.962924,1781810098.917648,-5.404600,-9.258736,-1.163474,-66.662,distance
1781810099.162444,1781810099.117045,-5.395884,-9.278667,-1.149825,-65.880,distance
1781810099.462409,1781810099.417326,-5.385654,-9.298819,-1.135119,-65.038,distance
1781810099.712423,1781810099.667053,-5.374679,-9.321236,-1.119011,-64.115,distance
1781810099.962364,1781810099.917906,-5.364224,-9.342417,-1.101045,-63.085,distance
1781810100.212390,1781810100.167181,-5.353238,-9.363641,-1.080595,-61.914,distance
1781810100.512394,1781810100.467318,-5.342228,-9.381842,-1.056929,-60.558,distance
1781810100.862399,1781810100.817452,-5.330750,-9.401733,-1.034332,-59.263,distance
1781810101.162342,1781810101.117152,-5.318422,-9.421076,-1.015115,-58.162,distance
1781810101.412506,1781810101.367498,-5.306470,-9.439902,-0.989971,-56.721,distance
1781810101.612512,1781810101.567379,-5.295798,-9.457931,-0.977417,-56.002,distance
1781810101.912428,1781810101.867180,-5.282292,-9.477507,-0.952113,-54.552,distance
1781810102.212326,1781810102.167102,-5.267218,-9.495742,-0.926792,-53.101,distance
1781810102.462363,1781810102.417373,-5.253808,-9.513251,-0.902404,-51.704,distance
1781810102.712374,1781810102.667346,-5.236812,-9.533450,-0.877067,-50.252,distance
1781810102.962390,1781810102.917038,-5.223425,-9.549051,-0.856563,-49.077,distance
1781810103.262377,1781810103.217224,-5.205663,-9.567738,-0.829265,-47.513,distance
1781810103.462378,1781810103.417248,-5.188594,-9.582343,-0.809174,-46.362,distance
1781810103.712402,1781810103.667327,-5.174008,-9.597355,-0.785362,-44.998,distance
1781810103.962372,1781810103.917192,-5.157921,-9.610589,-0.767330,-43.965,distance
1781810104.262421,1781810104.217208,-5.141113,-9.626482,-0.743346,-42.591,distance
1781810104.462507,1781810104.417239,-5.123153,-9.639407,-0.718500,-41.167,distance
1781810104.712577,1781810104.667089,-5.105371,-9.654609,-0.690389,-39.556,distance
1781810105.012502,1781810104.967156,-5.087068,-9.668911,-0.660495,-37.844,distance
1781810105.312445,1781810105.267047,-5.070226,-9.681760,-0.638586,-36.588,distance
1781810105.562434,1781810105.517716,-5.052675,-9.695103,-0.616705,-35.335,distance
1781810105.762459,1781810105.717538,-5.035526,-9.707049,-0.593370,-33.998,distance
1781810106.162364,1781810106.118733,-5.016270,-9.717634,-0.571711,-32.757,distance
1781810106.412428,1781810106.367181,-4.997176,-9.729697,-0.551441,-31.595,distance
1781810106.662426,1781810106.617282,-4.979771,-9.740252,-0.536284,-30.727,distance
1781810106.862375,1781810106.817262,-4.963253,-9.751918,-0.520149,-29.802,distance
1781810107.112343,1781810107.067213,-4.941060,-9.764434,-0.502739,-28.805,distance
1781810107.662367,1781810107.617113,-4.934942,-9.764761,-0.498747,-28.576,time
1781810108.212528,1781810108.167184,-4.934942,-9.764761,-0.498519,-28.563,time
1781810108.762422,1781810108.717515,-4.913921,-9.776034,-0.483239,-27.688,distance
1781810109.012487,1781810108.967359,-4.893053,-9.786835,-0.469269,-26.887,distance
1781810109.262314,1781810109.217057,-4.871546,-9.797827,-0.455129,-26.077,distance
1781810109.512349,1781810109.467227,-4.850944,-9.807785,-0.442960,-25.380,distance
1781810109.812388,1781810109.767040,-4.832775,-9.821759,-0.435675,-24.962,distance
1781810110.312574,1781810110.267233,-4.833835,-9.821265,-0.436547,-25.012,time
1781810110.862340,1781810110.817205,-4.833835,-9.821265,-0.436334,-25.000,time
1781810111.412441,1781810111.367032,-4.833835,-9.821265,-0.436116,-24.988,time
1781810111.962492,1781810111.917102,-4.833835,-9.821265,-0.435928,-24.977,time
1781810112.462477,1781810112.417566,-4.813925,-9.830487,-0.431989,-24.751,distance
1781810112.712348,1781810112.667091,-4.792917,-9.840149,-0.429932,-24.633,distance
1781810112.912667,1781810112.867360,-4.773103,-9.849707,-0.433330,-24.828,distance
1781810113.162402,1781810113.117287,-4.752452,-9.859241,-0.431317,-24.713,distance
1781810113.412391,1781810113.371512,-4.732027,-9.869344,-0.429131,-24.587,distance
1781810113.712369,1781810113.667380,-4.712251,-9.879787,-0.426945,-24.462,distance
1781810113.962350,1781810113.917304,-4.692315,-9.888839,-0.425369,-24.372,distance
1781810114.212342,1781810114.172810,-4.669951,-9.897205,-0.422317,-24.197,distance
1781810114.462452,1781810114.417712,-4.650268,-9.905966,-0.413146,-23.671,distance
1781810114.712802,1781810114.667123,-4.625574,-9.914002,-0.398477,-22.831,distance
1781810115.012378,1781810114.967097,-4.604008,-9.922973,-0.387871,-22.223,distance
1781810115.312381,1781810115.267501,-4.581329,-9.931397,-0.375653,-21.523,distance
1781810115.562346,1781810115.517649,-4.561056,-9.936955,-0.361296,-20.701,distance
1781810115.812624,1781810115.770618,-4.539548,-9.944967,-0.349653,-20.034,distance
1781810116.062369,1781810116.017477,-4.519793,-9.949990,-0.337289,-19.325,distance
1781810116.312538,1781810116.267111,-4.500779,-9.956576,-0.327621,-18.771,distance
1781810116.562456,1781810116.517040,-4.481834,-9.963174,-0.319556,-18.309,distance
1781810116.812480,1781810116.767066,-4.461730,-9.969978,-0.310975,-17.818,distance
1781810117.062396,1781810117.017243,-4.440170,-9.976803,-0.299761,-17.175,distance
1781810117.312413,1781810117.267934,-4.417141,-9.980556,-0.284871,-16.322,distance
1781810117.562463,1781810117.517631,-4.397634,-9.986189,-0.275026,-15.758,distance
1781810117.912502,1781810117.867244,-4.374520,-9.991488,-0.260398,-14.920,distance
1781810118.412825,1781810118.367549,-4.363219,-9.994473,-0.253919,-14.548,time
1781810118.962394,1781810118.917234,-4.363219,-9.994473,-0.253706,-14.536,time
1781810119.512336,1781810119.467093,-4.363219,-9.994473,-0.253423,-14.520,time
1781810120.012393,1781810119.967533,-4.363219,-9.994473,-0.253260,-14.511,time
1781810120.562341,1781810120.517290,-4.363219,-9.994473,-0.253100,-14.502,time
1781810121.062375,1781810121.017196,-4.363219,-9.994473,-0.252917,-14.491,time
1781810121.562459,1781810121.517321,-4.363219,-9.994473,-0.252758,-14.482,time
1781810122.062716,1781810122.017411,-4.363219,-9.994473,-0.252558,-14.471,time
1781810122.612382,1781810122.567197,-4.363219,-9.994473,-0.252308,-14.456,time
1781810123.162388,1781810123.117419,-4.363219,-9.994473,-0.252046,-14.441,time
1781810123.612357,1781810123.567050,-4.341562,-9.999846,-0.229435,-13.146,distance
1781810123.862376,1781810123.817475,-4.318579,-10.003360,-0.205932,-11.799,distance
1781810124.062463,1781810124.017544,-4.298707,-10.007337,-0.183186,-10.496,distance
1781810124.312402,1781810124.267696,-4.275178,-10.010029,-0.160621,-9.203,distance
1781810124.612459,1781810124.567087,-4.252769,-10.013427,-0.136195,-7.803,distance
1781810124.962412,1781810124.917135,-4.228785,-10.011733,-0.104122,-5.966,distance
1781810125.212440,1781810125.167108,-4.206561,-10.013826,-0.078334,-4.488,distance
1781810125.462413,1781810125.417094,-4.182662,-10.012559,-0.056329,-3.227,distance
1781810125.762376,1781810125.717090,-4.161618,-10.013556,-0.034680,-1.987,distance
1781810126.012406,1781810125.967202,-4.139042,-10.014584,-0.013505,-0.774,distance
1781810126.262459,1781810126.217096,-4.116089,-10.014663,0.012176,0.698,distance
1781810126.462347,1781810126.417098,-4.094873,-10.014208,0.036881,2.113,distance
1781810126.662507,1781810126.617258,-4.073756,-10.015243,0.059694,3.420,distance
1781810127.212463,1781810127.167307,-4.067712,-10.014870,0.067592,3.873,time
1781810127.712336,1781810127.667121,-4.045786,-10.013193,0.089369,5.120,distance
1781810127.962447,1781810127.917104,-4.021773,-10.013201,0.116797,6.692,distance
1781810128.162356,1781810128.117416,-4.001782,-10.010684,0.140486,8.049,distance
1781810128.662580,1781810128.617603,-3.985089,-10.006398,0.152775,8.753,time
1781810129.162590,1781810129.117282,-3.985089,-10.006398,0.153056,8.769,time
1781810129.712341,1781810129.667141,-3.985089,-10.006398,0.153356,8.787,time
1781810130.212498,1781810130.167421,-3.985089,-10.006398,0.153569,8.799,time
1781810130.712743,1781810130.667157,-3.966407,-10.003352,0.174680,10.008,time
1781810131.262341,1781810131.217085,-3.954742,-9.997684,0.191120,10.950,time
1781810131.762349,1781810131.717033,-3.954742,-9.997684,0.191380,10.965,time
1781810132.262380,1781810132.217249,-3.954742,-9.997684,0.191617,10.979,time
1781810132.762414,1781810132.717191,-3.954742,-9.997684,0.191858,10.993,time
1781810133.312330,1781810133.267156,-3.954742,-9.997684,0.192049,11.004,time
1781810133.812503,1781810133.767137,-3.954742,-9.997684,0.192570,11.033,time
1781810134.362359,1781810134.317222,-3.954742,-9.997684,0.192886,11.052,time
1781810134.912438,1781810134.867148,-3.954742,-9.997684,0.193073,11.062,time
1781810135.462338,1781810135.421008,-3.954742,-9.997684,0.193387,11.080,time
1781810135.962429,1781810135.917210,-3.954742,-9.997684,0.193609,11.093,time
1781810136.512400,1781810136.467067,-3.954742,-9.997684,0.193823,11.105,time
1781810137.016158,1781810136.967407,-3.954742,-9.997684,0.194026,11.117,time
1781810137.562595,1781810137.517467,-3.954742,-9.997684,0.194355,11.136,time
1781810138.062709,1781810138.017505,-3.954742,-9.997684,0.194582,11.149,time
1781810138.612394,1781810138.567334,-3.954742,-9.997684,0.194747,11.158,time
1781810139.162414,1781810139.117055,-3.954742,-9.997684,0.194993,11.172,time
1781810139.662671,1781810139.617285,-3.954742,-9.997684,0.195288,11.189,time
1781810140.212382,1781810140.167044,-3.954742,-9.997684,0.195513,11.202,time
1781810140.712433,1781810140.667131,-3.940777,-9.994879,0.203180,11.641,time
1781810140.912450,1781810140.867166,-3.918540,-9.990184,0.217085,12.438,distance
1781810141.112417,1781810141.067092,-3.894648,-9.984761,0.233633,13.386,distance
1781810141.312586,1781810141.267055,-3.871006,-9.979503,0.246805,14.141,distance
1781810141.612449,1781810141.567147,-3.848416,-9.973651,0.262747,15.054,distance
1781810141.912355,1781810141.867117,-3.828569,-9.965723,0.276212,15.826,distance
1781810142.162346,1781810142.117241,-3.807828,-9.959717,0.290660,16.654,distance
1781810142.412443,1781810142.367144,-3.787668,-9.953563,0.304857,17.467,distance
1781810142.662429,1781810142.617237,-3.769597,-9.944876,0.310840,17.810,distance
1781810142.962409,1781810142.917249,-3.747465,-9.937617,0.324959,18.619,distance
1781810143.262426,1781810143.217114,-3.724672,-9.929774,0.340583,19.514,distance
1781810143.512411,1781810143.467201,-3.705016,-9.919538,0.355552,20.372,distance
1781810143.762371,1781810143.717340,-3.685290,-9.912083,0.370339,21.219,distance
1781810144.012392,1781810143.971275,-3.665183,-9.904141,0.384982,22.058,distance
1781810144.362345,1781810144.317124,-3.644032,-9.896445,0.403240,23.104,distance
1781810144.612530,1781810144.567291,-3.625300,-9.888337,0.416767,23.879,distance
1781810144.862629,1781810144.817204,-3.606473,-9.879881,0.430567,24.670,distance
1781810145.162352,1781810145.117189,-3.579149,-9.865446,0.449219,25.738,distance
1781810145.412362,1781810145.367172,-3.560917,-9.856534,0.462988,26.527,distance
1781810145.662382,1781810145.617177,-3.541579,-9.846759,0.471600,27.021,distance
1781810145.912353,1781810145.867121,-3.521497,-9.836498,0.473586,27.134,distance
1781810146.262415,1781810146.217440,-3.502116,-9.822972,0.474432,27.183,distance
1781810146.512436,1781810146.467056,-3.481932,-9.812577,0.477199,27.341,distance
1781810146.762348,1781810146.717384,-3.462581,-9.802085,0.482183,27.627,distance
1781810147.062362,1781810147.017341,-3.443119,-9.790215,0.499493,28.619,distance
1781810147.412368,1781810147.367070,-3.423654,-9.779436,0.513571,29.425,distance
1781810147.662352,1781810147.617754,-3.403775,-9.768061,0.528522,30.282,distance
1781810147.962398,1781810147.917455,-3.385363,-9.754825,0.545109,31.232,distance
1781810148.212397,1781810148.167363,-3.366382,-9.743163,0.560061,32.089,distance
1781810148.462338,1781810148.417269,-3.344414,-9.726896,0.576457,33.029,distance
1781810148.712386,1781810148.667155,-3.326871,-9.715357,0.590150,33.813,distance
1781810148.962550,1781810148.917089,-3.309014,-9.703251,0.604468,34.633,distance
1781810149.212400,1781810149.167142,-3.290661,-9.690719,0.622809,35.684,distance
1781810149.462609,1781810149.417097,-3.273639,-9.678343,0.637334,36.517,distance
1781810149.712334,1781810149.667274,-3.257439,-9.666214,0.650594,37.276,distance
1781810149.962373,1781810149.917181,-3.238900,-9.654539,0.657831,37.691,distance
1781810150.212394,1781810150.172007,-3.220961,-9.641510,0.669744,38.373,distance
1781810150.462425,1781810150.417092,-3.203311,-9.627358,0.685160,39.257,distance
1781810150.712515,1781810150.667096,-3.188420,-9.610286,0.693372,39.727,distance
1781810150.962392,1781810150.917189,-3.172742,-9.597122,0.706475,40.478,distance
1781810151.262376,1781810151.217095,-3.155400,-9.582133,0.721111,41.317,distance
1781810151.462400,1781810151.421512,-3.140842,-9.566664,0.731167,41.893,distance
1781810151.712377,1781810151.667071,-3.125289,-9.552538,0.746663,42.781,distance
1781810151.962417,1781810151.917125,-3.108773,-9.537060,0.762658,43.697,distance
1781810152.162355,1781810152.117070,-3.093759,-9.520190,0.778147,44.585,distance
1781810152.462407,1781810152.417080,-3.077048,-9.503520,0.793205,45.447,distance
1781810152.712366,1781810152.668383,-3.062402,-9.488479,0.807499,46.266,distance
1781810152.962487,1781810152.917233,-3.048582,-9.471259,0.828604,47.475,distance
1781810153.262371,1781810153.217062,-3.034475,-9.455658,0.845773,48.459,distance
1781810153.512541,1781810153.470443,-3.020720,-9.440436,0.859211,49.229,distance
1781810153.812374,1781810153.767344,-3.005253,-9.422225,0.877786,50.293,distance
1781810154.062330,1781810154.017723,-2.991479,-9.405403,0.895478,51.307,distance
1781810154.312350,1781810154.268032,-2.978292,-9.386155,0.916234,52.496,distance
1781810154.612347,1781810154.567310,-2.964200,-9.367474,0.936229,53.642,distance
1781810154.912546,1781810154.867506,-2.951039,-9.349268,0.955865,54.767,distance
1781810155.162394,1781810155.117291,-2.939088,-9.332113,0.972616,55.727,distance
1781810155.412359,1781810155.367215,-2.930348,-9.313558,0.993395,56.917,distance
1781810155.662342,1781810155.617106,-2.918668,-9.295339,1.011609,57.961,distance
1781810155.912343,1781810155.868092,-2.907425,-9.277096,1.028829,58.948,distance
1781810156.212337,1781810156.167132,-2.895939,-9.260576,1.047504,60.018,distance
1781810156.462373,1781810156.417098,-2.885720,-9.242597,1.064016,60.964,distance
1781810156.662506,1781810156.617521,-2.875595,-9.224563,1.077133,61.715,distance
1781810156.962381,1781810156.917495,-2.864558,-9.203652,1.096731,62.838,distance
1781810157.262328,1781810157.217231,-2.854368,-9.183849,1.116009,63.943,distance
1781810157.562396,1781810157.517099,-2.843404,-9.162064,1.139319,65.278,distance
1781810157.812370,1781810157.767099,-2.834074,-9.141422,1.157159,66.300,distance
1781810158.112611,1781810158.067100,-2.826909,-9.121879,1.179757,67.595,distance
1781810158.362431,1781810158.317095,-2.818991,-9.102291,1.196989,68.582,distance
1781810158.612394,1781810158.567261,-2.813199,-9.081306,1.209089,69.276,distance
1781810158.862335,1781810158.817097,-2.805219,-9.059723,1.228314,70.377,distance
1781810159.112503,1781810159.072908,-2.797826,-9.039208,1.243805,71.265,distance
1781810159.412353,1781810159.369310,-2.790289,-9.017971,1.257791,72.066,distance
1781810159.662519,1781810159.617220,-2.783854,-8.997649,1.274301,73.012,distance
1781810159.912349,1781810159.873076,-2.779906,-8.976298,1.290396,73.934,distance
1781810160.162371,1781810160.117076,-2.774002,-8.955209,1.308486,74.971,distance
1781810160.462419,1781810160.417194,-2.768260,-8.934936,1.321634,75.724,distance
1781810160.762399,1781810160.717159,-2.762408,-8.911189,1.340370,76.798,distance
1781810161.012437,1781810160.967093,-2.758453,-8.889001,1.361307,77.997,distance
1781810161.212385,1781810161.167082,-2.757002,-8.866117,1.384213,79.310,distance
1781810161.462382,1781810161.417471,-2.753147,-8.844894,1.401840,80.320,distance
1781810161.712540,1781810161.667292,-2.752411,-8.824568,1.416772,81.175,distance
1781810162.012377,1781810161.967080,-2.749033,-8.801800,1.433898,82.156,distance
1781810162.262364,1781810162.217164,-2.746039,-8.778891,1.452339,83.213,distance
1781810162.462372,1781810162.417324,-2.744601,-8.757939,1.467735,84.095,distance
1781810162.712393,1781810162.667681,-2.742528,-8.736405,1.485329,85.103,distance
1781810163.062465,1781810163.017339,-2.742464,-8.714859,1.500995,86.001,distance
1781810163.312502,1781810163.268878,-2.741103,-8.693227,1.518854,87.024,distance
1781810163.562376,1781810163.517207,-2.740582,-8.670974,1.539164,88.188,distance
1781810163.862400,1781810163.817183,-2.741547,-8.648951,1.557075,89.214,distance
1781810164.112367,1781810164.067421,-2.741282,-8.628364,1.558952,89.321,distance
1781810164.362335,1781810164.317224,-2.741110,-8.605715,1.559621,89.360,distance
1781810164.612403,1781810164.567208,-2.740887,-8.584325,1.561416,89.463,distance
1781810164.862456,1781810164.817475,-2.740701,-8.562338,1.563565,89.586,distance
1781810165.212377,1781810165.167516,-2.741446,-8.538657,1.565006,89.668,distance
1781810165.462346,1781810165.417107,-2.741346,-8.518265,1.567061,89.786,distance
1781810165.612546,1781810165.567528,-2.741952,-8.491920,1.570888,90.005,distance
1781810165.862375,1781810165.817175,-2.741978,-8.469497,1.573345,90.146,distance
1781810166.112410,1781810166.067158,-2.742060,-8.446886,1.575724,90.282,distance
1781810166.262327,1781810166.217109,-2.743641,-8.424814,1.581047,90.587,distance
1781810166.562448,1781810166.517158,-2.743909,-8.401040,1.583239,90.713,distance
1781810166.812521,1781810166.767197,-2.744183,-8.380342,1.585132,90.821,distance
1781810167.112436,1781810167.067218,-2.747951,-8.359450,1.588545,91.017,distance
1781810167.362481,1781810167.317221,-2.748363,-8.337370,1.590699,91.140,distance
1781810167.612401,1781810167.567162,-2.750291,-8.315173,1.592032,91.217,distance
1781810167.862330,1781810167.817186,-2.750742,-8.294771,1.593903,91.324,distance
1781810168.112494,1781810168.067116,-2.751209,-8.273619,1.586296,90.888,distance
1781810168.312366,1781810168.267089,-2.752216,-8.251555,1.574505,90.212,distance
1781810168.662349,1781810168.617088,-2.752162,-8.227779,1.565476,89.695,distance
1781810168.912410,1781810168.867442,-2.752731,-8.205489,1.565048,89.671,distance
1781810169.162343,1781810169.117222,-2.754579,-8.183241,1.564159,89.620,distance
1781810169.362376,1781810169.317538,-2.754444,-8.163160,1.564017,89.612,distance
1781810169.612340,1781810169.567374,-2.757516,-8.142286,1.563060,89.557,distance
1781810169.912386,1781810169.867091,-2.757346,-8.120133,1.563399,89.576,distance
1781810170.212348,1781810170.167166,-2.757100,-8.095481,1.563402,89.576,distance
1781810170.412398,1781810170.367122,-2.756704,-8.074091,1.561938,89.492,distance
1781810170.662779,1781810170.617255,-2.756528,-8.053938,1.562268,89.511,distance
1781810170.962392,1781810170.917188,-2.758316,-8.030970,1.561645,89.476,distance
1781810171.212376,1781810171.167135,-2.758134,-8.010786,1.562048,89.499,distance
1781810171.512536,1781810171.467107,-2.757932,-7.987408,1.562201,89.508,distance
1781810171.712365,1781810171.667245,-2.759176,-7.966323,1.560863,89.431,distance
1781810171.962582,1781810171.917127,-2.758959,-7.944597,1.560802,89.427,distance
1781810172.212494,1781810172.167083,-2.759342,-7.922283,1.557544,89.241,distance
1781810172.413132,1781810172.367277,-2.759247,-7.901665,1.557316,89.228,distance
1781810172.662355,1781810172.617286,-2.758965,-7.880252,1.558121,89.274,distance
1781810173.012388,1781810172.967362,-2.756592,-7.858871,1.556216,89.165,distance
1781810173.312382,1781810173.267258,-2.756271,-7.836178,1.557360,89.230,distance
1781810173.562399,1781810173.517129,-2.758756,-7.813903,1.557887,89.260,distance
1781810173.812331,1781810173.767388,-2.758497,-7.793459,1.558533,89.297,distance
1781810174.112378,1781810174.067246,-2.758207,-7.769401,1.558949,89.321,distance
1781810174.412341,1781810174.367508,-2.761938,-7.748284,1.560976,89.437,distance
1781810174.662370,1781810174.617101,-2.761722,-7.725499,1.561847,89.487,distance
1781810174.862380,1781810174.817367,-2.761591,-7.704859,1.562623,89.532,distance
1781810175.112422,1781810175.067220,-2.761561,-7.682824,1.563687,89.593,distance
1781810175.362365,1781810175.319374,-2.761426,-7.662716,1.564542,89.642,distance
1781810175.762446,1781810175.717095,-2.762739,-7.639790,1.562102,89.502,distance
1781810176.012388,1781810175.967174,-2.762551,-7.617072,1.563003,89.553,distance
1781810176.262470,1781810176.217097,-2.761481,-7.596501,1.558143,89.275,distance
1781810176.562385,1781810176.517156,-2.761203,-7.573790,1.559071,89.328,distance
1781810176.862649,1781810176.817200,-2.760923,-7.549206,1.559815,89.371,distance
1781810177.163153,1781810177.117073,-2.761766,-7.527530,1.563037,89.555,distance
1781810177.412402,1781810177.367099,-2.761609,-7.506394,1.563965,89.609,distance
1781810177.612418,1781810177.568976,-2.761768,-7.484663,1.560618,89.417,distance
1781810177.863818,1781810177.817382,-2.761552,-7.462583,1.561507,89.468,distance
1781810178.162361,1781810178.117087,-2.762484,-7.436921,1.566988,89.782,distance
1781810178.412437,1781810178.368485,-2.763604,-7.413863,1.572656,90.107,distance
1781810178.662376,1781810178.617139,-2.763647,-7.393729,1.573448,90.152,distance
1781810178.962371,1781810178.917578,-2.765814,-7.371121,1.574493,90.212,distance
1781810179.212398,1781810179.169046,-2.765890,-7.350865,1.574749,90.226,distance
1781810179.462370,1781810179.417165,-2.765971,-7.330358,1.574863,90.233,distance
1781810179.662335,1781810179.617240,-2.767721,-7.308134,1.577081,90.360,distance
1781810179.912395,1781810179.867295,-2.767866,-7.285850,1.577686,90.395,distance
1781810180.212473,1781810180.167158,-2.767770,-7.264834,1.576604,90.333,distance
1781810180.462446,1781810180.417340,-2.767898,-7.243950,1.577194,90.367,distance
1781810180.762477,1781810180.717256,-2.768064,-7.219676,1.578213,90.425,distance
1781810181.062413,1781810181.017489,-2.772091,-7.199162,1.581002,90.585,distance
1781810181.362528,1781810181.317723,-2.772345,-7.175043,1.581640,90.621,distance
1781810181.612380,1781810181.567308,-2.775408,-7.153096,1.584254,90.771,distance
1781810181.863313,1781810181.817869,-2.775686,-7.132669,1.584593,90.790,distance
1781810182.112335,1781810182.067235,-2.776003,-7.110097,1.585232,90.827,distance
1781810182.412379,1781810182.367395,-2.775483,-7.087757,1.584513,90.786,distance
1781810182.662373,1781810182.617192,-2.775779,-7.066586,1.585120,90.821,distance
1781810182.862350,1781810182.817997,-2.776867,-7.041607,1.582217,90.654,distance
1781810183.112341,1781810183.067773,-2.777335,-7.018238,1.581670,90.623,distance
1781810183.362537,1781810183.317201,-2.777591,-6.995594,1.582717,90.683,distance
1781810183.612387,1781810183.567409,-2.778963,-6.972904,1.583374,90.721,distance
1781810183.912412,1781810183.867276,-2.779236,-6.951686,1.584019,90.758,distance
1781810184.162524,1781810184.117287,-2.779386,-6.931006,1.584153,90.765,distance
1781810184.362422,1781810184.317389,-2.779297,-6.910746,1.592415,91.239,distance
1781810184.612597,1781810184.567041,-2.779936,-6.888342,1.610611,92.281,distance
1781810184.962475,1781810184.917034,-2.781088,-6.865244,1.627777,93.265,distance
1781810185.212459,1781810185.167099,-2.782603,-6.841810,1.644547,94.226,distance
1781810185.412379,1781810185.367080,-2.784122,-6.821599,1.647535,94.397,distance
1781810185.662337,1781810185.617093,-2.784518,-6.797882,1.645893,94.303,distance
1781810185.912348,1781810185.867181,-2.786071,-6.777484,1.648420,94.447,distance
1781810186.162382,1781810186.117120,-2.787754,-6.756132,1.651263,94.610,distance
1781810186.612460,1781810186.567096,-2.793942,-6.733764,1.677389,96.107,distance
1781810186.912460,1781810186.867131,-2.796628,-6.710326,1.695906,97.168,distance
1781810187.162601,1781810187.117109,-2.798000,-6.687609,1.705620,97.725,distance
1781810187.412407,1781810187.367139,-2.801000,-6.666523,1.722046,98.666,distance
1781810187.712445,1781810187.667094,-2.805357,-6.646291,1.739676,99.676,distance
1781810188.012355,1781810187.967130,-2.809584,-6.622645,1.758583,100.759,distance
1781810188.262972,1781810188.217155,-2.813735,-6.601542,1.773881,101.636,distance
1781810188.612512,1781810188.567307,-2.821344,-6.578620,1.793907,102.783,distance
1781810188.862485,1781810188.817178,-2.826136,-6.557964,1.806119,103.483,distance
1781810189.162357,1781810189.117033,-2.833046,-6.531134,1.816660,104.087,distance
1781810189.412404,1781810189.367301,-2.838785,-6.509008,1.827290,104.696,distance
1781810189.662426,1781810189.617218,-2.844171,-6.488818,1.837914,105.305,distance
1781810189.912372,1781810189.867166,-2.849619,-6.467322,1.846968,105.823,distance
1781810190.212403,1781810190.167073,-2.855992,-6.444653,1.860477,106.598,distance
1781810190.462393,1781810190.417130,-2.862501,-6.423252,1.873301,107.332,distance
1781810190.712329,1781810190.667145,-2.870209,-6.403771,1.884747,107.988,distance
1781810190.962384,1781810190.917254,-2.878642,-6.382989,1.897346,108.710,distance
1781810191.212359,1781810191.167511,-2.885277,-6.363666,1.908373,109.342,distance
1781810191.462420,1781810191.417213,-2.892704,-6.342821,1.920181,110.018,distance
1781810191.662463,1781810191.617205,-2.901280,-6.323368,1.929283,110.540,distance
1781810191.912390,1781810191.867217,-2.908560,-6.304185,1.940194,111.165,distance
1781810192.212485,1781810192.167407,-2.917341,-6.281831,1.952251,111.856,distance
1781810192.462410,1781810192.417425,-2.928734,-6.261961,1.967394,112.723,distance
1781810192.712425,1781810192.667512,-2.936750,-6.243049,1.978267,113.346,distance
1781810192.962561,1781810192.917312,-2.944948,-6.224304,1.990386,114.041,distance
1781810193.262473,1781810193.217185,-2.955828,-6.205996,1.997735,114.462,distance
1781810193.512451,1781810193.467126,-2.965841,-6.184273,2.009685,115.146,distance
1781810193.762463,1781810193.717366,-2.975469,-6.164013,2.022127,115.859,distance
1781810194.012352,1781810193.967361,-2.986202,-6.142156,2.035091,116.602,distance
1781810194.162338,1781810194.117397,-2.997986,-6.122935,2.045811,117.216,distance
1781810194.412341,1781810194.367184,-3.007408,-6.104800,2.055932,117.796,distance
1781810194.712365,1781810194.667109,-3.018572,-6.083871,2.067699,118.470,distance
1781810195.062377,1781810195.017058,-3.033219,-6.064875,2.085371,119.483,distance
1781810195.312330,1781810195.267083,-3.043574,-6.046751,2.096428,120.116,distance
1781810195.612389,1781810195.567037,-3.054624,-6.027932,2.108646,120.816,distance
1781810195.862377,1781810195.817102,-3.066119,-6.008348,2.122093,121.587,distance
1781810196.112337,1781810196.068129,-3.077432,-5.990116,2.132371,122.176,distance
1781810196.362430,1781810196.317354,-3.089125,-5.971704,2.143686,122.824,distance
1781810196.562556,1781810196.517206,-3.101764,-5.953542,2.152007,123.301,distance
1781810196.812353,1781810196.767396,-3.113563,-5.935764,2.164432,124.013,distance
1781810197.062414,1781810197.017096,-3.125080,-5.918857,2.175525,124.648,distance
1781810197.412503,1781810197.367379,-3.139994,-5.901014,2.194630,125.743,distance
1781810197.912525,1781810197.867150,-3.149966,-5.887290,2.206474,126.422,time
1781810198.262432,1781810198.217165,-3.163473,-5.869200,2.221261,127.269,distance
1781810198.562406,1781810198.517104,-3.179036,-5.853767,2.243360,128.535,distance
1781810198.862369,1781810198.817481,-3.192783,-5.836720,2.258970,129.429,distance
1781810199.062455,1781810199.017138,-3.206488,-5.820257,2.276077,130.410,distance
1781810199.312516,1781810199.267251,-3.225194,-5.805563,2.301280,131.854,distance
1781810199.762421,1781810199.717407,-3.237991,-5.788871,2.318916,132.864,distance
1781810200.262491,1781810200.217271,-3.252654,-5.773317,2.338236,133.971,distance
1781810200.562365,1781810200.517208,-3.268136,-5.757526,2.358776,135.148,distance
1781810200.812365,1781810200.767284,-3.284296,-5.741730,2.380382,136.386,distance
1781810201.012322,1781810200.967376,-3.301958,-5.726034,2.395469,137.250,distance
1781810201.262456,1781810201.217713,-3.317780,-5.711642,2.416256,138.441,distance
1781810201.762473,1781810201.717324,-3.328060,-5.701193,2.431237,139.300,time
1781810202.312352,1781810202.267430,-3.337154,-5.693436,2.442856,139.965,time
1781810202.512335,1781810202.467348,-3.352812,-5.680487,2.463941,141.173,distance
1781810202.812405,1781810202.767215,-3.369942,-5.666776,2.488451,142.578,distance
1781810203.062586,1781810203.017049,-3.387825,-5.653334,2.510193,143.823,distance
1781810203.312362,1781810203.267199,-3.407875,-5.638985,2.536007,145.303,distance
1781810203.562344,1781810203.517478,-3.426606,-5.629798,2.559880,146.670,distance
1781810203.812497,1781810203.767427,-3.443719,-5.618756,2.581714,147.921,distance
1781810204.112367,1781810204.067055,-3.463789,-5.606951,2.602850,149.132,distance
1781810204.412355,1781810204.367434,-3.484503,-5.594831,2.625595,150.436,distance
1781810204.662336,1781810204.617074,-3.504615,-5.588873,2.648636,151.756,distance
1781810204.912473,1781810204.867487,-3.525267,-5.578047,2.674395,153.232,distance
1781810205.212398,1781810205.167474,-3.545764,-5.567658,2.696913,154.522,distance
1781810205.512415,1781810205.467087,-3.566611,-5.557951,2.718332,155.749,distance
1781810205.762346,1781810205.717065,-3.591383,-5.551862,2.737665,156.857,distance
1781810206.012379,1781810205.967054,-3.613302,-5.542759,2.763096,158.314,distance
1781810206.262372,1781810206.217119,-3.634452,-5.534043,2.786275,159.642,distance
1781810206.565209,1781810206.517426,-3.655676,-5.524726,2.806960,160.827,distance
1781810206.862389,1781810206.817468,-3.679592,-5.516657,2.823619,161.781,distance
1781810207.062362,1781810207.017285,-3.701469,-5.512804,2.825891,161.912,distance
1781810207.612377,1781810207.567201,-3.712774,-5.509116,2.827375,161.997,time
1781810208.112573,1781810208.067162,-3.712774,-5.509116,2.827655,162.013,time
1781810208.662341,1781810208.617159,-3.712774,-5.509116,2.827950,162.030,time
1781810209.162488,1781810209.117310,-3.712774,-5.509116,2.828127,162.040,time
1781810209.712373,1781810209.667290,-3.712774,-5.509116,2.828711,162.073,time
1781810210.212420,1781810210.167276,-3.712774,-5.509116,2.829132,162.097,time
1781810210.763169,1781810210.717160,-3.712774,-5.509116,2.829196,162.101,time
1781810211.312420,1781810211.267266,-3.712774,-5.509116,2.829471,162.117,time
1781810211.812437,1781810211.767249,-3.713791,-5.508788,2.829857,162.139,time
1781810212.162390,1781810212.117189,-3.736394,-5.501666,2.845258,163.021,distance
1781810212.362500,1781810212.317201,-3.756435,-5.495737,2.856714,163.678,distance
1781810212.562409,1781810212.517158,-3.775890,-5.490132,2.868370,164.345,distance
1781810212.762328,1781810212.717191,-3.800402,-5.484579,2.883322,165.202,distance
1781810213.012363,1781810212.967168,-3.821246,-5.479180,2.895528,165.902,distance
1781810213.262612,1781810213.217559,-3.840838,-5.474359,2.907218,166.571,distance
1781810213.612395,1781810213.567072,-3.863706,-5.469805,2.920240,167.317,distance
1781810213.862478,1781810213.817113,-3.884719,-5.465175,2.931514,167.963,distance
1781810214.112425,1781810214.067354,-3.906508,-5.460489,2.942849,168.613,distance
1781810214.362367,1781810214.317464,-3.927139,-5.456437,2.954981,169.308,distance
1781810214.662404,1781810214.617438,-3.947930,-5.450957,2.967036,169.999,distance
1781810214.912487,1781810214.867469,-3.968789,-5.447380,2.979232,170.697,distance
1781810215.162352,1781810215.117549,-3.989407,-5.444104,2.991193,171.383,distance
1781810215.412422,1781810215.367362,-4.009516,-5.439525,3.001772,171.989,distance
1781810215.662909,1781810215.617391,-4.029977,-5.436754,3.014829,172.737,distance
1781810215.919290,1781810215.867539,-4.051200,-5.434270,3.026890,173.428,distance
1781810216.162440,1781810216.117125,-4.072120,-5.432209,3.037035,174.009,distance
1781810216.412386,1781810216.367604,-4.093687,-5.430054,3.049669,174.733,distance
1781810216.662351,1781810216.617298,-4.116591,-5.429318,3.060391,175.347,distance
1781810216.912396,1781810216.867056,-4.137168,-5.427746,3.072591,176.047,distance
1781810217.212411,1781810217.167532,-4.160730,-5.426952,3.086184,176.825,distance
1781810217.462380,1781810217.417092,-4.181585,-5.426537,3.098046,177.505,distance
1781810217.714236,1781810217.667149,-4.203710,-5.425687,3.110933,178.243,distance
1781810218.012515,1781810217.967132,-4.224071,-5.425798,3.123414,178.958,distance
1781810218.312464,1781810218.267104,-4.244554,-5.425531,3.135826,179.670,distance
1781810218.562542,1781810218.517101,-4.265183,-5.425785,-3.135834,-179.670,distance
1781810218.812418,1781810218.767197,-4.287774,-5.426830,-3.123688,-178.974,distance
1781810219.062404,1781810219.017552,-4.310725,-5.427361,-3.110819,-178.237,distance
1781810219.312343,1781810219.267111,-4.334030,-5.427078,-3.094787,-177.318,distance
1781810219.562415,1781810219.517093,-4.354437,-5.428127,-3.082896,-176.637,distance
1781810219.812427,1781810219.767317,-4.374401,-5.429395,-3.070435,-175.923,distance
1781810220.062347,1781810220.018021,-4.397184,-5.432984,-3.061231,-175.396,distance
1781810220.312342,1781810220.268675,-4.419133,-5.434862,-3.048619,-174.673,distance
1781810220.562403,1781810220.517106,-4.441429,-5.437186,-3.039188,-174.133,distance
1781810220.862381,1781810220.817057,-4.463757,-5.439623,-3.027086,-173.439,distance
1781810221.112415,1781810221.067590,-4.484780,-5.442144,-3.014905,-172.741,distance
1781810221.362389,1781810221.317209,-4.509261,-5.446495,-3.002939,-172.056,distance
1781810221.612420,1781810221.567119,-4.531245,-5.449668,-2.991136,-171.379,distance
1781810221.862395,1781810221.817294,-4.552074,-5.452917,-2.979874,-170.734,distance
1781810222.112436,1781810222.067134,-4.575768,-5.456055,-2.962405,-169.733,distance
1781810222.412419,1781810222.367235,-4.597344,-5.460088,-2.948937,-168.962,distance
1781810222.712340,1781810222.667593,-4.621454,-5.464930,-2.936001,-168.220,distance
1781810222.962396,1781810222.917469,-4.643697,-5.470896,-2.933467,-168.075,distance
1781810223.212416,1781810223.167221,-4.666282,-5.475571,-2.943275,-168.637,distance
1781810223.512346,1781810223.467152,-4.686416,-5.476853,-2.952368,-169.158,distance
1781810224.012438,1781810223.967193,-4.702782,-5.479987,-2.952049,-169.140,time
1781810224.562375,1781810224.517097,-4.702765,-5.479984,-2.951890,-169.131,time
1781810225.112410,1781810225.067339,-4.702765,-5.479984,-2.951631,-169.116,time
1781810225.662359,1781810225.617206,-4.702765,-5.479984,-2.951454,-169.106,time
1781810226.212318,1781810226.167469,-4.702765,-5.479984,-2.951233,-169.093,time
1781810226.712336,1781810226.667048,-4.702765,-5.479984,-2.951007,-169.080,time
1781810227.212396,1781810227.167442,-4.702765,-5.479984,-2.950808,-169.069,time
1781810227.762573,1781810227.717057,-4.702765,-5.479984,-2.950552,-169.054,time
1781810228.312401,1781810228.267152,-4.702765,-5.479984,-2.950325,-169.041,time
1781810228.812401,1781810228.767147,-4.702765,-5.479984,-2.950096,-169.028,time
1781810229.312449,1781810229.267416,-4.702765,-5.479984,-2.949863,-169.015,time
1781810229.812699,1781810229.769797,-4.702765,-5.479984,-2.949650,-169.002,time
1781810230.362403,1781810230.317132,-4.702765,-5.479984,-2.949411,-168.989,time
1781810230.912350,1781810230.867129,-4.702765,-5.479984,-2.949120,-168.972,time
1781810231.412381,1781810231.367212,-4.702765,-5.479984,-2.948966,-168.963,time
1781810231.962352,1781810231.917320,-4.702765,-5.479984,-2.948755,-168.951,time
1781810232.462371,1781810232.417504,-4.702765,-5.479984,-2.948545,-168.939,time
1781810233.012337,1781810232.967542,-4.702765,-5.479984,-2.948264,-168.923,time
1781810233.512442,1781810233.467315,-4.702765,-5.479984,-2.948050,-168.911,time
1781810234.062547,1781810234.017046,-4.702765,-5.479984,-2.947831,-168.898,time
1781810234.612381,1781810234.567251,-4.702765,-5.479984,-2.947538,-168.881,time
1781810235.112517,1781810235.067085,-4.702765,-5.479984,-2.947282,-168.867,time
1781810235.662746,1781810235.617024,-4.703606,-5.480150,-2.947918,-168.903,time
1781810236.017215,1781810235.967501,-4.723939,-5.484018,-2.975698,-170.495,distance
1781810236.262466,1781810236.217316,-4.745493,-5.488962,-3.014659,-172.727,distance
1781810236.512429,1781810236.467412,-4.768111,-5.492112,-3.051182,-174.820,distance
1781810236.762573,1781810236.717308,-4.788050,-5.496872,-3.069020,-175.842,distance
1781810237.062463,1781810237.017222,-4.810488,-5.498635,-3.103190,-177.800,distance
1781810237.312392,1781810237.267191,-4.831993,-5.500118,3.137505,179.766,distance
1781810237.512412,1781810237.467063,-4.854220,-5.499941,3.099809,177.606,distance
1781810237.812408,1781810237.767535,-4.875403,-5.499001,3.066458,175.695,distance
1781810238.162408,1781810238.117515,-4.896508,-5.497211,3.036784,173.995,distance
1781810238.417372,1781810238.367641,-4.918582,-5.497632,3.005323,172.192,distance
1781810238.612403,1781810238.567544,-4.941637,-5.495184,2.965001,169.882,distance
1781810238.812335,1781810238.767675,-4.966057,-5.496789,2.932490,168.019,distance
1781810239.062399,1781810239.017512,-4.987627,-5.494181,2.913503,166.931,distance
1781810239.414336,1781810239.367081,-5.010103,-5.488728,2.881471,165.096,distance
1781810239.662354,1781810239.617095,-5.029458,-5.483515,2.844420,162.973,distance
1781810239.862824,1781810239.817118,-5.050429,-5.476900,2.807443,160.855,distance
1781810240.112393,1781810240.067243,-5.069257,-5.469209,2.769195,158.663,distance
1781810240.512337,1781810240.467133,-5.090137,-5.459298,2.734294,156.664,distance
1781810240.762378,1781810240.717110,-5.109267,-5.450842,2.701307,154.774,distance
1781810241.012350,1781810240.967113,-5.128093,-5.441661,2.661208,152.476,distance
1781810241.212334,1781810241.170631,-5.146478,-5.431015,2.632960,150.858,distance
1781810241.462654,1781810241.418923,-5.165205,-5.420185,2.601812,149.073,distance
1781810241.762423,1781810241.717074,-5.184499,-5.407397,2.560662,146.715,distance
1781810242.012382,1781810241.967118,-5.200660,-5.393789,2.522515,144.529,distance
1781810242.312418,1781810242.267087,-5.218922,-5.380530,2.491580,142.757,distance
1781810242.562464,1781810242.517096,-5.235342,-5.368020,2.470682,141.560,distance
1781810242.812374,1781810242.767366,-5.253236,-5.353522,2.432859,139.393,distance
1781810243.012331,1781810242.967395,-5.268080,-5.337807,2.394936,137.220,distance
1781810243.262335,1781810243.217206,-5.283677,-5.323409,2.363227,135.403,distance
1781810243.662354,1781810243.617121,-5.298332,-5.307474,2.332175,133.624,distance
1781810243.962496,1781810243.917428,-5.311571,-5.289220,2.290100,131.213,distance
1781810244.212396,1781810244.167316,-5.323310,-5.271921,2.240490,128.371,distance
1781810244.412498,1781810244.369104,-5.336294,-5.255231,2.207832,126.499,distance
1781810244.712499,1781810244.667200,-5.348272,-5.238762,2.182760,125.063,distance
1781810245.113000,1781810245.067207,-5.361413,-5.222463,2.141711,122.711,distance
1781810245.412415,1781810245.367364,-5.371766,-5.201314,2.096465,120.119,distance
1781810245.662380,1781810245.619580,-5.383899,-5.180909,2.060608,118.064,distance
1781810245.962509,1781810245.917092,-5.394121,-5.161611,2.030291,116.327,distance
1781810246.262463,1781810246.217190,-5.403352,-5.140950,1.994160,114.257,distance
1781810246.512856,1781810246.467380,-5.411044,-5.120854,1.959638,112.279,distance
1781810246.762457,1781810246.717081,-5.417752,-5.101269,1.927599,110.443,distance
1781810247.062373,1781810247.017170,-5.424585,-5.081493,1.889267,108.247,distance
1781810247.362400,1781810247.317457,-5.432112,-5.060544,1.844334,105.673,distance
1781810247.612339,1781810247.568277,-5.437392,-5.041020,1.811495,103.791,distance
1781810247.862422,1781810247.817159,-5.440425,-5.020921,1.786254,102.345,distance
1781810248.162339,1781810248.117070,-5.443496,-4.999262,1.752088,100.387,distance
1781810248.412428,1781810248.368937,-5.446822,-4.976837,1.713456,98.174,distance
1781810248.612381,1781810248.567154,-5.448768,-4.956666,1.678032,96.144,distance
1781810248.812351,1781810248.767239,-5.450777,-4.936549,1.645639,94.288,distance
1781810249.212362,1781810249.167752,-5.451383,-4.915858,1.614477,92.503,distance
1781810249.512389,1781810249.467613,-5.452639,-4.893841,1.579036,90.472,distance
1781810249.712391,1781810249.667029,-5.452650,-4.873705,1.544790,88.510,distance
1781810249.962462,1781810249.917097,-5.452186,-4.849796,1.503558,86.148,distance
1781810250.462364,1781810250.417235,-5.447993,-4.827008,1.453409,83.274,distance
1781810250.812364,1781810250.767170,-5.442149,-4.804050,1.402451,80.355,distance
1781810251.112335,1781810251.067260,-5.434801,-4.781102,1.356753,77.736,distance
1781810251.413637,1781810251.367070,-5.431297,-4.761238,1.322513,75.774,distance
1781810251.662379,1781810251.617035,-5.426184,-4.741797,1.289946,73.908,distance
1781810251.912328,1781810251.867235,-5.420332,-4.721651,1.258689,72.118,distance
1781810252.212395,1781810252.167406,-5.413399,-4.700838,1.226502,70.273,distance
1781810252.512769,1781810252.472145,-5.404591,-4.678660,1.186324,67.971,distance
1781810252.812493,1781810252.767336,-5.396249,-4.659045,1.148189,65.786,distance
1781810253.012515,1781810252.967376,-5.387441,-4.639913,1.111415,63.679,distance
1781810253.312408,1781810253.267200,-5.374370,-4.623881,1.071700,61.404,distance
1781810253.712392,1781810253.667480,-5.360908,-4.605210,1.033948,59.241,distance
1781810253.962461,1781810253.917202,-5.349619,-4.586609,0.999997,57.296,distance
1781810254.212353,1781810254.167284,-5.337027,-4.567846,0.953863,54.652,distance
1781810254.462342,1781810254.417114,-5.325104,-4.548457,0.920760,52.756,distance
1781810254.812458,1781810254.767091,-5.311805,-4.531285,0.890894,51.044,distance
1781810255.112463,1781810255.067368,-5.295780,-4.514250,0.846918,48.525,distance
1781810255.412617,1781810255.367106,-5.277964,-4.497250,0.796849,45.656,distance
1781810255.712447,1781810255.667146,-5.261587,-4.481319,0.754697,43.241,distance
1781810256.012409,1781810255.967539,-5.244915,-4.465932,0.722100,41.373,distance
1781810256.412345,1781810256.370098,-5.225265,-4.452080,0.670325,38.407,distance
1781810256.762565,1781810256.722244,-5.205056,-4.445296,0.626461,35.894,distance
1781810257.062397,1781810257.017178,-5.188799,-4.431956,0.591568,33.894,distance
1781810257.312354,1781810257.267551,-5.168441,-4.418574,0.553641,31.721,distance
1781810257.512355,1781810257.467138,-5.151803,-4.402680,0.525808,30.127,distance
1781810257.912505,1781810257.867115,-5.130456,-4.397489,0.483560,27.706,distance
1781810258.462350,1781810258.419287,-5.117316,-4.393968,0.457488,26.212,time
1781810258.962484,1781810258.917211,-5.109899,-4.390332,0.442848,25.373,time
1781810259.162451,1781810259.117059,-5.089477,-4.380871,0.403605,23.125,distance
1781810259.362445,1781810259.317111,-5.067485,-4.375869,0.368972,21.141,distance
1781810259.862455,1781810259.817109,-5.067018,-4.375684,0.372726,21.356,time
1781810260.162377,1781810260.117377,-5.045816,-4.367499,0.366565,21.003,distance
1781810260.362337,1781810260.317178,-5.024644,-4.358953,0.365588,20.947,distance
1781810260.564153,1781810260.517195,-5.005572,-4.351645,0.366661,21.008,distance
1781810260.812347,1781810260.768301,-4.984870,-4.343683,0.368354,21.105,distance
1781810261.062407,1781810261.018182,-4.964168,-4.336695,0.364281,20.872,distance
1781810261.362527,1781810261.317053,-4.941735,-4.328134,0.365072,20.917,distance
1781810261.662369,1781810261.617219,-4.922067,-4.320605,0.366183,20.981,distance
1781810262.162615,1781810262.117046,-4.919160,-4.319447,0.364046,20.858,time
1781810262.712417,1781810262.667083,-4.919160,-4.319447,0.364283,20.872,time
1781810263.262371,1781810263.217237,-4.919160,-4.319447,0.364511,20.885,time
1781810263.762412,1781810263.717324,-4.919160,-4.319447,0.364722,20.897,time
1781810264.262444,1781810264.217374,-4.919160,-4.319447,0.364953,20.910,time
1781810264.812449,1781810264.767112,-4.919160,-4.319447,0.365148,20.921,time
1781810265.362448,1781810265.317307,-4.919160,-4.319447,0.365338,20.932,time
1781810265.912525,1781810265.867324,-4.919160,-4.319447,0.365569,20.946,time
1781810266.462338,1781810266.420213,-4.919160,-4.319447,0.365784,20.958,time
1781810266.962516,1781810266.917563,-4.919160,-4.319447,0.365968,20.968,time
1781810267.512404,1781810267.467509,-4.897319,-4.311141,0.357338,20.474,distance
1781810267.762593,1781810267.717287,-4.874122,-4.302622,0.343967,19.708,distance
1781810268.012362,1781810267.967284,-4.852236,-4.294905,0.330871,18.958,distance
1781810268.212396,1781810268.167559,-4.831248,-4.286257,0.318889,18.271,distance
1781810268.462537,1781810268.417366,-4.811100,-4.279705,0.307373,17.611,distance
1781810268.712413,1781810268.667109,-4.790665,-4.273324,0.295587,16.936,distance
1781810268.962372,1781810268.917211,-4.769515,-4.266213,0.279475,16.013,distance
1781810269.212340,1781810269.167335,-4.748996,-4.260428,0.270399,15.493,distance
1781810269.462380,1781810269.417487,-4.728380,-4.254718,0.270257,15.485,distance
1781810269.762408,1781810269.717202,-4.705856,-4.250598,0.276045,15.816,distance
1781810270.012389,1781810269.967109,-4.686456,-4.245091,0.277395,15.894,distance
1781810270.312321,1781810270.267364,-4.663985,-4.238682,0.278289,15.945,distance
1781810270.612409,1781810270.567104,-4.643131,-4.232805,0.275786,15.801,distance
1781810270.862420,1781810270.817133,-4.621145,-4.226570,0.276969,15.869,distance
1781810271.112368,1781810271.067258,-4.601194,-4.220906,0.272288,15.601,distance
1781810271.362361,1781810271.317203,-4.578942,-4.218388,0.261585,14.988,distance
1781810271.612348,1781810271.567111,-4.559040,-4.213161,0.249573,14.299,distance
1781810271.862406,1781810271.817096,-4.538757,-4.208090,0.238073,13.641,distance
1781810272.112427,1781810272.067093,-4.517946,-4.205045,0.225525,12.922,distance
1781810272.362564,1781810272.317092,-4.497888,-4.200540,0.214058,12.265,distance
1781810272.666446,1781810272.617326,-4.474953,-4.195687,0.200640,11.496,distance
1781810272.912400,1781810272.867117,-4.452994,-4.192904,0.187025,10.716,distance
1781810273.162430,1781810273.117153,-4.430983,-4.188850,0.174423,9.994,distance
1781810273.462363,1781810273.417248,-4.407672,-4.184875,0.160998,9.224,distance
1781810273.712325,1781810273.667194,-4.384769,-4.184394,0.149377,8.559,distance
1781810273.962385,1781810273.917104,-4.363243,-4.181265,0.137109,7.856,distance
1781810274.212390,1781810274.167540,-4.342623,-4.178385,0.124260,7.120,distance
1781810274.512528,1781810274.467106,-4.319232,-4.175288,0.107621,6.166,distance
1781810274.812362,1781810274.767238,-4.296430,-4.172947,0.094590,5.420,distance
1781810275.162460,1781810275.117242,-4.273967,-4.173260,0.077365,4.433,distance
1781810275.412470,1781810275.367108,-4.252668,-4.171704,0.066153,3.790,distance
1781810275.662516,1781810275.617063,-4.230109,-4.169869,0.054525,3.124,distance
1781810275.912379,1781810275.867293,-4.209160,-4.168339,0.044129,2.528,distance
1781810276.162694,1781810276.118659,-4.188218,-4.167429,0.043268,2.479,distance
1781810276.412383,1781810276.367259,-4.162779,-4.166542,0.041621,2.385,distance
1781810276.662628,1781810276.617199,-4.141161,-4.165632,0.042706,2.447,distance
1781810276.912455,1781810276.867068,-4.119548,-4.164706,0.039403,2.258,distance
1781810277.212368,1781810277.167246,-4.096146,-4.165769,0.026865,1.539,distance
1781810277.512673,1781810277.471005,-4.073655,-4.165183,0.026136,1.497,distance
1781810277.862339,1781810277.817569,-4.050177,-4.167217,0.022871,1.310,distance
1781810278.112483,1781810278.067778,-4.027168,-4.166682,0.023770,1.362,distance
1781810278.362389,1781810278.317229,-4.003889,-4.166123,0.024414,1.399,distance
1781810278.612413,1781810278.567241,-3.982198,-4.166766,0.018490,1.059,distance
1781810278.912378,1781810278.867362,-3.960154,-4.166347,0.019645,1.126,distance
1781810279.212368,1781810279.167362,-3.937637,-4.165285,0.020812,1.192,distance
1781810279.462435,1781810279.417289,-3.915763,-4.164616,0.022147,1.269,distance
1781810279.712360,1781810279.667231,-3.892323,-4.164086,0.023205,1.330,distance
1781810280.012358,1781810279.967744,-3.869311,-4.164419,0.028104,1.610,distance
1781810280.262362,1781810280.217392,-3.844918,-4.163716,0.029919,1.714,distance
1781810280.512357,1781810280.472384,-3.821383,-4.162716,0.035531,2.036,distance
1781810280.812397,1781810280.767411,-3.800997,-4.161977,0.037207,2.132,distance
1781810281.162347,1781810281.117197,-3.777835,-4.161090,0.039489,2.263,distance
1781810281.412388,1781810281.367571,-3.756859,-4.159475,0.039033,2.236,distance
1781810281.612381,1781810281.567140,-3.736868,-4.158684,0.040057,2.295,distance
1781810281.862335,1781810281.817812,-3.714469,-4.158445,0.034419,1.972,distance
1781810282.212397,1781810282.167455,-3.691255,-4.159534,0.023336,1.337,distance
1781810282.512498,1781810282.467526,-3.668983,-4.159030,0.022405,1.284,distance
1781810282.712444,1781810282.667323,-3.648653,-4.158464,0.020731,1.188,distance
1781810282.912444,1781810282.867421,-3.626112,-4.157993,0.021268,1.219,distance
1781810283.112342,1781810283.067079,-3.602315,-4.157482,0.021678,1.242,distance
1781810283.412388,1781810283.367449,-3.580247,-4.157418,0.021706,1.244,distance
1781810283.762459,1781810283.717259,-3.557398,-4.156917,0.022055,1.264,distance
1781810284.062403,1781810284.017595,-3.535106,-4.158567,0.014063,0.806,distance
1781810284.362368,1781810284.317212,-3.510638,-4.158220,0.014625,0.838,distance
1781810284.562449,1781810284.517224,-3.488936,-4.157901,0.014900,0.854,distance
1781810284.762466,1781810284.717407,-3.467409,-4.157023,0.014084,0.807,distance
1781810285.012519,1781810284.967124,-3.445320,-4.156706,0.014512,0.831,distance
1781810285.262348,1781810285.217374,-3.423623,-4.156135,0.014767,0.846,distance
1781810285.512393,1781810285.467498,-3.401149,-4.155069,0.014494,0.830,distance
1781810285.812738,1781810285.767569,-3.377854,-4.154728,0.014934,0.856,distance
1781810286.112395,1781810286.067346,-3.357004,-4.153055,0.014243,0.816,distance
1781810286.412566,1781810286.367091,-3.333419,-4.152717,0.014200,0.814,distance
1781810286.712419,1781810286.667152,-3.310946,-4.152212,0.004898,0.281,distance
1781810287.012481,1781810286.967061,-3.287168,-4.151583,-0.005610,-0.321,distance
1781810287.262394,1781810287.217144,-3.263507,-4.151712,-0.005241,-0.300,distance
1781810287.512386,1781810287.467106,-3.239755,-4.150891,-0.003065,-0.176,distance
1781810288.012547,1781810287.967248,-3.230296,-4.150917,-0.002187,-0.125,time
1781810288.312387,1781810288.267180,-3.208400,-4.150948,-0.000397,-0.023,distance
1781810288.562410,1781810288.517200,-3.185942,-4.150855,0.000638,0.037,distance
1781810288.812343,1781810288.767134,-3.165264,-4.150826,0.002303,0.132,distance
1781810289.062379,1781810289.017100,-3.143037,-4.150762,0.003613,0.207,distance
1781810289.412386,1781810289.367326,-3.120229,-4.147326,0.007919,0.454,distance
1781810289.712355,1781810289.667150,-3.096372,-4.147116,0.008508,0.487,distance
1781810290.012357,1781810289.967060,-3.072529,-4.146349,-0.003879,-0.222,distance
1781810290.262367,1781810290.217128,-3.051649,-4.146524,-0.015402,-0.882,distance
1781810290.512385,1781810290.467092,-3.031507,-4.147019,-0.027588,-1.581,distance
1781810290.762363,1781810290.717163,-3.010285,-4.147684,-0.033731,-1.933,distance
1781810291.012347,1781810290.967276,-2.989704,-4.148377,-0.033466,-1.917,distance
1781810291.312459,1781810291.267121,-2.969697,-4.149034,-0.036345,-2.082,distance
1781810291.562362,1781810291.517540,-2.949512,-4.149761,-0.035782,-2.050,distance
1781810291.812593,1781810291.767837,-2.928279,-4.150511,-0.034849,-1.997,distance
1781810292.062391,1781810292.017107,-2.903532,-4.148407,-0.031297,-1.793,distance
1781810292.312534,1781810292.267300,-2.880590,-4.149114,-0.030087,-1.724,distance
1781810292.662367,1781810292.617256,-2.858207,-4.148357,-0.027267,-1.562,distance
1781810292.962491,1781810292.917617,-2.834809,-4.148982,-0.026088,-1.495,distance
1781810293.312365,1781810293.267177,-2.812551,-4.148082,-0.023241,-1.332,distance
1781810293.562356,1781810293.517117,-2.791377,-4.148567,-0.022271,-1.276,distance
1781810293.912354,1781810293.867412,-2.768509,-4.149112,-0.017914,-1.026,distance
1781810294.162339,1781810294.117420,-2.748222,-4.149467,-0.017087,-0.979,distance
1781810294.462400,1781810294.417249,-2.725813,-4.149843,-0.016113,-0.923,distance
1781810294.712635,1781810294.667108,-2.704520,-4.148271,-0.015829,-0.907,distance
1781810294.962428,1781810294.917025,-2.683843,-4.148591,-0.015059,-0.863,distance
1781810295.212376,1781810295.167048,-2.661072,-4.148928,-0.014349,-0.822,distance
1781810295.462179,1781810295.417510,-2.637501,-4.149321,-0.012132,-0.695,distance
1781810295.712263,1781810295.672413,-2.615302,-4.149577,-0.010564,-0.605,distance
1781810296.062339,1781810296.017412,-2.592011,-4.149256,-0.008180,-0.469,distance
1781810296.312405,1781810296.267207,-2.571827,-4.149410,-0.006798,-0.389,distance
1781810296.562446,1781810296.517069,-2.549113,-4.149552,-0.005377,-0.308,distance
1781810296.812370,1781810296.767365,-2.527449,-4.149709,-0.000917,-0.053,distance
1781810297.062362,1781810297.017105,-2.506455,-4.149716,0.000315,0.018,distance
1781810297.362410,1781810297.317610,-2.485224,-4.149510,0.000167,0.010,distance
1781810297.662435,1781810297.622173,-2.459976,-4.149490,0.001590,0.091,distance
1781810297.912441,1781810297.867391,-2.439089,-4.149446,0.002840,0.163,distance
1781810298.162399,1781810298.118236,-2.416682,-4.149019,0.006711,0.384,distance
1781810298.412597,1781810298.367413,-2.395463,-4.148862,0.008229,0.471,distance
1781810298.712384,1781810298.667287,-2.372159,-4.148477,0.008104,0.464,distance
1781810299.012459,1781810298.967117,-2.349230,-4.148281,0.009053,0.519,distance
1781810299.262383,1781810299.217569,-2.327819,-4.148084,0.009309,0.533,distance
1781810299.512485,1781810299.467257,-2.306851,-4.147255,0.011316,0.648,distance
1781810299.762424,1781810299.717230,-2.282669,-4.146963,0.012967,0.743,distance
1781810300.012487,1781810299.967426,-2.257559,-4.145150,0.017496,1.002,distance
1781810300.262338,1781810300.217367,-2.236652,-4.144770,0.019107,1.095,distance
1781810300.512362,1781810300.467279,-2.215698,-4.144356,0.020804,1.192,distance
1781810300.762457,1781810300.717796,-2.192764,-4.144110,0.020764,1.190,distance
1781810301.012661,1781810300.967373,-2.172693,-4.143684,0.022033,1.262,distance
1781810301.312387,1781810301.268772,-2.149514,-4.143156,0.023888,1.369,distance
1781810301.512486,1781810301.467251,-2.127528,-4.142639,0.025068,1.436,distance
1781810301.762464,1781810301.721977,-2.107323,-4.142035,0.037554,2.152,distance
1781810302.062690,1781810302.017076,-2.083664,-4.141001,0.052698,3.019,distance
1781810302.312590,1781810302.267102,-2.060624,-4.137092,0.065802,3.770,distance
1781810302.562409,1781810302.517056,-2.039998,-4.135618,0.079740,4.569,distance
1781810302.812387,1781810302.767120,-2.018188,-4.134422,0.091455,5.240,distance
1781810303.062724,1781810303.017064,-1.993917,-4.132280,0.106845,6.122,distance
1781810303.312354,1781810303.267099,-1.970736,-4.129643,0.122910,7.042,distance
1781810303.712373,1781810303.667260,-1.948395,-4.127965,0.144386,8.273,distance
1781810304.012458,1781810303.967062,-1.924849,-4.124395,0.159288,9.127,distance
1781810304.312390,1781810304.267112,-1.903267,-4.118293,0.177883,10.192,distance
1781810304.562526,1781810304.517093,-1.882628,-4.114472,0.191322,10.962,distance
1781810304.812407,1781810304.767163,-1.862803,-4.110513,0.205836,11.794,distance
1781810305.112471,1781810305.067173,-1.840761,-4.104452,0.224460,12.861,distance
1781810305.362336,1781810305.317095,-1.820758,-4.099749,0.241168,13.818,distance
1781810305.662360,1781810305.617100,-1.797502,-4.093828,0.260604,14.932,distance
1781810305.912390,1781810305.867097,-1.776748,-4.089065,0.273629,15.678,distance
1781810306.112439,1781810306.071236,-1.757208,-4.083453,0.289784,16.603,distance
1781810306.362461,1781810306.317148,-1.735692,-4.076884,0.306863,17.582,distance
1781810306.662367,1781810306.617291,-1.714265,-4.071958,0.319259,18.292,distance
1781810306.962655,1781810306.917219,-1.692012,-4.064428,0.336669,19.290,distance
1781810307.212385,1781810307.167094,-1.672132,-4.057320,0.353871,20.275,distance
1781810307.512365,1781810307.467218,-1.651905,-4.050608,0.371154,21.266,distance
1781810307.812380,1781810307.767263,-1.631810,-4.042629,0.388077,22.235,distance
1781810308.112341,1781810308.067237,-1.610622,-4.033402,0.413969,23.719,distance
1781810308.362361,1781810308.317096,-1.589968,-4.024147,0.432166,24.761,distance
1781810308.562505,1781810308.517207,-1.571668,-4.015563,0.449262,25.741,distance
1781810308.812375,1781810308.767209,-1.549660,-4.002996,0.471269,27.002,distance
1781810309.112388,1781810309.068522,-1.531600,-3.993635,0.487955,27.958,distance
1781810309.412374,1781810309.367104,-1.510760,-3.982362,0.507090,29.054,distance
1781810309.662396,1781810309.617193,-1.488196,-3.972864,0.523395,29.988,distance
1781810309.912449,1781810309.867621,-1.469310,-3.961784,0.541634,31.033,distance
1781810310.212238,1781810310.167051,-1.450320,-3.950165,0.559328,32.047,distance
1781810310.512190,1781810310.467588,-1.430035,-3.940605,0.576740,33.045,distance
1781810310.762417,1781810310.717982,-1.411776,-3.928545,0.594455,34.060,distance
1781810311.012521,1781810310.967317,-1.393756,-3.916172,0.612424,35.089,distance
1781810311.262341,1781810311.217116,-1.377944,-3.901016,0.632617,36.246,distance
1781810311.512391,1781810311.467239,-1.361829,-3.889043,0.648879,37.178,distance
1781810311.812415,1781810311.767176,-1.343397,-3.876555,0.672517,38.532,distance
1781810312.062402,1781810312.017236,-1.326283,-3.862723,0.690890,39.585,distance
1781810312.312371,1781810312.267426,-1.310595,-3.849575,0.707481,40.536,distance
1781810312.562397,1781810312.517352,-1.295611,-3.833650,0.729434,41.794,distance
1781810312.812445,1781810312.767434,-1.280627,-3.820078,0.746667,42.781,distance
1781810313.062450,1781810313.017174,-1.264352,-3.804791,0.764969,43.830,distance
1781810313.362579,1781810313.320128,-1.247959,-3.788084,0.785679,45.016,distance
1781810313.662353,1781810313.617289,-1.231446,-3.771363,0.799632,45.816,distance
1781810314.162434,1781810314.117380,-1.223689,-3.763854,0.812564,46.556,time
1781810314.512640,1781810314.467229,-1.209147,-3.748359,0.824823,47.259,distance
1781810314.712374,1781810314.667618,-1.195540,-3.733500,0.837008,47.957,distance
1781810314.962353,1781810314.918627,-1.178885,-3.715997,0.858078,49.164,distance
1781810315.212444,1781810315.167479,-1.164885,-3.699632,0.870832,49.895,distance
1781810315.462497,1781810315.417097,-1.151302,-3.683638,0.882614,50.570,distance
1781810315.716579,1781810315.667203,-1.136711,-3.666610,0.895736,51.322,distance
1781810315.962426,1781810315.917211,-1.124018,-3.650588,0.908169,52.034,distance
1781810316.262626,1781810316.217442,-1.110357,-3.631709,0.920436,52.737,distance
1781810316.512460,1781810316.467373,-1.098115,-3.615457,0.932417,53.424,distance
1781810316.762339,1781810316.717244,-1.084887,-3.597919,0.937426,53.711,distance
1781810317.012358,1781810316.967095,-1.071332,-3.579505,0.948735,54.359,distance
1781810317.562368,1781810317.517577,-1.059192,-3.564498,0.954529,54.690,time
1781810318.062408,1781810318.017431,-1.059160,-3.564452,0.954803,54.706,time
1781810318.412396,1781810318.367426,-1.046225,-3.545979,0.967932,55.458,distance
1781810318.662605,1781810318.617349,-1.032316,-3.525514,0.982462,56.291,distance
1781810318.912457,1781810318.867564,-1.015576,-3.502739,0.995330,57.028,distance
1781810319.162349,1781810319.117443,-1.002514,-3.483280,1.007432,57.722,distance
1781810319.412334,1781810319.370184,-0.991512,-3.465680,1.018685,58.366,distance
1781810319.612502,1781810319.567063,-0.976501,-3.448670,1.027092,58.848,distance
1781810319.862498,1781810319.817487,-0.966192,-3.431451,1.037744,59.458,distance
1781810320.112626,1781810320.067878,-0.955274,-3.413635,1.047541,60.020,distance
1781810320.362359,1781810320.317137,-0.942855,-3.394575,1.056184,60.515,distance
1781810320.612414,1781810320.567339,-0.931873,-3.374901,1.069758,61.293,distance
1781810320.812516,1781810320.767577,-0.920395,-3.356641,1.081923,61.990,distance
1781810321.062338,1781810321.017064,-0.910903,-3.338591,1.093529,62.655,distance
1781810321.312460,1781810321.267286,-0.901159,-3.319530,1.105119,63.319,distance
1781810321.562484,1781810321.517210,-0.891533,-3.300618,1.116394,63.965,distance
1781810322.112380,1781810322.067024,-0.890376,-3.298247,1.118530,64.087,time
1781810322.612453,1781810322.567131,-0.890376,-3.298247,1.118770,64.101,time
1781810323.012393,1781810322.967095,-0.881309,-3.279353,1.130284,64.761,distance
1781810323.212453,1781810323.167120,-0.870881,-3.260926,1.139731,65.302,distance
1781810323.462526,1781810323.417096,-0.861236,-3.239676,1.152599,66.039,distance
1781810323.712570,1781810323.667128,-0.852413,-3.219560,1.164438,66.717,distance
1781810323.912500,1781810323.867250,-0.844773,-3.200553,1.173960,67.263,distance
1781810324.162432,1781810324.117108,-0.836369,-3.180231,1.186068,67.957,distance
1781810324.362342,1781810324.317103,-0.826988,-3.158938,1.198169,68.650,distance
1781810324.612458,1781810324.567093,-0.819737,-3.140132,1.209655,69.308,distance
1781810324.862394,1781810324.817095,-0.811902,-3.119054,1.222421,70.040,distance
1781810325.112404,1781810325.067147,-0.804299,-3.099836,1.230889,70.525,distance
1781810325.362338,1781810325.317097,-0.797577,-3.080569,1.241809,71.150,distance
1781810325.862358,1781810325.817237,-0.795182,-3.068897,1.250837,71.668,time
1781810326.362359,1781810326.317333,-0.795182,-3.068897,1.251068,71.681,time
1781810326.862380,1781810326.817139,-0.795182,-3.068897,1.251296,71.694,time
1781810327.412322,1781810327.367315,-0.795182,-3.068897,1.251511,71.706,time
1781810327.912385,1781810327.867119,-0.795182,-3.068897,1.251664,71.715,time
1781810328.462363,1781810328.421785,-0.795182,-3.068897,1.251863,71.726,time
1781810329.012367,1781810328.967284,-0.795182,-3.068897,1.252057,71.738,time
1781810329.512462,1781810329.467204,-0.795182,-3.068897,1.252222,71.747,time
1781810330.062331,1781810330.017067,-0.795182,-3.068897,1.252404,71.757,time
1781810330.612180,1781810330.567302,-0.795182,-3.068897,1.252680,71.773,time
1781810331.112458,1781810331.067159,-0.795182,-3.068897,1.252897,71.786,time
1781810331.662356,1781810331.617173,-0.795182,-3.068897,1.253098,71.797,time
1781810332.165357,1781810332.117441,-0.795182,-3.068897,1.253287,71.808,time
1781810332.712362,1781810332.667293,-0.795182,-3.068897,1.253579,71.825,time
1781810333.212385,1781810333.167053,-0.795182,-3.068897,1.253802,71.838,time
1781810333.712431,1781810333.667198,-0.795182,-3.068897,1.254015,71.850,time
1781810334.262346,1781810334.218735,-0.795182,-3.068897,1.254203,71.861,time
1781810334.762386,1781810334.717230,-0.795182,-3.068897,1.254404,71.872,time
1781810335.312366,1781810335.267378,-0.795182,-3.068897,1.254579,71.882,time
1781810335.812373,1781810335.767107,-0.795182,-3.068897,1.254765,71.893,time
1781810336.312478,1781810336.267097,-0.795182,-3.068897,1.254935,71.903,time
1781810336.862330,1781810336.817291,-0.795182,-3.068897,1.255158,71.915,time
1781810337.362383,1781810337.320992,-0.795182,-3.068897,1.255347,71.926,time
1781810337.912375,1781810337.867374,-0.795182,-3.068897,1.255512,71.936,time
1781810338.462329,1781810338.417616,-0.795182,-3.068897,1.255738,71.948,time
1781810338.962337,1781810338.917252,-0.795182,-3.068897,1.255945,71.960,time
1781810339.462410,1781810339.417281,-0.795182,-3.068897,1.256127,71.971,time
1781810340.012354,1781810339.967424,-0.795182,-3.068897,1.256322,71.982,time
1781810340.562352,1781810340.517203,-0.795182,-3.068897,1.256532,71.994,time
1781810341.062354,1781810341.017066,-0.795182,-3.068897,1.256743,72.006,time
1781810341.612431,1781810341.567210,-0.795182,-3.068897,1.256958,72.018,time
1781810342.162379,1781810342.117211,-0.795182,-3.068897,1.257149,72.029,time
1781810342.662543,1781810342.617078,-0.795182,-3.068897,1.257325,72.039,time
1781810343.212408,1781810343.167092,-0.795182,-3.068897,1.257514,72.050,time
1781810343.762335,1781810343.722206,-0.795182,-3.068897,1.257747,72.064,time
1781810344.262449,1781810344.217202,-0.795182,-3.068897,1.257928,72.074,time
1781810344.812346,1781810344.767101,-0.795182,-3.068897,1.258134,72.086,time
1781810345.312360,1781810345.267090,-0.795182,-3.068897,1.258310,72.096,time
1781810345.862436,1781810345.819439,-0.795182,-3.068897,1.258467,72.105,time
1781810346.412388,1781810346.367126,-0.795182,-3.068897,1.258661,72.116,time
1781810346.912453,1781810346.867268,-0.795182,-3.068897,1.258846,72.127,time
1781810347.462350,1781810347.417215,-0.795182,-3.068897,1.259045,72.138,time
1781810348.012330,1781810347.967091,-0.795182,-3.068897,1.259257,72.150,time
1781810348.512406,1781810348.467094,-0.795182,-3.068897,1.259484,72.163,time
1781810349.062431,1781810349.017239,-0.795182,-3.068897,1.259711,72.176,time
1781810349.612354,1781810349.567186,-0.795182,-3.068897,1.259976,72.191,time
1781810350.162393,1781810350.117227,-0.795182,-3.068897,1.260156,72.202,time
1781810350.662401,1781810350.617173,-0.795182,-3.068897,1.260367,72.214,time
1781810351.212377,1781810351.170509,-0.795182,-3.068897,1.260633,72.229,time
1781810351.712394,1781810351.667218,-0.795182,-3.068897,1.260828,72.240,time
1781810352.212447,1781810352.167328,-0.795182,-3.068897,1.261018,72.251,time
1781810352.762348,1781810352.717243,-0.795182,-3.068897,1.261255,72.265,time
1781810353.262377,1781810353.217046,-0.795182,-3.068897,1.261457,72.276,time
1781810353.762526,1781810353.717914,-0.795182,-3.068897,1.261631,72.286,time
1781810354.313567,1781810354.267224,-0.795182,-3.068897,1.261832,72.298,time
1781810354.862817,1781810354.817223,-0.795182,-3.068897,1.262049,72.310,time
1781810355.363969,1781810355.317061,-0.792981,-3.061970,1.265693,72.519,time
1781810355.662212,1781810355.617126,-0.785806,-3.038770,1.278589,73.258,distance
1781810355.862229,1781810355.817104,-0.779712,-3.018187,1.290535,73.942,distance
1781810356.012209,1781810355.967184,-0.772312,-2.996979,1.297837,74.361,distance
1781810356.212393,1781810356.167033,-0.766969,-2.977564,1.309263,75.015,distance
1781810356.462358,1781810356.421120,-0.763950,-2.957345,1.312562,75.204,distance
1781810356.762397,1781810356.717169,-0.758082,-2.934636,1.325558,75.949,distance
1781810357.012324,1781810356.967236,-0.752994,-2.913884,1.337671,76.643,distance
1781810357.312375,1781810357.267143,-0.747237,-2.893862,1.347622,77.213,distance
1781810357.562330,1781810357.517099,-0.742279,-2.871525,1.359683,77.904,distance
1781810357.762445,1781810357.717266,-0.736859,-2.851960,1.371447,78.578,distance
1781810358.062432,1781810358.017924,-0.732508,-2.829855,1.383519,79.270,distance
1781810358.312416,1781810358.267319,-0.728823,-2.809906,1.395066,79.931,distance
1781810358.612488,1781810358.567505,-0.725144,-2.789747,1.406417,80.582,distance
1781810358.862476,1781810358.817320,-0.721740,-2.768640,1.417700,81.228,distance
1781810359.062344,1781810359.017241,-0.714913,-2.747951,1.423130,81.539,distance
1781810359.312404,1781810359.268068,-0.711931,-2.727257,1.435141,82.228,distance
1781810359.562755,1781810359.518607,-0.709099,-2.705686,1.448426,82.989,distance
1781810359.712345,1781810359.667390,-0.705094,-2.685697,1.457326,83.499,distance
1781810360.212457,1781810360.167532,-0.704090,-2.676772,1.464454,83.907,time
1781810360.712378,1781810360.667389,-0.701981,-2.656096,1.476935,84.622,distance
1781810360.912333,1781810360.867456,-0.700132,-2.635743,1.489163,85.323,distance
1781810361.112334,1781810361.067425,-0.698192,-2.613558,1.498586,85.863,distance
1781810361.362344,1781810361.317552,-0.696690,-2.590780,1.514523,86.776,distance
1781810361.562375,1781810361.517048,-0.693166,-2.570944,1.526345,87.453,distance
1781810362.062417,1781810362.017523,-0.692764,-2.561577,1.534157,87.901,time
1781810362.562579,1781810362.517211,-0.692168,-2.543161,1.546043,88.582,time
1781810362.812353,1781810362.767066,-0.691762,-2.520948,1.563380,89.575,distance
1781810363.312486,1781810363.267179,-0.690667,-2.502052,1.567221,89.795,time
1781810363.512366,1781810363.467134,-0.690610,-2.481324,1.569278,89.913,distance
1781810363.712344,1781810363.667438,-0.690590,-2.460131,1.570619,89.990,distance
1781810363.962406,1781810363.917287,-0.689776,-2.439398,1.569003,89.897,distance
1781810364.212649,1781810364.167377,-0.689752,-2.418637,1.570653,89.992,distance
1781810364.412594,1781810364.367633,-0.693035,-2.398584,1.576316,90.316,distance
1781810364.712366,1781810364.667109,-0.693192,-2.374727,1.578653,90.450,distance
1781810364.962407,1781810364.917474,-0.693369,-2.354137,1.580306,90.545,distance
1781810365.262379,1781810365.217361,-0.694647,-2.329965,1.580476,90.555,distance
1781810365.512398,1781810365.467222,-0.694890,-2.306982,1.582562,90.674,distance
1781810365.762441,1781810365.717052,-0.695645,-2.283099,1.585134,90.821,distance
1781810365.963341,1781810365.917521,-0.697360,-2.263071,1.588782,91.031,distance
1781810366.212424,1781810366.167172,-0.697749,-2.242273,1.590191,91.111,distance
1781810366.462510,1781810366.417283,-0.696325,-2.220605,1.589655,91.081,distance
1781810366.762387,1781810366.717076,-0.696785,-2.197098,1.591165,91.167,distance
1781810367.012357,1781810366.967491,-0.697213,-2.176877,1.593058,91.275,distance
1781810367.212329,1781810367.167178,-0.695999,-2.156497,1.593826,91.320,distance
1781810367.462350,1781810367.417315,-0.696505,-2.135084,1.595160,91.396,distance
1781810367.712527,1781810367.668300,-0.697026,-2.114242,1.596755,91.487,distance
1781810367.967018,1781810367.917431,-0.696888,-2.094214,1.601634,91.767,distance
1781810368.262454,1781810368.217151,-0.697566,-2.073061,1.604409,91.926,distance
1781810368.512660,1781810368.467180,-0.698321,-2.051183,1.606476,92.044,distance
1781810368.712538,1781810368.667043,-0.699357,-2.027803,1.610220,92.259,distance
1781810368.962356,1781810368.917096,-0.700308,-2.004104,1.612011,92.361,distance
1781810369.212385,1781810369.175005,-0.698662,-1.982434,1.609048,92.192,distance
1781810369.512365,1781810369.467029,-0.699241,-1.960619,1.610821,92.293,distance
1781810369.762388,1781810369.717326,-0.700101,-1.939619,1.612761,92.404,distance
1781810370.012339,1781810369.967248,-0.702227,-1.916774,1.613420,92.442,distance
1781810370.262331,1781810370.217195,-0.703183,-1.894811,1.615591,92.567,distance
1781810370.562382,1781810370.517181,-0.704276,-1.871005,1.618193,92.716,distance
1781810370.712339,1781810370.667466,-0.707122,-1.850743,1.620668,92.857,distance
1781810370.962360,1781810370.917194,-0.708223,-1.829094,1.622821,92.981,distance
1781810371.212396,1781810371.167219,-0.709452,-1.805796,1.624531,93.079,distance
1781810371.412443,1781810371.367268,-0.708790,-1.784915,1.626699,93.203,distance
1781810371.662344,1781810371.617319,-0.710033,-1.763017,1.628705,93.318,distance
1781810371.962377,1781810371.917050,-0.710628,-1.741982,1.629875,93.385,distance
1781810372.462724,1781810372.417490,-0.710380,-1.742507,1.629234,93.348,time
1781810373.012376,1781810372.967260,-0.710380,-1.742507,1.629469,93.362,time
1781810373.512455,1781810373.467279,-0.710380,-1.742507,1.629708,93.375,time
1781810374.012502,1781810373.967368,-0.710380,-1.742507,1.629886,93.386,time
1781810374.562372,1781810374.517274,-0.710380,-1.742507,1.630121,93.399,time
1781810375.112422,1781810375.067128,-0.711684,-1.720490,1.628674,93.316,distance
1781810375.362391,1781810375.317189,-0.712941,-1.698284,1.625211,93.118,distance
1781810375.612351,1781810375.567080,-0.714780,-1.677940,1.625177,93.116,distance
1781810375.862546,1781810375.817116,-0.716707,-1.657227,1.624729,93.090,distance
1781810376.112391,1781810376.067364,-0.717844,-1.635623,1.621426,92.901,distance
1781810376.362352,1781810376.317284,-0.719373,-1.615148,1.617834,92.695,distance
1781810376.612388,1781810376.567354,-0.720371,-1.593182,1.613675,92.457,distance
1781810376.862453,1781810376.817366,-0.721250,-1.571940,1.610067,92.250,distance
1781810377.112359,1781810377.067131,-0.722740,-1.547660,1.606457,92.043,distance
1781810377.362398,1781810377.317631,-0.723455,-1.526921,1.603321,91.864,distance
1781810377.612545,1781810377.567684,-0.723704,-1.505708,1.599708,91.657,distance
1781810377.912377,1781810377.867319,-0.723123,-1.482203,1.594549,91.361,distance
1781810378.212348,1781810378.167633,-0.723627,-1.459603,1.590882,91.151,distance
1781810378.462327,1781810378.417092,-0.723126,-1.439164,1.587042,90.931,distance
1781810378.712346,1781810378.667569,-0.723439,-1.418240,1.583624,90.735,distance
1781810378.962470,1781810378.917204,-0.723704,-1.395066,1.579798,90.516,distance
1781810379.212536,1781810379.167157,-0.723499,-1.371373,1.580150,90.536,distance
1781810379.512378,1781810379.467039,-0.723673,-1.348996,1.576338,90.318,distance
1781810379.812389,1781810379.767149,-0.725240,-1.327512,1.568567,89.872,distance
1781810380.062375,1781810380.017227,-0.725171,-1.307302,1.565595,89.702,distance
1781810380.312657,1781810380.267064,-0.725031,-1.286337,1.561946,89.493,distance
1781810380.562499,1781810380.517111,-0.725162,-1.261988,1.557923,89.262,distance
1781810380.812406,1781810380.767467,-0.724862,-1.240905,1.554432,89.062,distance
1781810381.062365,1781810381.017462,-0.724763,-1.220003,1.551555,88.898,distance
1781810381.362335,1781810381.317311,-0.725077,-1.196205,1.548687,88.733,distance
1781810381.612387,1781810381.567242,-0.724582,-1.175221,1.545043,88.524,distance
1781810382.162345,1781810382.118010,-0.725607,-1.166794,1.542641,88.387,time
1781810382.662360,1781810382.618705,-0.725607,-1.166794,1.542826,88.397,time
1781810383.162615,1781810383.117270,-0.725607,-1.166794,1.543060,88.411,time
1781810383.712419,1781810383.667185,-0.725607,-1.166794,1.543340,88.427,time
1781810384.262367,1781810384.217337,-0.725607,-1.166794,1.543509,88.437,time
1781810384.812371,1781810384.770478,-0.725607,-1.166794,1.543684,88.447,time
1781810385.312469,1781810385.268030,-0.725607,-1.166794,1.543905,88.459,time
1781810385.862353,1781810385.817329,-0.725607,-1.166794,1.544048,88.467,time
1781810386.412331,1781810386.367324,-0.725607,-1.166794,1.544295,88.482,time
1781810386.912369,1781810386.867339,-0.725607,-1.166794,1.544451,88.491,time
1781810387.462332,1781810387.417392,-0.725607,-1.166794,1.544606,88.499,time
1781810387.962370,1781810387.917043,-0.725607,-1.166794,1.544757,88.508,time
1781810388.462520,1781810388.417631,-0.725607,-1.166794,1.544952,88.519,time
1781810388.962575,1781810388.917223,-0.725607,-1.166794,1.545162,88.531,time
1781810389.512339,1781810389.467359,-0.725607,-1.166794,1.545342,88.542,time
1781810390.012377,1781810389.969427,-0.725607,-1.166794,1.545450,88.548,time
1781810390.562363,1781810390.517114,-0.725607,-1.166794,1.545650,88.559,time
1781810391.112377,1781810391.067467,-0.725607,-1.166794,1.545871,88.572,time
1781810391.662374,1781810391.617609,-0.725607,-1.166794,1.546046,88.582,time
1781810392.162384,1781810392.117645,-0.725379,-1.157666,1.541293,88.310,time
1781810392.462420,1781810392.417481,-0.724417,-1.135748,1.503707,86.156,distance
1781810392.712341,1781810392.671103,-0.723127,-1.113120,1.464923,83.934,distance
1781810392.962349,1781810392.917483,-0.720811,-1.092714,1.431146,81.999,distance
1781810393.212370,1781810393.167240,-0.722884,-1.070677,1.410080,80.792,distance
1781810393.512404,1781810393.467079,-0.719174,-1.049301,1.381456,79.152,distance
1781810393.862222,1781810393.817399,-0.711077,-1.026131,1.327135,76.039,distance
1781810394.112200,1781810394.067191,-0.700075,-1.006097,1.277623,73.202,distance
1781810394.362211,1781810394.317053,-0.694151,-0.985310,1.250855,71.669,distance
1781810394.662379,1781810394.617106,-0.686617,-0.963556,1.216672,69.710,distance
1781810394.912398,1781810394.867092,-0.679568,-0.943459,1.184726,67.880,distance
1781810395.212382,1781810395.167232,-0.669543,-0.922932,1.140735,65.359,distance
1781810395.462524,1781810395.417094,-0.660440,-0.903697,1.109274,63.557,distance
1781810395.712482,1781810395.667359,-0.651751,-0.884626,1.081337,61.956,distance
1781810395.962395,1781810395.917105,-0.640059,-0.860617,1.047087,59.994,distance
1781810396.262367,1781810396.217875,-0.627955,-0.840361,1.010604,57.903,distance
1781810396.612483,1781810396.567100,-0.613585,-0.822058,0.973812,55.795,distance
1781810396.912417,1781810396.867096,-0.598581,-0.802081,0.933410,53.480,distance
1781810397.112407,1781810397.067097,-0.585159,-0.784477,0.893839,51.213,distance
1781810397.362370,1781810397.317132,-0.571777,-0.767492,0.860452,49.300,distance
1781810397.762389,1781810397.721764,-0.555526,-0.749697,0.827933,47.437,distance
1781810398.012421,1781810397.967192,-0.540841,-0.734076,0.796645,45.644,distance
1781810398.262722,1781810398.217090,-0.521712,-0.719310,0.753098,43.149,distance
1781810398.462551,1781810398.417110,-0.506171,-0.702565,0.717048,41.084,distance
1781810398.812379,1781810398.767260,-0.489394,-0.688459,0.684240,39.204,distance
1781810399.112381,1781810399.067093,-0.472260,-0.674826,0.652925,37.410,distance
1781810399.362605,1781810399.317508,-0.457896,-0.660868,0.615868,35.287,distance
1781810399.612395,1781810399.567174,-0.437298,-0.646440,0.574901,32.939,distance
1781810399.862397,1781810399.817417,-0.420541,-0.634816,0.545647,31.263,distance
1781810400.162538,1781810400.117706,-0.400190,-0.627623,0.508994,29.163,distance
1781810400.412522,1781810400.367153,-0.382018,-0.617790,0.476290,27.289,distance
1781810400.712410,1781810400.667060,-0.360986,-0.606735,0.439662,25.191,distance
1781810401.012389,1781810400.967216,-0.338407,-0.597820,0.410009,23.492,distance
1781810401.512391,1781810401.467216,-0.318988,-0.586732,0.380780,21.817,distance
1781810401.762374,1781810401.717174,-0.295265,-0.577581,0.348162,19.948,distance
1781810402.012366,1781810401.967432,-0.272661,-0.568832,0.318414,18.244,distance
1781810402.262542,1781810402.217091,-0.254365,-0.560501,0.296514,16.989,distance
1781810402.562380,1781810402.517198,-0.231706,-0.553835,0.270504,15.499,distance
1781810402.812371,1781810402.767105,-0.207347,-0.548234,0.238132,13.644,distance
1781810403.012360,1781810402.967034,-0.186939,-0.543494,0.210858,12.081,distance
1781810403.362383,1781810403.317095,-0.165229,-0.538243,0.182266,10.443,distance
1781810403.662409,1781810403.617485,-0.144139,-0.535932,0.156262,8.953,distance
1781810403.912357,1781810403.867269,-0.120099,-0.532431,0.125807,7.208,distance
1781810404.162363,1781810404.117257,-0.096675,-0.528342,0.092510,5.300,distance
1781810404.412403,1781810404.367300,-0.076092,-0.526646,0.066778,3.826,distance
1781810404.662347,1781810404.617058,-0.055348,-0.525850,0.046065,2.639,distance
1781810404.912397,1781810404.867055,-0.033690,-0.525048,0.029900,1.713,distance
1781810405.112335,1781810405.067068,-0.010793,-0.524369,0.029867,1.711,distance
1781810405.312348,1781810405.267172,0.009436,-0.523388,0.030186,1.730,distance
1781810405.562438,1781810405.517257,0.031992,-0.522703,0.030548,1.750,distance
1781810405.862367,1781810405.817044,0.054779,-0.522002,0.031069,1.780,distance
1781810406.212373,1781810406.167088,0.076270,-0.523826,0.032102,1.839,distance
1781810406.512380,1781810406.467146,0.098988,-0.523084,0.033348,1.911,distance
1781810406.862600,1781810406.817167,0.121944,-0.524128,0.031540,1.807,distance
1781810407.113265,1781810407.067130,0.143036,-0.523457,0.032266,1.849,distance
1781810407.412354,1781810407.367193,0.163463,-0.523962,0.032041,1.836,distance
1781810407.662376,1781810407.617949,0.186382,-0.523213,0.033594,1.925,distance
1781810407.912367,1781810407.867262,0.207690,-0.522484,0.034806,1.994,distance
1781810408.162389,1781810408.117321,0.228174,-0.521595,0.035299,2.022,distance
1781810408.412392,1781810408.367334,0.250512,-0.520798,0.036377,2.084,distance
1781810408.762404,1781810408.717182,0.273449,-0.521213,0.037404,2.143,distance
1781810409.062500,1781810409.017027,0.296458,-0.520338,0.039020,2.236,distance
1781810409.312366,1781810409.267231,0.317501,-0.519512,0.039617,2.270,distance
1781810409.612409,1781810409.567317,0.338547,-0.519009,0.040330,2.311,distance
1781810409.862483,1781810409.817062,0.360058,-0.518128,0.041543,2.380,distance
1781810410.112450,1781810410.077105,0.381992,-0.517170,0.043385,2.486,distance
1781810410.362407,1781810410.317201,0.402042,-0.516249,0.044507,2.550,distance
1781810410.613307,1781810410.567182,0.425213,-0.515210,0.045259,2.593,distance
1781810410.812364,1781810410.767052,0.445264,-0.516715,0.042115,2.413,distance
1781810411.112415,1781810411.067519,0.466164,-0.515821,0.043661,2.502,distance
1781810411.362618,1781810411.317943,0.487209,-0.514886,0.045400,2.601,distance
1781810411.612404,1781810411.567040,0.509084,-0.511095,0.047362,2.714,distance
1781810411.862363,1781810411.817052,0.529622,-0.510115,0.048234,2.764,distance
1781810412.162339,1781810412.117110,0.553393,-0.508954,0.049868,2.857,distance
1781810412.512385,1781810412.467395,0.576245,-0.509773,0.051270,2.938,distance
1781810412.762492,1781810412.717154,0.599173,-0.508581,0.052953,3.034,distance
1781810413.062369,1781810413.017098,0.621993,-0.507911,0.057319,3.284,distance
1781810413.312400,1781810413.267203,0.642315,-0.506735,0.058554,3.355,distance
1781810413.612413,1781810413.567806,0.665113,-0.505386,0.060149,3.446,distance
1781810413.962352,1781810413.917352,0.688722,-0.502375,0.061235,3.509,distance
1781810414.262439,1781810414.217171,0.712150,-0.500923,0.062615,3.588,distance
1781810414.612397,1781810414.567073,0.735225,-0.500880,0.069201,3.965,distance
1781810414.862389,1781810414.817291,0.756215,-0.499412,0.070761,4.054,distance
1781810415.112330,1781810415.067134,0.778238,-0.497840,0.072260,4.140,distance
1781810415.362333,1781810415.317245,0.798910,-0.494410,0.075370,4.318,distance
1781810415.612364,1781810415.567126,0.820757,-0.492755,0.075909,4.349,distance
1781810415.862372,1781810415.817265,0.841914,-0.492193,0.071434,4.093,distance
1781810416.112622,1781810416.067417,0.861895,-0.490753,0.072415,4.149,distance
1781810416.662327,1781810416.617295,0.870978,-0.490093,0.073028,4.184,time
1781810417.162403,1781810417.117134,0.870978,-0.490093,0.073254,4.197,time
1781810417.565390,1781810417.517430,0.895583,-0.488267,0.074847,4.288,distance
1781810417.712405,1781810417.667468,0.918776,-0.483764,0.078026,4.471,distance
1781810417.962651,1781810417.917501,0.942676,-0.481887,0.078918,4.522,distance
1781810418.212537,1781810418.167221,0.967573,-0.479928,0.080497,4.612,distance
1781810418.412432,1781810418.367329,0.990159,-0.478170,0.081695,4.681,distance
1781810418.662549,1781810418.617450,1.012423,-0.476337,0.082775,4.743,distance
1781810418.912368,1781810418.867259,1.035638,-0.473621,0.084638,4.849,distance
1781810419.162396,1781810419.117322,1.058861,-0.469238,0.089237,5.113,distance
1781810419.462350,1781810419.417516,1.081451,-0.467204,0.089578,5.132,distance
1781810419.762480,1781810419.717369,1.104008,-0.465791,0.071603,4.103,distance
1781810420.112346,1781810420.067408,1.124060,-0.464632,0.037842,2.168,distance
1781810420.412329,1781810420.367444,1.145606,-0.464639,-0.002986,-0.171,distance
1781810420.712390,1781810420.667235,1.169639,-0.463655,-0.035295,-2.022,distance
1781810421.262219,1781810421.219377,1.188069,-0.460623,-0.067180,-3.849,time
1781810421.612359,1781810421.567496,1.208050,-0.462116,-0.079766,-4.570,distance
1781810421.812389,1781810421.767104,1.232510,-0.464080,-0.080134,-4.591,distance
1781810422.012388,1781810421.967413,1.255714,-0.465942,-0.080014,-4.584,distance
1781810422.262438,1781810422.217239,1.280128,-0.466116,-0.082219,-4.711,distance
1781810422.562455,1781810422.517243,1.302245,-0.468015,-0.102499,-5.873,distance
1781810422.912399,1781810422.867470,1.323769,-0.468961,-0.143388,-8.216,distance
1781810423.212610,1781810423.167056,1.347928,-0.470993,-0.177002,-10.141,distance
1781810423.512450,1781810423.467377,1.371252,-0.475533,-0.215424,-12.343,distance
1781810423.762313,1781810423.717401,1.391190,-0.479191,-0.248713,-14.250,distance
1781810424.062333,1781810424.017195,1.411855,-0.482994,-0.278912,-15.980,distance
1781810424.362358,1781810424.317141,1.432441,-0.489149,-0.308673,-17.686,distance
1781810424.562354,1781810424.517035,1.454254,-0.492608,-0.337418,-19.333,distance
1781810424.762469,1781810424.717470,1.475814,-0.500497,-0.376236,-21.557,distance
1781810424.962342,1781810424.917344,1.496747,-0.507470,-0.413507,-23.692,distance
1781810425.363824,1781810425.317158,1.515548,-0.517081,-0.449294,-25.743,distance
1781810425.662469,1781810425.617095,1.536432,-0.527484,-0.483152,-27.683,distance
1781810425.962435,1781810425.917030,1.558658,-0.540275,-0.537757,-30.811,distance
1781810426.162366,1781810426.117071,1.577543,-0.547903,-0.574674,-32.926,distance
1781810426.612329,1781810426.567090,1.594603,-0.561294,-0.615191,-35.248,distance
1781810426.912409,1781810426.867050,1.611286,-0.573344,-0.643574,-36.874,distance
1781810427.162393,1781810427.117031,1.629100,-0.589977,-0.680899,-39.013,distance
1781810427.312390,1781810427.267037,1.645156,-0.603031,-0.683599,-39.167,distance
1781810427.512454,1781810427.467079,1.663509,-0.618452,-0.685926,-39.301,distance
1781810427.762325,1781810427.717051,1.681930,-0.633707,-0.685594,-39.282,distance
1781810428.112367,1781810428.067085,1.698120,-0.649244,-0.687374,-39.384,distance
1781810428.412407,1781810428.367693,1.716062,-0.663959,-0.685522,-39.278,distance
1781810428.662376,1781810428.617064,1.732577,-0.677447,-0.684488,-39.218,distance
1781810428.912353,1781810428.867102,1.750997,-0.688566,-0.685072,-39.252,distance
1781810429.212332,1781810429.167116,1.768958,-0.703234,-0.684686,-39.230,distance
1781810429.462390,1781810429.417092,1.785629,-0.714319,-0.683289,-39.150,distance
1781810429.712592,1781810429.667100,1.802873,-0.728349,-0.682694,-39.116,distance
1781810429.962337,1781810429.917136,1.820665,-0.742257,-0.681785,-39.063,distance
1781810430.212340,1781810430.167110,1.838998,-0.755445,-0.680384,-38.983,distance
1781810430.512383,1781810430.467100,1.856569,-0.769603,-0.662977,-37.986,distance
1781810430.862396,1781810430.817148,1.874629,-0.780747,-0.614410,-35.203,distance
1781810431.312407,1781810431.267150,1.894211,-0.791175,-0.569840,-32.649,distance
1781810431.562390,1781810431.517100,1.912387,-0.800163,-0.529599,-30.344,distance
1781810431.762378,1781810431.717094,1.929878,-0.810087,-0.492084,-28.194,distance
1781810431.962371,1781810431.917115,1.948958,-0.821838,-0.463383,-26.550,distance
1781810432.312334,1781810432.267142,1.968328,-0.831212,-0.429542,-24.611,distance
1781810432.612374,1781810432.567092,1.990512,-0.840943,-0.387540,-22.204,distance
1781810432.869402,1781810432.817115,2.012490,-0.847702,-0.337749,-19.352,distance
1781810433.112322,1781810433.067180,2.032016,-0.852741,-0.301430,-17.271,distance
1781810433.512395,1781810433.467173,2.054540,-0.859442,-0.265858,-15.233,distance
1781810433.762448,1781810433.717134,2.075437,-0.864076,-0.229929,-13.174,distance
1781810434.012336,1781810433.967229,2.098961,-0.869131,-0.182006,-10.428,distance
1781810434.212356,1781810434.167096,2.119955,-0.872408,-0.137114,-7.856,distance
1781810434.662393,1781810434.617183,2.142322,-0.872682,-0.099837,-5.720,distance
1781810434.962382,1781810434.917165,2.165271,-0.872798,-0.059279,-3.396,distance
1781810435.162351,1781810435.117092,2.186775,-0.873792,-0.020643,-1.183,distance
1781810435.364288,1781810435.317096,2.209626,-0.874449,0.019160,1.098,distance
1781810435.662316,1781810435.617193,2.232162,-0.871829,0.054930,3.147,distance
1781810436.012324,1781810435.967194,2.254830,-0.865981,0.099545,5.704,distance
1781810436.212449,1781810436.167030,2.276008,-0.863582,0.137735,7.892,distance
1781810436.512391,1781810436.467118,2.298672,-0.857831,0.188264,10.787,distance
1781810436.912434,1781810436.867120,2.319670,-0.849202,0.227793,13.052,distance
1781810437.162623,1781810437.117084,2.340636,-0.840691,0.270163,15.479,distance
1781810437.362335,1781810437.317246,2.361524,-0.834062,0.312357,17.897,distance
1781810437.665340,1781810437.617090,2.377825,-0.821336,0.352724,20.210,distance
1781810438.062605,1781810438.017159,2.399807,-0.812852,0.390135,22.353,distance
1781810438.312442,1781810438.271322,2.421381,-0.802618,0.429810,24.626,distance
1781810438.512378,1781810438.467185,2.440365,-0.793260,0.474040,27.160,distance
1781810438.762503,1781810438.717121,2.459755,-0.782336,0.515370,29.529,distance
1781810439.162352,1781810439.117227,2.479359,-0.772220,0.548260,31.413,distance
1781810439.412403,1781810439.367149,2.496089,-0.760627,0.583895,33.455,distance
1781810439.612387,1781810439.567111,2.513364,-0.748861,0.624975,35.808,distance
1781810439.812373,1781810439.768219,2.527805,-0.734091,0.671162,38.455,distance
1781810440.162395,1781810440.117059,2.543459,-0.719765,0.711740,40.780,distance
1781810440.412657,1781810440.367162,2.557105,-0.704170,0.746006,42.743,distance
1781810440.662471,1781810440.617241,2.571685,-0.689060,0.784176,44.930,distance
1781810440.912668,1781810440.867628,2.585970,-0.670341,0.830631,47.592,distance
1781810441.212591,1781810441.167176,2.597949,-0.653822,0.860561,49.307,distance
1781810441.512422,1781810441.469623,2.610620,-0.635668,0.901739,51.666,distance
1781810441.712409,1781810441.667125,2.623378,-0.619084,0.940020,53.859,distance
1781810441.912364,1781810441.867134,2.632949,-0.598996,0.980313,56.168,distance
1781810442.262509,1781810442.217292,2.643963,-0.580707,1.017796,58.315,distance
1781810442.562409,1781810442.517065,2.654612,-0.561269,1.058539,60.650,distance
1781810442.813885,1781810442.767181,2.663555,-0.539475,1.107297,63.443,distance
1781810443.012342,1781810442.967291,2.670678,-0.519094,1.147356,65.739,distance
1781810443.462363,1781810443.417231,2.676682,-0.498133,1.188957,68.122,distance
1781810443.762644,1781810443.717115,2.684010,-0.476562,1.227350,70.322,distance
1781810444.012406,1781810443.967410,2.692011,-0.452828,1.276730,73.151,distance
1781810444.216421,1781810444.167297,2.696699,-0.428127,1.320274,75.646,distance
1781810444.462333,1781810444.417395,2.701517,-0.408282,1.354062,77.582,distance
1781810444.812354,1781810444.767448,2.707137,-0.388558,1.383683,79.279,distance
1781810445.062337,1781810445.017103,2.710645,-0.368623,1.418002,81.246,distance
1781810445.262627,1781810445.217070,2.711518,-0.346343,1.457983,83.536,distance
1781810445.462487,1781810445.417257,2.713444,-0.324751,1.500256,85.958,distance
1781810445.862391,1781810445.817235,2.710038,-0.302151,1.545101,88.528,distance
1781810446.162459,1781810446.117606,2.710275,-0.277646,1.585576,90.847,distance
1781810446.362393,1781810446.317099,2.710266,-0.256350,1.621112,92.883,distance
1781810446.562533,1781810446.517308,2.707441,-0.235427,1.648109,94.430,distance
1781810446.862587,1781810446.817137,2.705403,-0.213405,1.685232,96.557,distance
1781810447.062626,1781810447.017448,2.700521,-0.191602,1.716664,98.358,distance
1781810447.312425,1781810447.267229,2.694880,-0.170271,1.764915,101.122,distance
1781810447.562429,1781810447.517188,2.689470,-0.147500,1.803004,103.305,distance
1781810447.912416,1781810447.867034,2.683715,-0.125348,1.837921,105.305,distance
1781810448.112368,1781810448.067091,2.674859,-0.106877,1.869886,107.137,distance
1781810448.312634,1781810448.267443,2.668233,-0.086401,1.909955,109.432,distance
1781810448.562474,1781810448.517045,2.658628,-0.068340,1.956966,112.126,distance
1781810448.812381,1781810448.767115,2.651352,-0.049014,1.985518,113.762,distance
1781810449.062363,1781810449.018014,2.641380,-0.029413,2.013535,115.367,distance
1781810449.362352,1781810449.317405,2.632516,-0.011313,2.046192,117.238,distance
1781810449.662346,1781810449.617284,2.619673,0.008997,2.107654,120.760,distance
1781810449.862766,1781810449.817208,2.606606,0.026963,2.149952,123.183,distance
1781810450.162370,1781810450.117192,2.597301,0.045097,2.178373,124.812,distance
1781810450.512375,1781810450.467333,2.583174,0.064753,2.217385,127.047,distance
1781810450.712379,1781810450.667312,2.571625,0.081586,2.255899,129.254,distance
1781810450.912390,1781810450.867243,2.556292,0.098956,2.299508,131.752,distance
1781810451.362364,1781810451.317099,2.539277,0.113605,2.345814,134.405,distance
1781810451.612348,1781810451.567261,2.523575,0.128627,2.386614,136.743,distance
1781810451.912337,1781810451.867165,2.505166,0.143319,2.438185,139.698,distance
1781810452.112376,1781810452.067343,2.489291,0.155864,2.472997,141.692,distance
1781810452.412371,1781810452.367359,2.471483,0.169032,2.514758,144.085,distance
1781810452.662466,1781810452.617130,2.454996,0.181428,2.555310,146.408,distance
1781810452.862364,1781810452.817157,2.438189,0.192504,2.593724,148.609,distance
1781810453.162383,1781810453.117310,2.418074,0.201274,2.639031,151.205,distance
1781810453.514919,1781810453.467215,2.396983,0.210028,2.673421,153.176,distance
1781810453.762417,1781810453.717273,2.376688,0.219568,2.711874,155.379,distance
1781810454.012479,1781810453.967357,2.352831,0.228946,2.760251,158.151,distance
1781810454.312436,1781810454.267718,2.332785,0.228097,2.810149,161.010,distance
1781810454.712912,1781810454.669652,2.310351,0.234418,2.847417,163.145,distance
1781810454.962354,1781810454.917148,2.290081,0.239626,2.888126,165.477,distance
1781810455.162423,1781810455.117542,2.268486,0.244864,2.932329,168.010,distance
1781810455.362458,1781810455.317127,2.245813,0.248694,2.976171,170.522,distance
1781810455.712393,1781810455.667187,2.224288,0.250942,3.015022,172.748,distance
1781810455.962355,1781810455.917264,2.202934,0.252759,3.044781,174.453,distance
1781810456.212410,1781810456.167062,2.178220,0.254753,3.088572,176.962,distance
1781810456.412344,1781810456.367367,2.156701,0.255070,3.125409,179.073,distance
1781810456.912686,1781810456.867353,2.146242,0.255906,-3.134289,-179.582,time
1781810457.462357,1781810457.417231,2.146239,0.255906,-3.134124,-179.572,time
1781810458.012365,1781810457.967694,2.142861,0.255878,-3.130224,-179.349,time
1781810458.262491,1781810458.217143,2.121529,0.255455,-3.117361,-178.612,distance
1781810458.462578,1781810458.417292,2.099390,0.254907,-3.116019,-178.535,distance
1781810458.662337,1781810458.617258,2.077996,0.253930,-3.109371,-178.154,distance
1781810458.912375,1781810458.867535,2.054121,0.253140,-3.107108,-178.024,distance
1781810459.162425,1781810459.117338,2.032354,0.252370,-3.105335,-177.923,distance
1781810459.362402,1781810459.317366,2.011730,0.254136,-3.103056,-177.792,distance
1781810459.612404,1781810459.567377,1.990790,0.253318,-3.101519,-177.704,distance
1781810459.862364,1781810459.817106,1.967903,0.252377,-3.099300,-177.577,distance
1781810460.112394,1781810460.067355,1.945305,0.249344,-3.091376,-177.123,distance
1781810460.362458,1781810460.317379,1.925131,0.248310,-3.089137,-176.995,distance
1781810460.662352,1781810460.617397,1.904757,0.246135,-3.088474,-176.957,distance
1781810461.162448,1781810461.117316,1.900686,0.245563,-3.087984,-176.928,time
1781810461.712414,1781810461.667690,1.900686,0.245563,-3.087709,-176.913,time
1781810462.262465,1781810462.217502,1.900686,0.245563,-3.087500,-176.901,time
1781810462.812363,1781810462.767434,1.900686,0.245563,-3.087225,-176.885,time
1781810463.312374,1781810463.267449,1.900686,0.245563,-3.087003,-176.872,time
1781810463.812479,1781810463.767219,1.900686,0.245563,-3.086835,-176.863,time
1781810464.312524,1781810464.267254,1.900686,0.245563,-3.086667,-176.853,time
1781810464.862444,1781810464.817507,1.900686,0.245563,-3.086460,-176.841,time
1781810465.362455,1781810465.317106,1.900686,0.245563,-3.086241,-176.829,time
1781810465.812532,1781810465.767065,1.879618,0.244380,-3.084424,-176.724,distance
1781810466.012389,1781810465.967388,1.859187,0.243196,-3.082593,-176.620,distance
1781810466.212370,1781810466.167145,1.839063,0.240437,-3.079625,-176.449,distance
1781810466.462381,1781810466.417126,1.814714,0.238371,-3.078690,-176.396,distance
1781810466.712486,1781810466.667631,1.793115,0.237051,-3.084181,-176.711,distance
1781810467.112370,1781810467.067441,1.772684,0.234581,-3.091203,-177.113,distance
1781810467.362328,1781810467.317461,1.751161,0.233496,-3.091077,-177.106,distance
1781810467.562496,1781810467.517113,1.730336,0.231894,-3.091432,-177.126,distance
1781810467.812458,1781810467.767162,1.706673,0.230530,-3.091840,-177.149,distance
1781810468.062357,1781810468.017109,1.685803,0.229492,-3.091999,-177.159,distance
1781810468.312743,1781810468.267162,1.664356,0.228932,-3.093243,-177.230,distance
1781810468.562386,1781810468.517591,1.640640,0.227786,-3.093467,-177.243,distance
1781810468.812355,1781810468.767393,1.618154,0.226704,-3.093595,-177.250,distance
1781810469.112363,1781810469.067412,1.595515,0.224160,-3.091649,-177.138,distance
1781810469.412393,1781810469.367095,1.573034,0.223039,-3.091956,-177.156,distance
1781810469.662341,1781810469.617173,1.551151,0.220410,-3.089210,-176.999,distance
1781810469.912343,1781810469.867087,1.527606,0.218637,-3.087874,-176.922,distance
1781810470.162335,1781810470.117130,1.505920,0.217470,-3.087825,-176.919,distance
1781810470.462431,1781810470.417047,1.484031,0.216629,-3.087318,-176.890,distance
1781810470.712617,1781810470.667040,1.463647,0.215524,-3.087599,-176.906,distance
1781810470.962346,1781810470.917146,1.442008,0.214349,-3.087291,-176.889,distance
1781810471.213438,1781810471.167117,1.420293,0.211546,-3.084562,-176.732,distance
1781810471.462377,1781810471.417161,1.399154,0.210335,-3.084172,-176.710,distance
1781810471.712423,1781810471.667127,1.375335,0.208963,-3.083654,-176.680,distance
1781810472.112349,1781810472.067119,1.351815,0.207768,-3.079843,-176.462,distance
1781810472.412411,1781810472.367095,1.328143,0.206285,-3.078213,-176.369,distance
1781810472.662466,1781810472.617178,1.308291,0.203750,-3.080580,-176.504,distance
1781810472.962457,1781810472.917483,1.285175,0.202348,-3.084143,-176.708,distance
1781810473.212359,1781810473.167151,1.263111,0.201129,-3.090199,-177.055,distance
1781810473.462308,1781810473.417212,1.240281,0.199528,-3.098726,-177.544,distance
1781810473.712447,1781810473.667099,1.218206,0.198634,-3.104858,-177.895,distance
1781810473.962343,1781810473.920943,1.195376,0.197854,-3.111263,-178.262,distance
1781810474.112469,1781810474.067106,1.174051,0.196471,-3.113993,-178.419,distance
1781810474.362597,1781810474.317453,1.153488,0.195901,-3.113640,-178.398,distance
1781810474.662317,1781810474.617094,1.130678,0.195255,-3.112639,-178.341,distance
1781810474.912365,1781810474.867767,1.109211,0.193763,-3.110381,-178.212,distance
1781810475.212474,1781810475.167145,1.086770,0.193052,-3.109703,-178.173,distance
1781810475.512406,1781810475.467096,1.063979,0.191086,-3.108411,-178.099,distance
1781810475.812340,1781810475.767137,1.041019,0.189896,-3.107320,-178.036,distance
1781810476.062373,1781810476.017185,1.018087,0.189102,-3.106693,-178.000,distance
1781810476.262387,1781810476.217093,0.997705,0.188656,-3.105434,-177.928,distance
1781810476.512411,1781810476.467043,0.974105,0.187793,-3.104612,-177.881,distance
1781810476.762345,1781810476.717170,0.952856,0.186999,-3.103791,-177.834,distance
1781810477.062354,1781810477.017095,0.930056,0.186973,-3.107502,-178.047,distance
1781810477.312379,1781810477.267099,0.909247,0.186252,-3.106149,-177.969,distance
1781810477.612355,1781810477.567088,0.887536,0.184562,-3.105421,-177.928,distance
1781810477.912324,1781810477.867097,0.864657,0.183725,-3.104538,-177.877,distance
1781810478.212660,1781810478.168329,0.840547,0.182824,-3.103799,-177.835,distance
1781810478.515990,1781810478.467129,0.817626,0.178578,-3.104096,-177.852,distance
1781810478.812328,1781810478.767076,0.795216,0.177730,-3.103277,-177.805,distance
1781810479.112341,1781810479.068460,0.771801,0.174298,-3.101479,-177.702,distance
1781810479.362333,1781810479.317261,0.749114,0.173384,-3.100944,-177.671,distance
1781810479.612345,1781810479.567099,0.725770,0.172427,-3.100182,-177.627,distance
1781810479.812366,1781810479.767174,0.703798,0.168703,-3.099947,-177.614,distance
1781810480.062319,1781810480.017165,0.680565,0.167728,-3.099198,-177.571,distance
1781810480.365520,1781810480.317104,0.654297,0.165783,-3.098598,-177.537,distance
1781810480.612334,1781810480.567436,0.633124,0.164591,-3.098116,-177.509,distance
1781810480.862320,1781810480.817470,0.611722,0.163655,-3.097541,-177.476,distance
1781810481.112334,1781810481.067112,0.590449,0.162069,-3.098956,-177.557,distance
1781810481.412334,1781810481.367063,0.566699,0.160844,-3.098515,-177.532,distance
1781810481.662376,1781810481.617153,0.546404,0.159963,-3.097804,-177.491,distance
1781810481.912370,1781810481.867084,0.522910,0.158307,-3.095324,-177.349,distance
1781810482.162389,1781810482.117161,0.502086,0.157335,-3.094226,-177.286,distance
1781810482.412346,1781810482.367368,0.479223,0.156240,-3.093065,-177.220,distance
1781810482.662364,1781810482.617236,0.458122,0.155838,-3.099700,-177.600,distance
1781810482.962359,1781810482.917509,0.435655,0.154887,-3.098855,-177.551,distance
1781810483.212389,1781810483.167233,0.412764,0.153901,-3.098406,-177.526,distance
1781810483.462386,1781810483.417410,0.389717,0.154505,-3.104827,-177.893,distance
1781810483.712387,1781810483.667167,0.367220,0.153668,-3.104025,-177.848,distance
1781810483.962333,1781810483.917149,0.347327,0.150694,-3.106926,-178.014,distance
1781810484.262327,1781810484.217176,0.323607,0.149868,-3.106345,-177.980,distance
1781810484.562553,1781810484.517092,0.300340,0.149040,-3.105402,-177.926,distance
1781810484.862416,1781810484.817210,0.277200,0.145543,-3.102267,-177.747,distance
1781810485.112344,1781810485.067100,0.257182,0.144748,-3.101676,-177.713,distance
1781810485.412380,1781810485.367116,0.233459,0.143797,-3.101228,-177.687,distance
1781810485.712403,1781810485.667227,0.210484,0.143869,-3.100720,-177.658,distance
1781810486.262348,1781810486.217200,0.207726,0.143756,-3.100813,-177.664,time
1781810486.768101,1781810486.717201,0.207726,0.143756,-3.100500,-177.646,time
1781810487.312355,1781810487.267200,0.207726,0.143756,-3.100345,-177.637,time
1781810487.812377,1781810487.767200,0.207726,0.143756,-3.100095,-177.622,time
1781810488.362582,1781810488.317193,0.207726,0.143756,-3.099787,-177.605,time
1781810488.912322,1781810488.867187,0.207726,0.143756,-3.099576,-177.593,time
1781810489.412352,1781810489.367356,0.207726,0.143756,-3.099357,-177.580,time
1781810489.912368,1781810489.867068,0.207726,0.143756,-3.099102,-177.565,time
1781810490.462328,1781810490.417266,0.207726,0.143756,-3.098765,-177.546,time
1781810490.962574,1781810490.917082,0.207726,0.143756,-3.098515,-177.532,time
1781810491.512372,1781810491.467186,0.207726,0.143756,-3.098266,-177.518,time
1781810492.062351,1781810492.017139,0.207726,0.143756,-3.097943,-177.499,time
1781810492.562584,1781810492.517188,0.207726,0.143756,-3.097646,-177.482,time
1781810493.112523,1781810493.067176,0.207726,0.143756,-3.097460,-177.471,time
1781810493.662357,1781810493.617181,0.207726,0.143756,-3.097160,-177.454,time
1781810494.162376,1781810494.117157,0.207726,0.143756,-3.096930,-177.441,time
1781810494.712387,1781810494.667058,0.207726,0.143756,-3.096711,-177.428,time
1781810495.212514,1781810495.167121,0.207726,0.143756,-3.096451,-177.414,time
1781810495.762360,1781810495.717085,0.207726,0.143756,-3.096091,-177.393,time
1781810496.312323,1781810496.270986,0.207726,0.143756,-3.095820,-177.377,time
1781810496.562338,1781810496.517160,0.207726,0.143756,-3.095686,-177.370,final
