t,tf_t,x,y,theta,yaw_deg,reason
1781701247.445552,1781701245.541346,0.107379,-0.025313,-3.073200,-176.081,first
1781701247.978483,1781701247.941119,0.107379,-0.025313,-3.072699,-176.053,time
1781701248.478516,1781701248.441417,0.107379,-0.025313,-3.072503,-176.041,time
1781701249.028340,1781701248.991319,0.107379,-0.025313,-3.072179,-176.023,time
1781701249.528404,1781701249.491368,0.107379,-0.025313,-3.071936,-176.009,time
1781701250.028481,1781701249.991139,0.107379,-0.025313,-3.071916,-176.008,time
1781701250.581184,1781701250.541270,0.107379,-0.025313,-3.071612,-175.990,time
1781701251.128349,1781701251.091216,0.107379,-0.025313,-3.071310,-175.973,time
1781701251.628436,1781701251.591267,0.107379,-0.025313,-3.071254,-175.970,time
1781701252.178386,1781701252.145290,0.107379,-0.025313,-3.071023,-175.957,time
1781701252.678386,1781701252.641192,0.124909,-0.024073,-3.071226,-175.968,time
1781701252.928365,1781701252.891117,0.145206,-0.022654,-3.072725,-176.054,distance
1781701253.128444,1781701253.090957,0.165343,-0.021280,-3.074499,-176.156,distance
1781701253.629912,1781701253.591074,0.170510,-0.017217,-3.063263,-175.512,time
1781701254.178595,1781701254.141321,0.170510,-0.017217,-3.063235,-175.510,time
1781701254.728416,1781701254.691125,0.170510,-0.017217,-3.063158,-175.506,time
1781701255.278419,1781701255.241054,0.170510,-0.017217,-3.063033,-175.499,time
1781701255.828345,1781701255.791194,0.170510,-0.017217,-3.062921,-175.492,time
1781701256.378398,1781701256.341199,0.170510,-0.017217,-3.062737,-175.482,time
1781701256.878604,1781701256.841331,0.170510,-0.017217,-3.062598,-175.474,time
1781701257.428617,1781701257.391140,0.170510,-0.017217,-3.062500,-175.468,time
1781701257.978572,1781701257.941003,0.174300,-0.016916,-3.062444,-175.465,time
1781701258.528402,1781701258.490972,0.173364,-0.016990,-3.062329,-175.459,time
1781701259.078357,1781701259.040992,0.166733,-0.017517,-3.062239,-175.453,time
1781701259.528388,1781701259.491307,0.143841,-0.019361,-3.059959,-175.323,distance
1781701259.778371,1781701259.740959,0.122530,-0.021122,-3.058159,-175.220,distance
1781701259.978536,1781701259.941076,0.101680,-0.022877,-3.056774,-175.140,distance
1781701260.528375,1781701260.491076,0.079159,-0.025503,-3.063343,-175.517,distance
1781701260.778412,1781701260.741163,0.058991,-0.027093,-3.062249,-175.454,distance
1781701261.078364,1781701261.041020,0.036670,-0.028345,-3.071613,-175.990,distance
1781701261.378413,1781701261.341133,0.013795,-0.029968,-3.069497,-175.869,distance
1781701261.678470,1781701261.641241,-0.008022,-0.030227,-3.069011,-175.841,distance
1781701261.978352,1781701261.940991,-0.030406,-0.031870,-3.067442,-175.751,distance
1781701262.428398,1781701262.391057,-0.052045,-0.029000,-3.067182,-175.737,distance
1781701262.678372,1781701262.641675,-0.073805,-0.030638,-3.065497,-175.640,distance
1781701263.028398,1781701262.991109,-0.094956,-0.032512,-3.073374,-176.091,distance
1781701263.328633,1781701263.291169,-0.118544,-0.034143,-3.071451,-175.981,distance
1781701263.578436,1781701263.541034,-0.138698,-0.035567,-3.070345,-175.918,distance
1781701263.728355,1781701263.693122,-0.158813,-0.028997,-3.069798,-175.886,distance
1781701264.028371,1781701263.991082,-0.182717,-0.030739,-3.067843,-175.774,distance
1781701264.278386,1781701264.241320,-0.205170,-0.036649,-3.059516,-175.297,distance
1781701264.578537,1781701264.541094,-0.225474,-0.038769,-3.057586,-175.187,distance
1781701264.928397,1781701264.891091,-0.248523,-0.040726,-3.062177,-175.450,distance
1781701265.128388,1781701265.091176,-0.269868,-0.036614,-3.086319,-176.833,distance
1781701265.428479,1781701265.391025,-0.292778,-0.037534,-3.124195,-179.003,distance
1781701265.778401,1781701265.741431,-0.315530,-0.035313,3.114959,178.474,distance
1781701266.028406,1781701265.991083,-0.333970,-0.052093,3.083183,176.653,distance
1781701266.328360,1781701266.291028,-0.355282,-0.050561,3.050462,174.779,distance
1781701266.678504,1781701266.641026,-0.377180,-0.048287,3.015926,172.800,distance
1781701266.978360,1781701266.941056,-0.399186,-0.044160,2.983955,170.968,distance
1781701267.278380,1781701267.243472,-0.421157,-0.040362,2.948542,168.939,distance
1781701267.528410,1781701267.491204,-0.443626,-0.032012,2.904032,166.389,distance
1781701267.879351,1781701267.855256,-0.466640,-0.028436,2.865517,164.182,distance
1781701268.228511,1781701268.191026,-0.487820,-0.022148,2.835311,162.451,distance
1781701268.478336,1781701268.441215,-0.510625,-0.014987,2.804780,160.702,distance
1781701268.978425,1781701268.943418,-0.516058,-0.012750,2.800242,160.442,time
1781701269.478412,1781701269.441025,-0.535852,-0.005432,2.765312,158.441,distance
1781701269.728408,1781701269.691044,-0.555015,0.002412,2.733101,156.595,distance
1781701270.128364,1781701270.091352,-0.573759,0.010749,2.707729,155.141,distance
1781701270.428543,1781701270.391034,-0.594936,0.019208,2.666592,152.784,distance
1781701270.678421,1781701270.641032,-0.615403,0.030043,2.626569,150.491,distance
1781701270.828465,1781701270.791026,-0.638360,0.038014,2.602545,149.115,distance
1781701271.128446,1781701271.091054,-0.657482,0.049797,2.569208,147.205,distance
1781701271.528348,1781701271.491376,-0.673862,0.062002,2.540989,145.588,distance
1781701271.878411,1781701271.841342,-0.693030,0.076492,2.496702,143.050,distance
1781701272.128551,1781701272.090987,-0.711989,0.091201,2.457408,140.799,distance
1781701272.478349,1781701272.441030,-0.727193,0.107315,2.418045,138.544,distance
1781701272.878381,1781701272.841018,-0.736104,0.125767,2.374694,136.060,distance
1781701273.178443,1781701273.141349,-0.754370,0.141131,2.342638,134.223,distance
1781701273.428579,1781701273.391003,-0.769501,0.157085,2.309130,132.303,distance
1781701273.728395,1781701273.691272,-0.782361,0.172534,2.271177,130.129,distance
1781701273.978548,1781701273.941034,-0.795893,0.190258,2.242931,128.510,distance
1781701274.228392,1781701274.191026,-0.808426,0.206486,2.209496,126.595,distance
1781701274.528385,1781701274.491429,-0.822842,0.223662,2.174631,124.597,distance
1781701274.928432,1781701274.891668,-0.832497,0.243487,2.138165,122.508,distance
1781701275.228374,1781701275.191047,-0.843797,0.261690,2.107827,120.770,distance
1781701275.478488,1781701275.444330,-0.854608,0.284025,2.073223,118.787,distance
1781701275.728474,1781701275.697373,-0.865263,0.304113,2.034394,116.562,distance
1781701276.128375,1781701276.091374,-0.871016,0.325226,2.001368,114.670,distance
1781701276.428910,1781701276.391386,-0.882119,0.342466,1.972954,113.042,distance
1781701276.678375,1781701276.641402,-0.889778,0.361052,1.942784,111.313,distance
1781701276.928383,1781701276.891542,-0.892168,0.383595,1.898839,108.795,distance
1781701277.228474,1781701277.191048,-0.899400,0.404038,1.862269,106.700,distance
1781701277.578397,1781701277.541331,-0.905253,0.424371,1.833899,105.075,distance
1781701277.928371,1781701277.891378,-0.910737,0.445024,1.795097,102.851,distance
1781701278.178364,1781701278.141332,-0.914632,0.467452,1.763218,101.025,distance
1781701278.428371,1781701278.391009,-0.918359,0.487941,1.730051,99.125,distance
1781701278.728356,1781701278.691074,-0.921683,0.507774,1.693073,97.006,distance
1781701279.028547,1781701278.991431,-0.924796,0.532164,1.666290,95.471,distance
1781701279.329324,1781701279.291703,-0.926740,0.555616,1.631256,93.464,distance
1781701279.578478,1781701279.540998,-0.930162,0.576934,1.599991,91.673,distance
1781701279.928546,1781701279.891407,-0.930538,0.600168,1.567688,89.822,distance
1781701280.278637,1781701280.241276,-0.928459,0.621144,1.528704,87.588,distance
1781701280.678347,1781701280.641230,-0.926028,0.642155,1.496901,85.766,distance
1781701280.928375,1781701280.891533,-0.924423,0.662980,1.492818,85.532,distance
1781701281.278343,1781701281.241385,-0.920999,0.684689,1.485898,85.136,distance
1781701281.578434,1781701281.540971,-0.919001,0.708381,1.487380,85.221,distance
1781701281.928432,1781701281.891434,-0.916404,0.728780,1.485152,85.093,distance
1781701282.228416,1781701282.191360,-0.914376,0.752670,1.486941,85.195,distance
1781701282.528406,1781701282.491245,-0.913176,0.776784,1.491399,85.451,distance
1781701282.828430,1781701282.791111,-0.911305,0.800565,1.493266,85.558,distance
1781701283.078380,1781701283.041074,-0.909499,0.821467,1.496096,85.720,distance
1781701283.378342,1781701283.341257,-0.907855,0.843483,1.497192,85.783,distance
1781701283.678389,1781701283.641429,-0.906149,0.866826,1.498656,85.867,distance
1781701283.978408,1781701283.941230,-0.903012,0.889587,1.498461,85.856,distance
1781701284.278368,1781701284.241229,-0.901437,0.911552,1.500300,85.961,distance
1781701284.628566,1781701284.591144,-0.898516,0.933730,1.502906,86.110,distance
1781701284.878406,1781701284.841183,-0.897161,0.953890,1.504443,86.198,distance
1781701285.128393,1781701285.091202,-0.895827,0.974121,1.505604,86.265,distance
1781701285.478386,1781701285.445529,-0.888908,0.996770,1.504487,86.201,distance
1781701285.978419,1781701285.941151,-0.886428,1.010349,1.497784,85.817,time
1781701286.528500,1781701286.491268,-0.886428,1.010349,1.497907,85.824,time
1781701287.028604,1781701286.991278,-0.886428,1.010349,1.498038,85.831,time
1781701287.578450,1781701287.541088,-0.886428,1.010349,1.498241,85.843,time
1781701288.128216,1781701288.091318,-0.886428,1.010349,1.498514,85.859,time
1781701288.628473,1781701288.591033,-0.886428,1.010349,1.498686,85.868,time
1781701289.178517,1781701289.141226,-0.886428,1.010349,1.498788,85.874,time
1781701289.728412,1781701289.691202,-0.886428,1.010349,1.498947,85.883,time
1781701290.228555,1781701290.191252,-0.886428,1.010349,1.499021,85.888,time
1781701290.778386,1781701290.741390,-0.886428,1.010349,1.499091,85.892,time
1781701291.278641,1781701291.241240,-0.886428,1.010349,1.499180,85.897,time
1781701291.828373,1781701291.791379,-0.886428,1.010349,1.499358,85.907,time
1781701292.328462,1781701292.291285,-0.885412,1.024674,1.500774,85.988,time
1781701292.578556,1781701292.541080,-0.883930,1.046068,1.502675,86.097,distance
1781701292.828377,1781701292.791003,-0.882365,1.069246,1.504352,86.193,distance
1781701293.178375,1781701293.140958,-0.878410,1.089912,1.505744,86.273,distance
1781701293.478425,1781701293.441136,-0.877026,1.111368,1.507293,86.362,distance
1781701293.678371,1781701293.641277,-0.874180,1.133595,1.505916,86.283,distance
1781701293.978397,1781701293.941083,-0.872677,1.157075,1.507864,86.394,distance
1781701294.228379,1781701294.192079,-0.871372,1.177944,1.509131,86.467,distance
1781701294.278376,1781701294.241036,-0.892477,1.163886,1.519523,87.062,distance
1781701294.578485,1781701294.541076,-0.892548,1.184627,1.521822,87.194,distance
1781701294.878379,1781701294.841243,-0.891569,1.204964,1.523543,87.293,distance
1781701295.128475,1781701295.092733,-0.890382,1.225062,1.517675,86.956,distance
1781701295.428356,1781701295.391135,-0.889218,1.246764,1.506347,86.307,distance
1781701295.678392,1781701295.641260,-0.862915,1.273781,1.472417,84.363,distance
1781701296.028930,1781701295.991128,-0.859516,1.293748,1.442711,82.661,distance
1781701296.529104,1781701296.492522,-0.858539,1.317245,1.379694,79.051,distance
1781701296.778545,1781701296.741013,-0.876408,1.327437,1.337822,76.652,distance
1781701297.128476,1781701297.091134,-0.870512,1.351014,1.312889,75.223,distance
1781701297.428367,1781701297.391140,-0.865111,1.370657,1.285083,73.630,distance
1781701297.678398,1781701297.641050,-0.857879,1.389497,1.251733,71.719,distance
1781701297.928394,1781701297.890975,-0.849215,1.409237,1.214512,69.586,distance
1781701298.328412,1781701298.291128,-0.839963,1.428480,1.175329,67.341,distance
1781701298.578397,1781701298.541150,-0.819921,1.419940,1.166967,66.862,distance
1781701298.878354,1781701298.841184,-0.810233,1.439055,1.134864,65.023,distance
1781701299.178341,1781701299.140973,-0.797027,1.458042,1.081270,61.952,distance
1781701299.528501,1781701299.491190,-0.785694,1.477907,1.037035,59.418,distance
1781701299.828371,1781701299.791627,-0.774953,1.495615,1.006950,57.694,distance
1781701300.128456,1781701300.091261,-0.762084,1.515085,0.970618,55.612,distance
1781701300.478462,1781701300.441026,-0.749193,1.533560,0.929194,53.239,distance
1781701300.778412,1781701300.741024,-0.736557,1.550071,0.899838,51.557,distance
1781701301.028365,1781701300.991025,-0.723360,1.567677,0.875166,50.143,distance
1781701301.278486,1781701301.241361,-0.709008,1.584417,0.839522,48.101,distance
1781701301.578485,1781701301.541830,-0.691393,1.600631,0.804008,46.066,distance
1781701301.878426,1781701301.841401,-0.678801,1.616879,0.778731,44.618,distance
1781701302.228434,1781701302.196231,-0.662587,1.632509,0.747635,42.836,distance
1781701302.428517,1781701302.391413,-0.646844,1.648709,0.728497,41.740,distance
1781701302.628359,1781701302.591114,-0.631491,1.662098,0.694867,39.813,distance
1781701302.937667,1781701302.894536,-0.612443,1.674280,0.653715,37.455,distance
1781701303.428394,1781701303.391029,-0.595065,1.688550,0.618129,35.416,distance
1781701303.778369,1781701303.741028,-0.574163,1.700009,0.574644,32.925,distance
1781701304.028396,1781701303.990970,-0.553072,1.713227,0.534765,30.640,distance
1781701304.232085,1781701304.191025,-0.536024,1.725299,0.507920,29.102,distance
1781701304.628409,1781701304.591316,-0.515458,1.735600,0.470594,26.963,distance
1781701304.928455,1781701304.891502,-0.497062,1.744685,0.440364,25.231,distance
1781701305.278364,1781701305.241148,-0.475491,1.754067,0.397052,22.749,distance
1781701305.528402,1781701305.491063,-0.457137,1.764477,0.365386,20.935,distance
1781701305.828362,1781701305.791178,-0.437828,1.771591,0.334428,19.161,distance
1781701306.078644,1781701306.041249,-0.419927,1.783864,0.309759,17.748,distance
1781701306.378505,1781701306.341028,-0.399230,1.787019,0.270625,15.506,distance
1781701306.678405,1781701306.641164,-0.377246,1.792795,0.237510,13.608,distance
1781701307.028647,1781701306.991073,-0.355867,1.800682,0.212303,12.164,distance
1781701307.328361,1781701307.291010,-0.332516,1.801807,0.175042,10.029,distance
1781701307.587468,1781701307.541025,-0.309959,1.805266,0.136382,7.814,distance
1781701307.928446,1781701307.891091,-0.287458,1.805870,0.100398,5.752,distance
1781701308.328371,1781701308.291010,-0.264907,1.808181,0.070276,4.027,distance
1781701308.628367,1781701308.591692,-0.241555,1.809518,0.035987,2.062,distance
1781701308.881658,1781701308.841423,-0.216839,1.808332,-0.004647,-0.266,distance
1781701309.428372,1781701309.391326,-0.209795,1.806423,-0.029464,-1.688,time
1781701309.928690,1781701309.891020,-0.194550,1.805892,-0.038713,-2.218,time
1781701310.178452,1781701310.141590,-0.169974,1.804929,-0.039263,-2.250,distance
1781701310.428345,1781701310.391007,-0.149086,1.802696,-0.039545,-2.266,distance
1781701310.678367,1781701310.640975,-0.127504,1.801777,-0.037943,-2.174,distance
1781701310.928362,1781701310.891030,-0.106538,1.801003,-0.035652,-2.043,distance
1781701311.228361,1781701311.205923,-0.084326,1.798604,-0.035768,-2.049,distance
1781701311.578519,1781701311.542275,-0.062781,1.797849,-0.034249,-1.962,distance
1781701311.878483,1781701311.841249,-0.041116,1.796580,-0.034281,-1.964,distance
1781701312.128445,1781701312.091268,-0.020641,1.795882,-0.033552,-1.922,distance
1781701312.378560,1781701312.341477,-0.000006,1.795200,-0.032230,-1.847,distance
1781701312.678351,1781701312.641363,0.021330,1.791240,-0.036645,-2.100,distance
1781701312.978534,1781701312.941335,0.043265,1.790447,-0.035378,-2.027,distance
1781701313.278580,1781701313.241242,0.064020,1.788117,-0.040015,-2.293,distance
1781701313.578356,1781701313.541500,0.085885,1.787251,-0.038555,-2.209,distance
1781701313.878782,1781701313.841340,0.105776,1.782672,-0.048821,-2.797,distance
1781701314.178407,1781701314.141771,0.128403,1.781575,-0.047726,-2.734,distance
1781701314.428461,1781701314.391047,0.148391,1.780623,-0.047240,-2.707,distance
1781701314.878422,1781701314.841365,0.171218,1.775651,-0.051042,-2.924,distance
1781701315.128680,1781701315.091304,0.191287,1.774628,-0.050193,-2.876,distance
1781701315.428394,1781701315.391127,0.214462,1.775591,-0.048073,-2.754,distance
1781701315.728398,1781701315.691471,0.234585,1.774633,-0.046877,-2.686,distance
1781701316.228528,1781701316.191908,0.241405,1.772685,-0.046079,-2.640,time
1781701316.778382,1781701316.749693,0.244318,1.772551,-0.045922,-2.631,time
1781701317.128386,1781701317.094496,0.268487,1.771461,-0.044438,-2.546,distance
1781701317.380001,1781701317.341427,0.289749,1.770533,-0.042605,-2.441,distance
1781701317.778446,1781701317.741232,0.311436,1.770643,-0.038546,-2.209,distance
1781701318.078518,1781701318.041158,0.333518,1.769806,-0.036916,-2.115,distance
1781701318.378424,1781701318.341451,0.355568,1.771392,-0.031345,-1.796,distance
1781701318.678408,1781701318.641051,0.378302,1.770694,-0.029771,-1.706,distance
1781701319.028485,1781701318.991577,0.400797,1.769776,-0.021251,-1.218,distance
1781701319.328356,1781701319.291411,0.422969,1.769323,-0.019524,-1.119,distance
1781701319.629653,1781701319.591373,0.443235,1.772715,-0.014012,-0.803,distance
1781701319.978383,1781701319.941349,0.464138,1.772615,-0.012313,-0.705,distance
1781701320.228364,1781701320.191356,0.485798,1.772368,-0.010223,-0.586,distance
1781701320.428390,1781701320.391415,0.506069,1.772047,-0.011176,-0.640,distance
1781701320.728599,1781701320.691208,0.528938,1.771809,-0.009330,-0.535,distance
1781701321.028362,1781701320.991092,0.552649,1.768407,-0.012919,-0.740,distance
1781701321.328510,1781701321.291215,0.575593,1.767881,-0.011667,-0.668,distance
1781701321.578399,1781701321.541054,0.596252,1.767655,-0.009908,-0.568,distance
1781701321.878408,1781701321.841042,0.616363,1.765530,-0.009580,-0.549,distance
1781701322.178347,1781701322.141051,0.640295,1.765322,-0.007553,-0.433,distance
1781701322.580501,1781701322.541170,0.660429,1.764568,-0.011365,-0.651,distance
1781701322.878386,1781701322.841373,0.682341,1.764336,-0.009773,-0.560,distance
1781701323.378475,1781701323.341150,0.702356,1.766024,-0.006446,-0.369,distance
1781701323.628360,1781701323.591272,0.723118,1.765902,-0.005001,-0.287,distance
1781701324.078305,1781701324.041480,0.746011,1.764211,-0.007998,-0.458,distance
1781701324.328422,1781701324.291478,0.766137,1.764063,-0.006260,-0.359,distance
1781701324.728369,1781701324.691214,0.788319,1.765411,-0.002471,-0.142,distance
1781701325.028357,1781701324.991146,0.809928,1.765374,-0.000813,-0.047,distance
1781701325.278353,1781701325.241186,0.831784,1.769594,-0.001965,-0.113,distance
1781701325.578394,1781701325.541097,0.855488,1.769565,-0.000071,-0.004,distance
1781701325.878360,1781701325.841393,0.877252,1.768585,0.003191,0.183,distance
1781701326.178360,1781701326.141425,0.900412,1.768681,0.005261,0.301,distance
1781701326.478359,1781701326.441175,0.922266,1.768810,0.006785,0.389,distance
1781701326.778345,1781701326.742425,0.944645,1.768307,0.008254,0.473,distance
1781701327.278369,1781701327.241292,0.947564,1.768332,0.009099,0.521,time
1781701327.778416,1781701327.741490,0.964455,1.768493,0.010224,0.586,time
1781701328.033537,1781701327.991201,0.988899,1.769413,0.015470,0.886,distance
1781701328.228525,1781701328.190990,1.009718,1.769748,0.017324,0.993,distance
1781701328.478486,1781701328.441123,1.035450,1.770598,0.017366,0.995,distance
1781701328.828218,1781701328.791081,1.057106,1.770987,0.018619,1.067,distance
1781701329.128221,1781701329.091196,1.077999,1.771387,0.019804,1.135,distance
1781701329.428390,1781701329.391361,1.101671,1.772237,0.017898,1.025,distance
1781701329.728446,1781701329.692171,1.122931,1.772587,0.014242,0.816,distance
1781701330.028497,1781701329.991133,1.144332,1.775592,0.012187,0.698,distance
1781701330.328626,1781701330.291361,1.166316,1.775822,0.007967,0.456,distance
1781701330.628586,1781701330.591226,1.188172,1.774738,-0.002099,-0.120,distance
1781701330.928504,1781701330.891042,1.210511,1.774656,-0.006031,-0.346,distance
1781701331.178384,1781701331.141334,1.230656,1.774506,-0.010048,-0.576,distance
1781701331.628551,1781701331.591147,1.254990,1.775851,-0.017852,-1.023,distance
1781701332.028494,1781701331.991164,1.277306,1.777399,-0.019036,-1.091,distance
1781701332.328642,1781701332.291296,1.298017,1.776970,-0.023223,-1.331,distance
1781701332.628412,1781701332.590981,1.322279,1.777907,-0.023485,-1.346,distance
1781701332.878475,1781701332.841148,1.345548,1.779278,-0.022578,-1.294,distance
1781701333.178380,1781701333.141249,1.369284,1.778699,-0.027269,-1.562,distance
1781701333.428389,1781701333.394821,1.392847,1.781853,-0.022578,-1.294,distance
1781701333.729776,1781701333.691312,1.414831,1.781326,-0.026146,-1.498,distance
1781701334.031755,1781701333.991027,1.438166,1.782544,-0.028288,-1.621,distance
1781701334.278375,1781701334.240994,1.458573,1.784302,-0.025878,-1.483,distance
1781701334.578463,1781701334.541813,1.481636,1.783718,-0.024627,-1.411,distance
1781701334.928396,1781701334.891045,1.502014,1.784279,-0.019928,-1.142,distance
1781701335.228392,1781701335.191310,1.522429,1.783881,-0.018897,-1.083,distance
1781701335.434355,1781701335.391392,1.543670,1.785380,-0.021416,-1.227,distance
1781701335.678702,1781701335.641065,1.563816,1.785043,-0.020533,-1.176,distance
1781701335.981295,1781701335.940966,1.587433,1.784575,-0.018739,-1.074,distance
1781701336.178489,1781701336.141007,1.607946,1.786016,-0.019985,-1.145,distance
1781701336.528411,1781701336.492442,1.628636,1.785621,-0.017757,-1.017,distance
1781701337.028527,1781701336.991023,1.627841,1.785635,-0.017797,-1.020,time
1781701337.578480,1781701337.544601,1.627841,1.785635,-0.017699,-1.014,time
1781701338.128361,1781701338.091000,1.627841,1.785635,-0.017655,-1.012,time
1781701338.628373,1781701338.591070,1.627841,1.785635,-0.017643,-1.011,time
1781701339.128421,1781701339.091031,1.627841,1.785635,-0.017587,-1.008,time
1781701339.678432,1781701339.642162,1.627841,1.785635,-0.017485,-1.002,time
1781701340.228360,1781701340.191092,1.627841,1.785635,-0.017378,-0.996,time
1781701340.728372,1781701340.691051,1.627841,1.785635,-0.017323,-0.993,time
1781701341.278406,1781701341.241284,1.627841,1.785635,-0.017226,-0.987,time
1781701341.778466,1781701341.741358,1.627841,1.785635,-0.017151,-0.983,time
1781701342.328376,1781701342.291960,1.627841,1.785635,-0.017033,-0.976,time
1781701342.831586,1781701342.791354,1.627841,1.785635,-0.016881,-0.967,time
1781701343.278515,1781701343.241033,1.649508,1.785368,-0.004614,-0.264,distance
1781701343.478382,1781701343.441285,1.672280,1.786375,0.001137,0.065,distance
1781701343.728383,1781701343.691267,1.695638,1.786532,0.015777,0.904,distance
1781701343.978502,1781701343.941262,1.718336,1.787054,0.034013,1.949,distance
1781701344.280120,1781701344.240992,1.740522,1.787934,0.047230,2.706,distance
1781701344.628366,1781701344.591334,1.765235,1.789780,0.060060,3.441,distance
1781701344.878428,1781701344.841264,1.785739,1.791666,0.069408,3.977,distance
1781701345.178428,1781701345.141142,1.808695,1.793398,0.083837,4.803,distance
1781701345.478392,1781701345.441329,1.828977,1.794547,0.091321,5.232,distance
1781701345.778543,1781701345.741298,1.850888,1.796701,0.107436,6.156,distance
1781701346.031193,1781701345.991285,1.871780,1.800040,0.121532,6.963,distance
1781701346.578485,1781701346.541304,1.875757,1.801665,0.122934,7.044,time
1781701347.128363,1781701347.091029,1.897051,1.804428,0.138717,7.948,distance
1781701347.528661,1781701347.491250,1.919352,1.807718,0.156935,8.992,distance
1781701347.728371,1781701347.690989,1.939762,1.813810,0.171541,9.829,distance
1781701347.978358,1781701347.941373,1.963231,1.818072,0.192185,11.011,distance
1781701348.228400,1781701348.191175,1.985215,1.822528,0.211574,12.122,distance
1781701348.628416,1781701348.591061,2.006950,1.825885,0.233255,13.365,distance
1781701348.928404,1781701348.891159,2.027978,1.831036,0.250650,14.361,distance
1781701349.228374,1781701349.192356,2.049429,1.835795,0.271780,15.572,distance
1781701349.528379,1781701349.491435,2.071777,1.842237,0.293017,16.789,distance
1781701349.778432,1781701349.741572,2.092531,1.847352,0.310131,17.769,distance
1781701350.078415,1781701350.041314,2.114009,1.854377,0.330456,18.934,distance
1781701350.378404,1781701350.341069,2.134755,1.861696,0.352509,20.197,distance
1781701350.628390,1781701350.591399,2.151999,1.874079,0.379662,21.753,distance
1781701351.078440,1781701351.041572,2.173779,1.883001,0.403992,23.147,distance
1781701351.329020,1781701351.297663,2.189410,1.895677,0.436049,24.984,distance
1781701351.628420,1781701351.591245,2.207952,1.904518,0.457801,26.230,distance
1781701351.878504,1781701351.841234,2.227028,1.914134,0.480676,27.541,distance
1781701352.128439,1781701352.091430,2.247349,1.921311,0.500597,28.682,distance
1781701352.428464,1781701352.391401,2.265679,1.931586,0.525514,30.110,distance
1781701352.778390,1781701352.741076,2.287075,1.940719,0.550742,31.555,distance
1781701353.028367,1781701352.990986,2.304739,1.951796,0.574237,32.901,distance
1781701353.178355,1781701353.141222,2.324703,1.960475,0.584464,33.487,distance
1781701353.428394,1781701353.391205,2.341587,1.971857,0.606333,34.740,distance
1781701353.728414,1781701353.691091,2.359909,1.983443,0.630296,36.113,distance
1781701354.028357,1781701353.991814,2.376637,1.995814,0.653267,37.429,distance
1781701354.278518,1781701354.241837,2.392510,2.008194,0.676718,38.773,distance
1781701354.428348,1781701354.391537,2.411370,2.017591,0.680963,39.016,distance
1781701354.678530,1781701354.641282,2.427242,2.030696,0.704041,40.339,distance
1781701354.929635,1781701354.891506,2.444677,2.046806,0.727609,41.689,distance
1781701355.280262,1781701355.241404,2.461672,2.062308,0.752870,43.136,distance
1781701355.578652,1781701355.541135,2.478733,2.078674,0.781267,44.763,distance
1781701355.828384,1781701355.791122,2.496512,2.092436,0.812077,46.529,distance
1781701356.228429,1781701356.193786,2.511194,2.108813,0.842714,48.284,distance
1781701356.578526,1781701356.541444,2.526498,2.126342,0.868368,49.754,distance
1781701356.878417,1781701356.841255,2.539447,2.147546,0.907548,51.999,distance
1781701357.178263,1781701357.141140,2.552053,2.164093,0.939381,53.823,distance
1781701357.678376,1781701357.640949,2.557892,2.174701,0.960304,55.021,time
1781701357.978360,1781701357.944299,2.571318,2.194430,0.991361,56.801,distance
1781701358.478408,1781701358.441391,2.578405,2.201682,1.008741,57.797,time
1781701358.978447,1781701358.941061,2.578405,2.201682,1.008874,57.804,time
1781701359.328397,1781701359.291137,2.591066,2.222357,1.041089,59.650,distance
1781701359.578456,1781701359.541230,2.602677,2.242947,1.073785,61.523,distance
1781701359.878411,1781701359.841024,2.612824,2.262227,1.104260,63.269,distance
1781701360.178408,1781701360.141889,2.624446,2.278520,1.132260,64.874,distance
1781701360.478492,1781701360.441338,2.626814,2.299645,1.163229,66.648,distance
1781701360.728415,1781701360.691179,2.635246,2.319881,1.195861,68.518,distance
1781701361.178490,1781701361.141026,2.643688,2.340020,1.233742,70.688,distance
1781701361.633626,1781701361.591164,2.647153,2.363072,1.276210,73.121,distance
1781701361.878400,1781701361.841440,2.641648,2.387728,1.307760,74.929,distance
1781701362.128390,1781701362.091059,2.646632,2.407140,1.336875,76.597,distance
1781701362.578366,1781701362.541283,2.646553,2.427976,1.372792,78.655,distance
1781701362.878389,1781701362.841359,2.657585,2.508352,1.444794,82.781,distance
1781701363.078409,1781701363.041124,2.660042,2.530601,1.476621,84.604,distance
1781701363.278400,1781701363.241227,2.646950,2.479391,1.465559,83.970,distance
1781701363.628429,1781701363.591141,2.648909,2.500385,1.495019,85.658,distance
1781701363.680666,1781701363.641406,2.660965,2.578343,1.542561,88.382,distance
1781701364.228449,1781701364.191467,2.660949,2.577767,1.541470,88.320,time
1781701364.628430,1781701364.591293,2.661484,2.601847,1.552396,88.946,distance
1781701364.833625,1781701364.791492,2.661839,2.622298,1.554946,89.092,distance
1781701365.028514,1781701364.991328,2.647916,2.573088,1.526438,87.458,distance
1781701365.328464,1781701365.291273,2.648285,2.594743,1.527894,87.542,distance
1781701365.578412,1781701365.541084,2.649191,2.616551,1.531207,87.732,distance
1781701365.878777,1781701365.841164,2.648278,2.640301,1.530979,87.719,distance
1781701366.178392,1781701366.141219,2.649072,2.661019,1.534483,87.919,distance
1781701366.528502,1781701366.491096,2.648452,2.682910,1.527299,87.508,distance
1781701366.828416,1781701366.791225,2.649430,2.706051,1.530328,87.681,distance
1781701367.078463,1781701367.041327,2.650948,2.727436,1.544597,88.499,distance
1781701367.378401,1781701367.341201,2.651516,2.750440,1.547845,88.685,distance
1781701367.678418,1781701367.640964,2.651985,2.772338,1.551322,88.884,distance
1781701368.078367,1781701368.041207,2.648153,2.795046,1.555527,89.125,distance
1781701368.378426,1781701368.348852,2.648480,2.818447,1.558740,89.309,distance
1781701368.639104,1781701368.591082,2.650039,2.839837,1.560881,89.432,distance
1781701368.933224,1781701368.895238,2.650229,2.862782,1.564618,89.646,distance
1781701369.278526,1781701369.241106,2.650481,2.885386,1.556848,89.201,distance
1781701369.578366,1781701369.541152,2.650746,2.905935,1.559180,89.334,distance
1781701369.928398,1781701369.891200,2.655793,2.925629,1.554253,89.052,distance
1781701370.228462,1781701370.190985,2.656155,2.949374,1.557064,89.213,distance
1781701370.537048,1781701370.491603,2.655989,2.975919,1.563816,89.600,distance
1781701370.778412,1781701370.741577,2.655409,2.997182,1.570384,89.976,distance
1781701371.078350,1781701371.041346,2.655396,3.020493,1.572910,90.121,distance
1781701371.428586,1781701371.391346,2.656356,3.040667,1.577850,90.404,distance
1781701371.978361,1781701371.941235,2.656368,3.039033,1.577627,90.391,time
1781701372.478371,1781701372.441113,2.656368,3.039033,1.577351,90.376,time
1781701372.978473,1781701372.941216,2.656368,3.039033,1.577418,90.379,time
1781701373.479960,1781701373.441068,2.656368,3.039033,1.577483,90.383,time
1781701374.028547,1781701373.991309,2.656368,3.039033,1.577481,90.383,time
1781701374.578390,1781701374.541065,2.656368,3.039033,1.577645,90.392,time
1781701375.080930,1781701375.041000,2.656368,3.039033,1.577701,90.396,time
1781701375.632409,1781701375.595800,2.656368,3.039033,1.577864,90.405,time
1781701376.133626,1781701376.091195,2.656368,3.039033,1.578050,90.416,time
1781701376.678421,1781701376.641452,2.656368,3.039033,1.577961,90.411,time
1781701377.228387,1781701377.195884,2.656368,3.039033,1.577900,90.407,time
1781701377.778463,1781701377.745088,2.656368,3.039033,1.577898,90.407,time
1781701378.328367,1781701378.292669,2.656368,3.039033,1.577920,90.408,time
1781701378.828416,1781701378.794479,2.656368,3.039033,1.577924,90.408,time
1781701379.333616,1781701379.291357,2.656368,3.039033,1.577981,90.412,time
1781701379.878409,1781701379.841354,2.656368,3.039033,1.578109,90.419,time
1781701380.430353,1781701380.390990,2.656342,3.042669,1.577171,90.365,time
1781701380.728485,1781701380.691207,2.656264,3.063621,1.570830,90.002,distance
1781701380.978526,1781701380.941884,2.656997,3.090964,1.565253,89.682,distance
1781701381.228372,1781701381.194521,2.657216,3.114016,1.558731,89.309,distance
1781701381.528387,1781701381.491305,2.655306,3.138485,1.553823,89.028,distance
1781701381.778828,1781701381.741554,2.652903,3.159139,1.550675,88.847,distance
1781701382.078461,1781701382.041014,2.653359,3.179622,1.545375,88.543,distance
1781701382.328420,1781701382.291349,2.649419,3.204092,1.550032,88.810,distance
1781701382.628397,1781701382.591182,2.649902,3.224917,1.544154,88.474,distance
1781701382.878417,1781701382.841330,2.650498,3.246213,1.542722,88.391,distance
1781701383.128493,1781701383.091180,2.652530,3.267130,1.545061,88.525,distance
1781701383.428436,1781701383.391046,2.653095,3.289628,1.546318,88.598,distance
1781701383.678567,1781701383.641497,2.655734,3.310175,1.543296,88.424,distance
1781701383.979186,1781701383.941129,2.656343,3.332536,1.544211,88.477,distance
1781701384.278575,1781701384.241296,2.656934,3.355066,1.545193,88.533,distance
1781701384.528427,1781701384.493211,2.656314,3.376876,1.547086,88.641,distance
1781701384.828367,1781701384.791989,2.656815,3.398518,1.548458,88.720,distance
1781701385.278389,1781701385.241052,2.658932,3.422153,1.543741,88.450,distance
1781701385.528365,1781701385.491237,2.659469,3.442191,1.544428,88.489,distance
1781701385.778376,1781701385.741497,2.661405,3.463157,1.545604,88.557,distance
1781701386.078595,1781701386.041021,2.661967,3.486039,1.547101,88.642,distance
1781701386.378435,1781701386.341163,2.662497,3.509027,1.548558,88.726,distance
1781701386.589593,1781701386.541054,2.664990,3.528987,1.546775,88.624,distance
1781701386.878401,1781701386.841115,2.665478,3.550044,1.548708,88.734,distance
1781701387.228436,1781701387.191047,2.669585,3.572196,1.549095,88.757,distance
1781701387.528401,1781701387.491027,2.670057,3.594959,1.551093,88.871,distance
1781701387.878401,1781701387.841382,2.664549,3.617361,1.559720,89.365,distance
1781701388.428366,1781701388.391144,2.664690,3.630440,1.560991,89.438,time
1781701388.928478,1781701388.891022,2.664690,3.630433,1.561041,89.441,time
1781701389.428625,1781701389.391361,2.664690,3.630433,1.561106,89.445,time
1781701389.978392,1781701389.941094,2.664690,3.630433,1.561287,89.455,time
1781701390.478618,1781701390.441045,2.664690,3.630433,1.561333,89.458,time
1781701391.028406,1781701390.991120,2.664690,3.630433,1.561361,89.459,time
1781701391.528437,1781701391.495457,2.664690,3.630433,1.561358,89.459,time
1781701392.078439,1781701392.041281,2.664690,3.630433,1.561417,89.463,time
1781701392.628430,1781701392.591132,2.664690,3.630433,1.561595,89.473,time
1781701393.128446,1781701393.091035,2.664690,3.630433,1.561704,89.479,time
1781701393.629627,1781701393.591026,2.664879,3.653266,1.563490,89.581,distance
1781701393.878359,1781701393.841635,2.666262,3.677565,1.566232,89.738,distance
1781701394.128390,1781701394.093629,2.666334,3.697862,1.568567,89.872,distance
1781701394.428440,1781701394.391224,2.665589,3.723317,1.569454,89.923,distance
1781701394.678404,1781701394.641062,2.664688,3.745054,1.569245,89.911,distance
1781701394.978425,1781701394.941128,2.664701,3.768391,1.571607,90.046,distance
1781701395.233199,1781701395.191045,2.662788,3.789681,1.578914,90.465,distance
1781701395.534938,1781701395.491047,2.662608,3.809986,1.580594,90.561,distance
1781701395.828332,1781701395.791067,2.662804,3.833354,1.584668,90.795,distance
1781701396.078415,1781701396.041331,2.662945,3.855810,1.588914,91.038,distance
1781701396.328413,1781701396.291138,2.662568,3.875835,1.590433,91.125,distance
1781701396.532508,1781701396.491030,2.661395,3.904327,1.597034,91.503,distance
1781701396.828364,1781701396.790980,2.660815,3.926131,1.598301,91.576,distance
1781701397.128408,1781701397.092494,2.660141,3.950021,1.599981,91.672,distance
1781701397.378349,1781701397.341002,2.656736,3.970077,1.600785,91.718,distance
1781701397.678447,1781701397.641210,2.656060,3.992068,1.602779,91.832,distance
1781701397.928222,1781701397.891133,2.655375,4.012544,1.604486,91.930,distance
1781701398.228247,1781701398.191386,2.654630,4.034140,1.606135,92.025,distance
1781701398.533155,1781701398.491046,2.653857,4.055591,1.607581,92.108,distance
1781701398.778500,1781701398.740978,2.648363,4.075857,1.607491,92.102,distance
1781701399.029933,1781701398.991463,2.647612,4.095909,1.609216,92.201,distance
1781701399.278434,1781701399.241219,2.641742,4.122328,1.619327,92.781,distance
1781701399.578415,1781701399.541383,2.640450,4.143321,1.621960,92.931,distance
1781701399.878539,1781701399.850529,2.639273,4.165961,1.623781,93.036,distance
1781701400.428446,1781701400.394027,2.637830,4.169509,1.625308,93.123,time
1781701400.978376,1781701400.941378,2.637830,4.169509,1.625313,93.124,time
1781701401.478433,1781701401.441033,2.637830,4.169509,1.625359,93.126,time
1781701401.978449,1781701401.941121,2.637830,4.169509,1.625310,93.123,time
1781701402.478489,1781701402.441211,2.637830,4.169509,1.625397,93.128,time
1781701403.028482,1781701402.990997,2.637830,4.169509,1.625423,93.130,time
1781701403.578397,1781701403.541025,2.637830,4.169509,1.625536,93.136,time
1781701404.078446,1781701404.041368,2.637830,4.169509,1.625603,93.140,time
1781701404.628491,1781701404.591304,2.637830,4.169509,1.625695,93.145,time
1781701405.178396,1781701405.141021,2.637572,4.174160,1.628453,93.303,time
1781701405.478407,1781701405.441014,2.636167,4.195950,1.645268,94.267,distance
1781701405.737486,1781701405.691470,2.634268,4.219075,1.664197,95.351,distance
1781701405.978386,1781701405.942552,2.633922,4.240825,1.677390,96.107,distance
1781701406.278496,1781701406.242403,2.631463,4.262388,1.694190,97.070,distance
1781701406.528500,1781701406.491495,2.629324,4.283130,1.708414,97.885,distance
1781701406.828497,1781701406.791230,2.626200,4.305438,1.711456,98.059,distance
1781701407.128464,1781701407.093312,2.622852,4.328915,1.714396,98.228,distance
1781701407.378439,1781701407.341445,2.620469,4.350819,1.709938,97.972,distance
1781701407.678507,1781701407.641221,2.617227,4.373771,1.712720,98.132,distance
1781701408.028403,1781701407.991557,2.613105,4.396277,1.710981,98.032,distance
1781701408.328434,1781701408.291445,2.609916,4.418697,1.713286,98.164,distance
1781701408.579173,1781701408.541385,2.606906,4.439496,1.716280,98.336,distance
1781701408.828436,1781701408.791313,2.608615,4.459910,1.710497,98.004,distance
1781701409.132000,1781701409.096534,2.605508,4.480930,1.727393,98.972,distance
1781701409.478439,1781701409.441132,2.601159,4.502409,1.747299,100.113,distance
1781701409.732476,1781701409.691240,2.597514,4.522137,1.763365,101.033,distance
1781701409.978380,1781701409.941322,2.593559,4.541746,1.780157,101.996,distance
1781701410.178403,1781701410.141055,2.590495,4.561526,1.796717,102.944,distance
1781701410.478346,1781701410.441395,2.585276,4.583441,1.816084,104.054,distance
1781701410.928390,1781701410.891115,2.583743,4.605847,1.835334,105.157,distance
1781701411.228394,1781701411.191323,2.577647,4.627711,1.853168,106.179,distance
1781701411.478529,1781701411.441170,2.571830,4.647240,1.870991,107.200,distance
1781701411.728643,1781701411.696909,2.565334,4.667149,1.882257,107.845,distance
1781701412.078388,1781701412.041342,2.558844,4.686815,1.899060,108.808,distance
1781701412.428461,1781701412.391033,2.551211,4.707423,1.916267,109.794,distance
1781701412.678364,1781701412.641391,2.543681,4.727762,1.940463,111.180,distance
1781701412.928400,1781701412.891362,2.535970,4.747094,1.966354,112.664,distance
1781701413.228413,1781701413.190993,2.527537,4.767406,1.992622,114.169,distance
1781701413.728445,1781701413.691056,2.516305,4.785835,2.026900,116.133,distance
1781701414.228465,1781701414.191285,2.508063,4.802138,2.056388,117.822,time
1781701414.528620,1781701414.491385,2.491937,4.815841,2.108225,120.792,distance
1781701414.978374,1781701414.941507,2.476294,4.831552,2.138734,122.540,distance
1781701415.328384,1781701415.292494,2.463910,4.850419,2.169248,124.289,distance
1781701415.528353,1781701415.490987,2.452714,4.868752,2.193427,125.674,distance
1781701415.778364,1781701415.741302,2.438872,4.887464,2.230683,127.809,distance
1781701415.878385,1781701415.841256,2.463324,4.869235,2.221913,127.306,distance
1781701416.178602,1781701416.141364,2.432772,4.900473,2.269229,130.017,distance
1781701416.228369,1781701416.191056,2.409651,4.918381,2.288053,131.096,distance
1781701416.528371,1781701416.491429,2.395728,4.933957,2.317144,132.763,distance
1781701416.778409,1781701416.741286,2.380726,4.947499,2.349366,134.609,distance
1781701417.028688,1781701416.991114,2.365552,4.962544,2.377039,136.194,distance
1781701417.278383,1781701417.241373,2.351554,4.977652,2.398354,137.416,distance
1781701417.828396,1781701417.791214,2.344030,4.984512,2.411000,138.140,time
1781701418.178405,1781701418.141259,2.328759,4.997962,2.433616,139.436,distance
1781701418.435119,1781701418.391996,2.308294,5.008776,2.467158,141.358,distance
1781701418.978492,1781701418.940999,2.296638,5.018162,2.489894,142.660,time
1781701419.230320,1781701419.192121,2.279885,5.030653,2.518125,144.278,distance
1781701419.578526,1781701419.541339,2.261406,5.040334,2.546525,145.905,distance
1781701419.832651,1781701419.801297,2.244245,5.051703,2.573325,147.441,distance
1781701420.078399,1781701420.041434,2.224636,5.063862,2.607199,149.381,distance
1781701420.328440,1781701420.291354,2.203625,5.073765,2.634700,150.957,distance
1781701420.728515,1781701420.691157,2.183890,5.081007,2.657827,152.282,distance
1781701420.978364,1781701420.940999,2.166055,5.090211,2.675847,153.315,distance
1781701421.228642,1781701421.191278,2.144572,5.100779,2.697237,154.540,distance
1781701421.778504,1781701421.741240,2.139777,5.100862,2.699077,154.646,time
1781701422.328404,1781701422.291394,2.133285,5.103925,2.705684,155.024,time
1781701422.578490,1781701422.541218,2.112128,5.113537,2.730156,156.426,distance
1781701422.928499,1781701422.891513,2.091470,5.122523,2.756117,157.914,distance
1781701423.228393,1781701423.191320,2.072267,5.130121,2.778230,159.181,distance
1781701423.478366,1781701423.441303,2.047985,5.135488,2.813991,161.230,distance
1781701423.733185,1781701423.691240,2.028104,5.142033,2.838020,162.607,distance
1781701423.928454,1781701423.891826,2.007089,5.149051,2.852190,163.418,distance
1781701424.478211,1781701424.441245,1.997685,5.151888,2.862506,164.010,time
1781701424.978385,1781701424.941043,1.974700,5.158243,2.885899,165.350,distance
1781701425.228643,1781701425.191270,1.952575,5.163912,2.912347,166.865,distance
1781701425.478399,1781701425.441137,1.929705,5.168995,2.938534,168.366,distance
1781701425.728496,1781701425.691141,1.908836,5.171933,2.960198,169.607,distance
1781701426.078368,1781701426.041760,1.886285,5.175783,2.983566,170.946,distance
1781701426.578526,1781701426.541226,1.864564,5.175800,2.993182,171.497,distance
1781701426.828431,1781701426.791193,1.839947,5.179440,2.996328,171.677,distance
1781701427.278449,1781701427.241163,1.816888,5.182825,2.988080,171.204,distance
1781701427.578413,1781701427.541570,1.793978,5.184480,2.967489,170.025,distance
1781701427.928463,1781701427.891246,1.772423,5.188464,2.947490,168.879,distance
1781701428.278543,1781701428.240972,1.749403,5.193204,2.927791,167.750,distance
1781701428.528530,1781701428.491255,1.729107,5.197766,2.909117,166.680,distance
1781701428.778380,1781701428.741385,1.709058,5.197290,2.892457,165.726,distance
1781701429.078449,1781701429.041212,1.687861,5.202854,2.873645,164.648,distance
1781701429.378385,1781701429.341392,1.664546,5.209395,2.853649,163.502,distance
1781701429.628376,1781701429.591617,1.644080,5.215476,2.836325,162.509,distance
1781701429.928408,1781701429.891156,1.622739,5.222394,2.816185,161.355,distance
1781701430.278437,1781701430.241492,1.603019,5.227820,2.797349,160.276,distance
1781701430.578427,1781701430.540988,1.584013,5.234788,2.779525,159.255,distance
1781701430.828420,1781701430.791096,1.563017,5.237966,2.766129,158.488,distance
1781701431.078417,1781701431.044700,1.544087,5.245579,2.748579,157.482,distance
1781701431.378375,1781701431.340976,1.524166,5.254008,2.730673,156.456,distance
1781701431.728361,1781701431.691193,1.503080,5.260289,2.702545,154.844,distance
1781701431.978428,1781701431.940973,1.484298,5.269284,2.682909,153.719,distance
1781701432.278480,1781701432.241300,1.465114,5.279066,2.660198,152.418,distance
1781701432.578655,1781701432.542179,1.445053,5.289751,2.640713,151.302,distance
1781701432.878552,1781701432.841182,1.427248,5.299665,2.622863,150.279,distance
1781701433.178443,1781701433.141219,1.410197,5.313080,2.598245,148.868,distance
1781701433.428426,1781701433.391199,1.392139,5.324174,2.578704,147.749,distance
1781701433.678346,1781701433.641629,1.372769,5.332284,2.567153,147.087,distance
1781701434.028349,1781701433.991196,1.353368,5.345062,2.548175,146.000,distance
1781701434.328431,1781701434.291149,1.335578,5.357268,2.528670,144.882,distance
1781701434.678363,1781701434.640955,1.318015,5.370320,2.497124,143.075,distance
1781701434.978383,1781701434.941210,1.301548,5.382881,2.485488,142.408,distance
1781701435.278547,1781701435.241176,1.289374,5.399388,2.484763,142.366,distance
1781701435.528340,1781701435.495775,1.273150,5.411891,2.485781,142.425,distance
1781701435.828420,1781701435.791188,1.254915,5.425904,2.487355,142.515,distance
1781701436.028423,1781701435.991211,1.238422,5.437531,2.489928,142.662,distance
1781701436.328377,1781701436.291005,1.221116,5.450709,2.492037,142.783,distance
1781701436.628587,1781701436.591072,1.202804,5.464592,2.493791,142.884,distance
1781701436.928363,1781701436.891554,1.185414,5.476918,2.498452,143.151,distance
1781701437.228360,1781701437.191115,1.168042,5.489919,2.500363,143.260,distance
1781701437.528361,1781701437.491106,1.152972,5.503769,2.492798,142.827,distance
1781701437.828489,1781701437.791796,1.135235,5.517333,2.494908,142.948,distance
1781701438.178628,1781701438.141812,1.117088,5.530770,2.519531,144.358,distance
1781701438.478360,1781701438.441296,1.096146,5.539617,2.549587,146.081,distance
1781701438.778391,1781701438.741086,1.078157,5.551464,2.572544,147.396,distance
1781701439.028444,1781701438.992646,1.059746,5.562713,2.589818,148.386,distance
1781701439.328401,1781701439.292041,1.040864,5.574090,2.613471,149.741,distance
1781701439.578403,1781701439.541399,1.021796,5.584972,2.638033,151.148,distance
1781701439.878396,1781701439.841621,1.003091,5.595000,2.661226,152.477,distance
1781701440.228415,1781701440.191245,0.985233,5.604106,2.681478,153.637,distance
1781701440.428523,1781701440.391185,0.966747,5.612349,2.695991,154.469,distance
1781701440.678456,1781701440.640965,0.947752,5.621212,2.719073,155.791,distance
1781701440.928443,1781701440.891127,0.927814,5.629348,2.745637,157.313,distance
1781701441.228480,1781701441.190998,0.906536,5.637241,2.772387,158.846,distance
1781701441.528438,1781701441.494935,0.886812,5.642209,2.793692,160.067,distance
1781701441.878591,1781701441.841099,0.864309,5.650114,2.817309,161.420,distance
1781701442.128370,1781701442.091020,0.842472,5.657204,2.843407,162.915,distance
1781701442.328372,1781701442.291019,0.819211,5.662776,2.862633,164.017,distance
1781701442.628359,1781701442.591027,0.798305,5.668531,2.887223,165.426,distance
1781701442.978395,1781701442.941191,0.777137,5.674432,2.906834,166.549,distance
1781701443.278548,1781701443.241413,0.754612,5.679579,2.931417,167.958,distance
1781701443.528422,1781701443.491061,0.732161,5.680821,2.962467,169.737,distance
1781701443.778420,1781701443.742509,0.711831,5.684301,2.986445,171.111,distance
1781701444.178501,1781701444.141366,0.689695,5.687285,3.010192,172.471,distance
1781701444.478569,1781701444.441099,0.667147,5.690022,3.035415,173.916,distance
1781701444.728514,1781701444.700024,0.646216,5.689039,3.061109,175.389,distance
1781701445.028396,1781701444.995209,0.623148,5.688806,3.088204,176.941,distance
1781701445.328520,1781701445.291088,0.601220,5.689759,3.111902,178.299,distance
1781701445.678404,1781701445.641108,0.578849,5.691048,3.131469,179.420,distance
1781701445.978618,1781701445.941737,0.554962,5.691027,-3.124720,-179.033,distance
1781701446.328469,1781701446.291063,0.533143,5.687309,-3.095958,-177.385,distance
1781701446.678530,1781701446.641113,0.500175,5.686095,-3.068702,-175.824,distance
1781701446.928421,1781701446.891262,0.478637,5.684423,-3.045790,-174.511,distance
1781701447.178416,1781701447.142387,0.456902,5.682101,-3.019000,-172.976,distance
1781701447.428384,1781701447.391038,0.436826,5.681621,-2.992998,-171.486,distance
1781701447.928395,1781701447.891566,0.417933,5.679303,-2.968260,-170.069,time
1781701448.278375,1781701448.241116,0.395074,5.675012,-2.938741,-168.377,distance
1781701448.528502,1781701448.491034,0.372658,5.670118,-2.906814,-166.548,distance
1781701448.778415,1781701448.750835,0.350979,5.664193,-2.867870,-164.317,distance
1781701449.228438,1781701449.191774,0.331424,5.655413,-2.828299,-162.050,distance
1781701449.578387,1781701449.546282,0.310302,5.648303,-2.801041,-160.488,distance
1781701449.828491,1781701449.791472,0.287558,5.641327,-2.768058,-158.598,distance
1781701450.028443,1781701449.991212,0.268107,5.633439,-2.735934,-156.757,distance
1781701450.228547,1781701450.191062,0.246642,5.629078,-2.714029,-155.502,distance
1781701450.528378,1781701450.491424,0.224613,5.619607,-2.691240,-154.197,distance
1781701450.878423,1781701450.841029,0.205055,5.609921,-2.664228,-152.649,distance
1781701451.128354,1781701451.091065,0.187206,5.600426,-2.635098,-150.980,distance
1781701451.328425,1781701451.304015,0.170600,5.586709,-2.593510,-148.597,distance
1781701451.578383,1781701451.541147,0.146603,5.569529,-2.558769,-146.607,distance
1781701451.828458,1781701451.791215,0.129497,5.558185,-2.553879,-146.327,distance
1781701452.382816,1781701452.341027,0.113223,5.547318,-2.551694,-146.201,time
1781701452.628611,1781701452.591264,0.095488,5.535417,-2.548896,-146.041,distance
1781701452.878437,1781701452.841418,0.075129,5.521780,-2.542496,-145.674,distance
1781701453.128412,1781701453.091041,0.057598,5.509772,-2.538954,-145.471,distance
1781701453.432298,1781701453.391176,0.037854,5.497132,-2.536391,-145.325,distance
1781701453.935814,1781701453.891829,0.028357,5.491767,-2.535538,-145.276,time
1781701454.478411,1781701454.441176,0.028350,5.491762,-2.535427,-145.269,time
1781701454.978420,1781701454.941082,0.028350,5.491762,-2.535358,-145.265,time
1781701455.528425,1781701455.495250,0.028350,5.491762,-2.535201,-145.256,time
1781701456.078411,1781701456.045520,0.028350,5.491762,-2.535010,-145.245,time
1781701456.629595,1781701456.591181,0.028350,5.491762,-2.534921,-145.240,time
1781701457.178250,1781701457.141022,0.028350,5.491762,-2.534805,-145.234,time
1781701457.678451,1781701457.641081,0.010058,5.479031,-2.531670,-145.054,distance
1781701458.178414,1781701458.141132,-0.006953,5.467109,-2.528411,-144.867,distance
1781701458.428395,1781701458.390955,-0.026694,5.456070,-2.528290,-144.860,distance
1781701458.678444,1781701458.641010,-0.044159,5.443749,-2.529167,-144.911,distance
1781701458.978391,1781701458.941756,-0.063332,5.430443,-2.543078,-145.708,distance
1781701459.228519,1781701459.191099,-0.083071,5.420361,-2.561007,-146.735,distance
1781701459.528409,1781701459.491285,-0.101807,5.408227,-2.575232,-147.550,distance
1781701459.828356,1781701459.791241,-0.121292,5.395994,-2.589456,-148.365,distance
1781701460.178418,1781701460.141141,-0.140831,5.383267,-2.604546,-149.230,distance
1781701460.478395,1781701460.443005,-0.159758,5.372140,-2.618178,-150.011,distance
1781701460.778428,1781701460.741307,-0.179485,5.360902,-2.632127,-150.810,distance
1781701461.078406,1781701461.041064,-0.195113,5.348264,-2.645115,-151.554,distance
1781701461.428393,1781701461.391068,-0.215433,5.337404,-2.658914,-152.345,distance
1781701461.728426,1781701461.691394,-0.234542,5.327528,-2.672766,-153.138,distance
1781701461.978396,1781701461.941040,-0.254714,5.319316,-2.684956,-153.837,distance
1781701462.228419,1781701462.191065,-0.272996,5.310442,-2.697283,-154.543,distance
1781701462.531271,1781701462.491071,-0.294086,5.300551,-2.711664,-155.367,distance
1781701462.978389,1781701462.941383,-0.313740,5.290986,-2.729626,-156.396,distance
1781701463.278397,1781701463.241116,-0.334139,5.282202,-2.743103,-157.168,distance
1781701463.628380,1781701463.594510,-0.353577,5.274668,-2.762763,-158.295,distance
1781701463.928625,1781701463.891301,-0.374424,5.266505,-2.776712,-159.094,distance
1781701464.228406,1781701464.191048,-0.394994,5.256548,-2.788577,-159.774,distance
1781701464.528465,1781701464.491129,-0.415026,5.249291,-2.802045,-160.545,distance
1781701464.829024,1781701464.792545,-0.437040,5.241659,-2.816286,-161.361,distance
1781701465.178411,1781701465.140984,-0.458146,5.234815,-2.841886,-162.828,distance
1781701465.478442,1781701465.441114,-0.478499,5.228650,-2.855153,-163.588,distance
1781701465.778409,1781701465.741067,-0.496967,5.220974,-2.868169,-164.334,distance
1781701466.078488,1781701466.046734,-0.520307,5.214589,-2.883729,-165.225,distance
1781701466.378393,1781701466.345324,-0.542534,5.208857,-2.896885,-165.979,distance
1781701466.728418,1781701466.691671,-0.564803,5.201948,-2.911694,-166.828,distance
1781701467.028395,1781701466.991746,-0.586393,5.197027,-2.925926,-167.643,distance
1781701467.378438,1781701467.341095,-0.605278,5.189327,-2.935481,-168.191,distance
1781701467.679113,1781701467.641020,-0.627703,5.184713,-2.939761,-168.436,distance
1781701468.028633,1781701467.991034,-0.649941,5.179303,-2.946742,-168.836,distance
1781701468.328356,1781701468.291180,-0.670668,5.175252,-2.955238,-169.323,distance
1781701468.578434,1781701468.540982,-0.690771,5.166128,-2.959055,-169.541,distance
1781701468.928495,1781701468.892097,-0.713928,5.161657,-2.971890,-170.277,distance
1781701469.178427,1781701469.140979,-0.734092,5.158313,-2.983118,-170.920,distance
1781701469.478399,1781701469.441002,-0.756097,5.153487,-2.977530,-170.600,distance
1781701469.778425,1781701469.740973,-0.777482,5.149938,-2.976368,-170.533,distance
1781701470.128395,1781701470.091542,-0.799619,5.146628,-2.981636,-170.835,distance
1781701470.428443,1781701470.391202,-0.821601,5.143066,-2.980134,-170.749,distance
1781701470.678362,1781701470.641284,-0.841485,5.139818,-2.978879,-170.677,distance
1781701470.978435,1781701470.941440,-0.861612,5.136864,-2.979700,-170.724,distance
1781701471.278443,1781701471.242137,-0.882042,5.133389,-2.963692,-169.807,distance
1781701471.829146,1781701471.793150,-0.893904,5.127250,-2.956750,-169.409,time
1781701472.378441,1781701472.341133,-0.896856,5.126696,-2.954634,-169.288,time
1781701472.678417,1781701472.651091,-0.920181,5.122225,-2.949851,-169.014,distance
1781701472.928632,1781701472.891164,-0.940814,5.118189,-2.946452,-168.819,distance
1781701473.133616,1781701473.091522,-0.962133,5.115440,-2.938708,-168.376,distance
1781701473.328421,1781701473.290996,-0.983283,5.112795,-2.925621,-167.626,distance
1781701473.631929,1781701473.591928,-1.004435,5.107994,-2.909159,-166.683,distance
1781701473.928431,1781701473.891370,-1.023833,5.100221,-2.884434,-165.266,distance
1781701474.178399,1781701474.148872,-1.043487,5.094926,-2.869051,-164.385,distance
1781701474.478375,1781701474.441041,-1.064934,5.088770,-2.851666,-163.388,distance
1781701474.778433,1781701474.741107,-1.083149,5.080159,-2.840252,-162.734,distance
1781701475.078426,1781701475.041003,-1.103223,5.073773,-2.824374,-161.825,distance
1781701475.428433,1781701475.391452,-1.126019,5.070720,-2.808093,-160.892,distance
1781701475.678383,1781701475.641402,-1.144881,5.064052,-2.791920,-159.965,distance
1781701475.978544,1781701475.946061,-1.166341,5.056040,-2.773256,-158.896,distance
1781701476.378540,1781701476.341290,-1.186546,5.048704,-2.755504,-157.879,distance
1781701476.678505,1781701476.645066,-1.206261,5.040539,-2.739547,-156.964,distance
1781701476.928482,1781701476.891308,-1.225720,5.032115,-2.722688,-155.999,distance
1781701477.278569,1781701477.241017,-1.246063,5.021810,-2.697501,-154.555,distance
1781701477.578438,1781701477.541169,-1.264387,5.012928,-2.680332,-153.572,distance
1781701477.878438,1781701477.841360,-1.281234,4.999555,-2.665365,-152.714,distance
1781701478.178530,1781701478.141072,-1.301571,4.988853,-2.644883,-151.541,distance
1781701478.728416,1781701478.693511,-1.316975,4.980067,-2.627760,-150.560,time
1781701479.228382,1781701479.191338,-1.335510,4.969511,-2.621380,-150.194,distance
1781701479.528368,1781701479.491454,-1.353198,4.959353,-2.618518,-150.030,distance
1781701479.878376,1781701479.841303,-1.372789,4.947937,-2.603132,-149.148,distance
1781701480.178370,1781701480.141038,-1.389112,4.936114,-2.573378,-147.444,distance
1781701480.428407,1781701480.392292,-1.406407,4.924888,-2.554465,-146.360,distance
1781701480.728374,1781701480.691522,-1.422394,4.911041,-2.531423,-145.040,distance
1781701481.028362,1781701480.991526,-1.436867,4.897000,-2.508905,-143.750,distance
1781701481.328858,1781701481.291478,-1.454480,4.883853,-2.488269,-142.567,distance
1781701481.732040,1781701481.691008,-1.472458,4.871625,-2.462589,-141.096,distance
1781701482.028425,1781701481.991208,-1.489686,4.857481,-2.442016,-139.917,distance
1781701482.328363,1781701482.293810,-1.507793,4.845302,-2.422999,-138.828,distance
1781701482.628383,1781701482.591137,-1.525572,4.829450,-2.399044,-137.455,distance
1781701482.928393,1781701482.891646,-1.540449,4.812010,-2.378853,-136.298,distance
1781701483.278363,1781701483.241048,-1.554833,4.797919,-2.360506,-135.247,distance
1781701483.528422,1781701483.491811,-1.569684,4.782952,-2.339188,-134.026,distance
1781701483.828525,1781701483.791208,-1.585563,4.766148,-2.308937,-132.292,distance
1781701484.078554,1781701484.041265,-1.599223,4.750839,-2.285373,-130.942,distance
1781701484.328501,1781701484.291106,-1.612613,4.734428,-2.268048,-129.950,distance
1781701484.678407,1781701484.641468,-1.625771,4.718429,-2.247672,-128.782,distance
1781701484.978396,1781701484.941584,-1.640480,4.699748,-2.223379,-127.390,distance
1781701485.178494,1781701485.141847,-1.656489,4.685378,-2.205708,-126.378,distance
1781701485.478422,1781701485.441052,-1.670291,4.666219,-2.180359,-124.925,distance
1781701485.778420,1781701485.741306,-1.683395,4.650628,-2.159568,-123.734,distance
1781701486.128373,1781701486.091284,-1.695929,4.631470,-2.137904,-122.493,distance
1781701486.378479,1781701486.341108,-1.706384,4.612662,-2.118224,-121.365,distance
1781701486.628505,1781701486.591236,-1.717736,4.591037,-2.094746,-120.020,distance
1781701486.878692,1781701486.841304,-1.728444,4.572081,-2.070687,-118.642,distance
1781701487.178402,1781701487.141378,-1.736371,4.550584,-2.052975,-117.627,distance
1781701487.478393,1781701487.441207,-1.745654,4.532497,-2.033770,-116.526,distance
1781701487.878367,1781701487.842081,-1.754554,4.511514,-2.002740,-114.749,distance
1781701488.130471,1781701488.091444,-1.762870,4.493052,-1.980440,-113.471,distance
1781701488.678354,1781701488.641493,-1.764829,4.491917,-1.981297,-113.520,time
1781701489.178466,1781701489.141249,-1.764829,4.491917,-1.981143,-113.511,time
1781701489.678673,1781701489.642425,-1.765939,4.489363,-1.978266,-113.346,time
1781701489.978402,1781701489.941245,-1.774123,4.470223,-1.972872,-113.037,distance
1781701490.278470,1781701490.242357,-1.782410,4.450695,-1.971083,-112.935,distance
1781701490.478820,1781701490.441346,-1.788402,4.429104,-1.968410,-112.782,distance
1781701490.728402,1781701490.691032,-1.797652,4.406669,-1.966161,-112.653,distance
1781701490.978431,1781701490.941355,-1.805417,4.388011,-1.963761,-112.515,distance
1781701491.428512,1781701491.391331,-1.812276,4.367919,-1.955771,-112.057,distance
1781701491.678453,1781701491.641203,-1.820159,4.348408,-1.953444,-111.924,distance
1781701491.979033,1781701491.941154,-1.831766,4.325935,-1.955313,-112.031,distance
1781701492.228380,1781701492.191625,-1.839914,4.306072,-1.952394,-111.864,distance
1781701492.528364,1781701492.493166,-1.848037,4.285740,-1.948625,-111.648,distance
1781701492.828408,1781701492.796303,-1.853743,4.263257,-1.947782,-111.600,distance
1781701493.128492,1781701493.093419,-1.862051,4.242178,-1.943804,-111.372,distance
1781701493.528578,1781701493.491065,-1.868621,4.219620,-1.919989,-110.007,distance
1781701493.978372,1781701493.941068,-1.876364,4.197648,-1.895945,-108.630,distance
1781701494.278493,1781701494.241340,-1.882842,4.177484,-1.873289,-107.332,distance
1781701494.578441,1781701494.541301,-1.889580,4.155051,-1.848513,-105.912,distance
1781701494.828440,1781701494.791509,-1.895844,4.133958,-1.842878,-105.589,distance
1781701495.078413,1781701495.041340,-1.902172,4.112849,-1.842366,-105.560,distance
1781701495.328434,1781701495.291088,-1.907531,4.093504,-1.838874,-105.360,distance
1781701495.678409,1781701495.641199,-1.911524,4.071850,-1.818121,-104.171,distance
1781701495.978423,1781701495.941394,-1.916341,4.051991,-1.796327,-102.922,distance
1781701496.178466,1781701496.141021,-1.923580,4.032893,-1.788549,-102.476,distance
1781701496.478405,1781701496.441176,-1.928893,4.009536,-1.785862,-102.322,distance
1781701496.735514,1781701496.691353,-1.933175,3.989798,-1.783069,-102.162,distance
1781701497.078585,1781701497.041407,-1.933782,3.968576,-1.778501,-101.901,distance
1781701497.387088,1781701497.341295,-1.938329,3.946873,-1.776072,-101.761,distance
1781701497.628453,1781701497.591360,-1.940807,3.925902,-1.767899,-101.293,distance
1781701497.928255,1781701497.895672,-1.945561,3.901926,-1.764451,-101.096,distance
1781701498.478458,1781701498.441415,-1.948815,3.881647,-1.759538,-100.814,distance
1781701498.728466,1781701498.691111,-1.952631,3.861539,-1.756740,-100.654,distance
1781701499.278425,1781701499.241143,-1.954827,3.849821,-1.754999,-100.554,time
1781701499.828386,1781701499.790993,-1.954827,3.849821,-1.754936,-100.550,time
1781701500.328670,1781701500.291058,-1.954827,3.849821,-1.754848,-100.545,time
1781701500.878434,1781701500.841162,-1.954827,3.849821,-1.754657,-100.534,time
1781701501.428348,1781701501.394993,-1.954827,3.849821,-1.754534,-100.527,time
1781701501.928432,1781701501.891092,-1.954827,3.849821,-1.754440,-100.522,time
1781701502.428556,1781701502.391003,-1.954827,3.849821,-1.754304,-100.514,time
1781701502.978383,1781701502.941090,-1.954827,3.849821,-1.754100,-100.503,time
1781701503.478437,1781701503.441060,-1.954827,3.849821,-1.753958,-100.494,time
1781701504.028438,1781701503.991028,-1.954827,3.849821,-1.753908,-100.492,time
1781701504.578460,1781701504.541174,-1.954827,3.849821,-1.753708,-100.480,time
1781701505.128399,1781701505.091163,-1.957139,3.837373,-1.763304,-101.030,time
1781701505.428437,1781701505.391165,-1.965985,3.817362,-1.809488,-103.676,distance
1781701505.932596,1781701505.891198,-1.968713,3.810159,-1.812390,-103.842,time
1781701506.278411,1781701506.244134,-1.974825,3.786848,-1.850752,-106.040,distance
1781701506.578353,1781701506.541055,-1.978972,3.762367,-1.882462,-107.857,distance
1781701506.928433,1781701506.891208,-1.985836,3.740802,-1.913059,-109.610,distance
1781701507.178378,1781701507.141000,-1.992989,3.719968,-1.945708,-111.481,distance
1781701507.380766,1781701507.341376,-2.000006,3.701010,-1.979859,-113.438,distance
1781701507.628366,1781701507.591211,-2.009437,3.682462,-2.017694,-115.605,distance
1781701507.978376,1781701507.941062,-2.017613,3.661450,-2.044109,-117.119,distance
1781701508.278508,1781701508.241105,-2.027138,3.643358,-2.072231,-118.730,distance
1781701508.578437,1781701508.541012,-2.036608,3.625293,-2.102198,-120.447,distance
1781701508.828553,1781701508.791188,-2.047931,3.606602,-2.136628,-122.420,distance
1781701509.128407,1781701509.091187,-2.061918,3.588687,-2.168926,-124.270,distance
1781701509.478363,1781701509.441036,-2.075261,3.572819,-2.203046,-126.225,distance
1781701509.778392,1781701509.741044,-2.089079,3.554517,-2.239698,-128.325,distance
1781701510.128343,1781701510.091272,-2.104065,3.538346,-2.271494,-130.147,distance
1781701510.478455,1781701510.441095,-2.120313,3.523208,-2.314328,-132.601,distance
1781701510.728383,1781701510.691403,-2.134127,3.508544,-2.346179,-134.426,distance
1781701510.978369,1781701510.940979,-2.150667,3.493083,-2.383265,-136.551,distance
1781701511.331697,1781701511.294648,-2.163528,3.477423,-2.418328,-138.560,distance
1781701511.678426,1781701511.641120,-2.179533,3.463624,-2.446293,-140.162,distance
1781701511.928394,1781701511.890984,-2.194433,3.446471,-2.479085,-142.041,distance
1781701512.128394,1781701512.090977,-2.210725,3.434082,-2.514509,-144.071,distance
1781701512.435953,1781701512.391071,-2.229934,3.422349,-2.563085,-146.854,distance
1781701512.978423,1781701512.941006,-2.248930,3.412809,-2.606436,-149.338,distance
1781701513.278402,1781701513.241145,-2.267946,3.404174,-2.648798,-151.765,distance
1781701513.528494,1781701513.491208,-2.287768,3.393898,-2.686810,-153.943,distance
1781701513.778383,1781701513.741130,-2.306472,3.383053,-2.725735,-156.173,distance
1781701514.278384,1781701514.241072,-2.314959,3.378563,-2.741867,-157.097,time
1781701514.728393,1781701514.691276,-2.333746,3.370881,-2.769290,-158.669,distance
1781701515.228468,1781701515.191067,-2.338961,3.367110,-2.784360,-159.532,time
1781701515.778494,1781701515.741071,-2.338961,3.367110,-2.784268,-159.527,time
1781701516.328384,1781701516.291148,-2.338961,3.367110,-2.784337,-159.531,time
1781701516.828486,1781701516.791241,-2.360107,3.359379,-2.794156,-160.093,distance
1781701517.028873,1781701516.991209,-2.383764,3.350802,-2.793048,-160.030,distance
1781701517.278383,1781701517.240992,-2.407495,3.346686,-2.789684,-159.837,distance
1781701517.578471,1781701517.541169,-2.426748,3.339595,-2.787349,-159.703,distance
1781701517.928484,1781701517.891201,-2.448198,3.331642,-2.785532,-159.599,distance
1781701518.178456,1781701518.141007,-2.467753,3.324748,-2.786064,-159.630,distance
1781701518.481013,1781701518.441323,-2.490136,3.316419,-2.784025,-159.513,distance
1781701518.728360,1781701518.691146,-2.508296,3.304975,-2.780064,-159.286,distance
1781701519.028401,1781701518.991202,-2.528437,3.296994,-2.777334,-159.130,distance
1781701519.378555,1781701519.341745,-2.550044,3.288737,-2.775709,-159.036,distance
1781701519.678353,1781701519.641330,-2.573069,3.282512,-2.775455,-159.022,distance
1781701520.181628,1781701520.141123,-2.589738,3.276108,-2.773954,-158.936,time
1781701520.728393,1781701520.691170,-2.589731,3.276111,-2.773897,-158.933,time
1781701521.278410,1781701521.241300,-2.589731,3.276111,-2.773871,-158.931,time
1781701521.781265,1781701521.741240,-2.589731,3.276111,-2.773691,-158.921,time
1781701522.328378,1781701522.291080,-2.589731,3.276111,-2.773631,-158.917,time
1781701522.828470,1781701522.790977,-2.589731,3.276111,-2.773493,-158.909,time
1781701523.378400,1781701523.341140,-2.589731,3.276111,-2.773431,-158.906,time
1781701523.928337,1781701523.891322,-2.589731,3.276111,-2.773301,-158.898,time
1781701524.428414,1781701524.391120,-2.589731,3.276111,-2.773157,-158.890,time
1781701524.978380,1781701524.941148,-2.589731,3.276111,-2.773017,-158.882,time
1781701525.478412,1781701525.441180,-2.589731,3.276111,-2.772952,-158.878,time
1781701525.978439,1781701525.945387,-2.589731,3.276111,-2.772956,-158.879,time
1781701526.528404,1781701526.491097,-2.589731,3.276111,-2.772888,-158.875,time
1781701527.028413,1781701526.991152,-2.589731,3.276111,-2.772761,-158.867,time
1781701527.528522,1781701527.491383,-2.589731,3.276111,-2.772636,-158.860,time
1781701528.078389,1781701528.041545,-2.589731,3.276111,-2.772510,-158.853,time
1781701528.628353,1781701528.591318,-2.600043,3.272106,-2.762721,-158.292,time
1781701529.078442,1781701529.041143,-2.619706,3.268440,-2.712846,-155.435,distance
1781701529.428382,1781701529.394234,-2.640888,3.259509,-2.666754,-152.794,distance
1781701529.678395,1781701529.641035,-2.660147,3.249728,-2.636269,-151.047,distance
1781701530.029521,1781701529.991125,-2.680131,3.238306,-2.600792,-149.014,distance
1781701530.278566,1781701530.241087,-2.699699,3.225176,-2.570774,-147.295,distance
1781701530.528892,1781701530.491075,-2.716385,3.214147,-2.538167,-145.426,distance
1781701530.785606,1781701530.741334,-2.734807,3.202183,-2.505588,-143.560,distance
1781701531.178409,1781701531.141196,-2.753581,3.189523,-2.482624,-142.244,distance
1781701531.428403,1781701531.391045,-2.771542,3.175344,-2.457403,-140.799,distance
1781701531.978400,1781701531.940961,-2.782784,3.164054,-2.439134,-139.752,time
1781701532.528341,1781701532.491289,-2.789775,3.158101,-2.429771,-139.216,time
1781701532.779001,1781701532.741098,-2.806303,3.143559,-2.405135,-137.804,distance
1781701533.078466,1781701533.041394,-2.821714,3.126103,-2.379590,-136.340,distance
1781701533.378385,1781701533.341340,-2.836477,3.111775,-2.359002,-135.161,distance
1781701533.679188,1781701533.641145,-2.852054,3.098481,-2.338044,-133.960,distance
1781701533.928476,1781701533.890962,-2.867635,3.081973,-2.311882,-132.461,distance
1781701534.128425,1781701534.091257,-2.880740,3.066582,-2.290400,-131.230,distance
1781701534.528389,1781701534.491077,-2.894315,3.050768,-2.269340,-130.024,distance
1781701534.778361,1781701534.741290,-2.907523,3.034777,-2.248655,-128.838,distance
1781701535.078403,1781701535.041208,-2.919947,3.018581,-2.219274,-127.155,distance
1781701535.328408,1781701535.291796,-2.932910,3.001108,-2.194386,-125.729,distance
1781701535.628395,1781701535.591177,-2.944182,2.983565,-2.174424,-124.585,distance
1781701535.978430,1781701535.940973,-2.956152,2.965857,-2.152866,-123.350,distance
1781701536.328387,1781701536.291094,-2.966068,2.944408,-2.125496,-121.782,distance
1781701536.530194,1781701536.495973,-2.976629,2.927053,-2.104914,-120.603,distance
1781701536.728362,1781701536.704015,-2.987173,2.903547,-2.080523,-119.205,distance
1781701537.128380,1781701537.093424,-2.996759,2.885987,-2.058254,-117.929,distance
1781701537.428477,1781701537.391056,-3.006080,2.867297,-2.036717,-116.695,distance
1781701537.678366,1781701537.645794,-3.015174,2.848655,-2.016081,-115.513,distance
1781701538.178393,1781701538.141039,-3.017405,2.843974,-2.009487,-115.135,time
1781701538.628411,1781701538.591104,-3.029227,2.823598,-1.986818,-113.836,distance
1781701538.878394,1781701538.841109,-3.040678,2.804120,-1.965233,-112.600,distance
1781701539.178226,1781701539.141023,-3.048929,2.783738,-1.942110,-111.275,distance
1781701539.528357,1781701539.491241,-3.055688,2.762906,-1.917801,-109.882,distance
1781701539.778362,1781701539.740960,-3.062570,2.743368,-1.896819,-108.680,distance
1781701540.078645,1781701540.041134,-3.064495,2.721744,-1.874860,-107.422,distance
1781701540.528371,1781701540.493963,-3.071191,2.699515,-1.847297,-105.842,distance
1781701540.778374,1781701540.741021,-3.077702,2.678907,-1.824015,-104.508,distance
1781701541.128451,1781701541.091274,-3.083354,2.656081,-1.797531,-102.991,distance
1781701541.428353,1781701541.391745,-3.087086,2.635767,-1.772730,-101.570,distance
1781701541.728355,1781701541.691795,-3.091243,2.614316,-1.746852,-100.087,distance
1781701541.928346,1781701541.892236,-3.094414,2.592273,-1.726300,-98.910,distance
1781701542.178368,1781701542.141004,-3.097539,2.570758,-1.697871,-97.281,distance
1781701542.378564,1781701542.341115,-3.099943,2.550790,-1.686247,-96.615,distance
1781701542.778439,1781701542.741028,-3.102291,2.528547,-1.663611,-95.318,distance
1781701543.078612,1781701543.041029,-3.104086,2.506918,-1.639471,-93.935,distance
1781701543.328375,1781701543.293607,-3.107297,2.483918,-1.606903,-92.069,distance
1781701543.578389,1781701543.541176,-3.108360,2.456919,-1.572785,-90.114,distance
1781701543.828346,1781701543.791046,-3.108670,2.435111,-1.546161,-88.589,distance
1781701544.328518,1781701544.291084,-3.110562,2.422863,-1.538733,-88.163,time
1781701544.678831,1781701544.641069,-3.109490,2.398500,-1.510818,-86.564,distance
1781701544.928519,1781701544.894397,-3.107745,2.374406,-1.479174,-84.750,distance
1781701545.178711,1781701545.141035,-3.106243,2.353330,-1.446061,-82.853,distance
1781701545.478367,1781701545.441349,-3.103471,2.333364,-1.423481,-81.559,distance
1781701545.828476,1781701545.791070,-3.099920,2.311378,-1.399107,-80.163,distance
1781701546.128547,1781701546.091246,-3.095638,2.288239,-1.371053,-78.556,distance
1781701546.428368,1781701546.393397,-3.087576,2.266018,-1.337863,-76.654,distance
1781701546.728392,1781701546.691026,-3.084033,2.244457,-1.312123,-75.179,distance
1781701547.078428,1781701547.040984,-3.077890,2.222308,-1.283795,-73.556,distance
1781701547.328875,1781701547.291358,-3.067645,2.200210,-1.258171,-72.088,distance
1781701547.578407,1781701547.541034,-3.060630,2.179302,-1.230359,-70.494,distance
1781701547.828451,1781701547.791037,-3.051690,2.157383,-1.209321,-69.289,distance
1781701548.128460,1781701548.091024,-3.044272,2.138373,-1.183965,-67.836,distance
1781701548.478374,1781701548.441025,-3.032400,2.119047,-1.145446,-65.629,distance
1781701548.728397,1781701548.692355,-3.023527,2.100035,-1.115987,-63.941,distance
1781701549.228508,1781701549.191151,-3.013335,2.088880,-1.086785,-62.268,time
1781701549.728606,1781701549.691056,-3.002323,2.068510,-1.058618,-60.654,distance
1781701550.028617,1781701549.997385,-2.988356,2.048345,-1.027298,-58.860,distance
1781701550.278457,1781701550.241205,-2.976369,2.029081,-0.994022,-56.953,distance
1781701550.478408,1781701550.441163,-2.962574,2.010833,-0.958876,-54.940,distance
1781701550.828530,1781701550.791100,-2.948260,1.995524,-0.924154,-52.950,distance
1781701551.178400,1781701551.141063,-2.934572,1.977820,-0.896490,-51.365,distance
1781701551.428360,1781701551.391417,-2.920204,1.962614,-0.864620,-49.539,distance
1781701551.628372,1781701551.592835,-2.906647,1.947080,-0.834245,-47.799,distance
1781701551.928380,1781701551.891033,-2.891553,1.930204,-0.803191,-46.019,distance
1781701552.278492,1781701552.240990,-2.876867,1.915316,-0.777207,-44.531,distance
1781701552.528396,1781701552.491372,-2.862034,1.900194,-0.751220,-43.042,distance
1781701552.778386,1781701552.741150,-2.846750,1.886227,-0.722832,-41.415,distance
1781701553.028373,1781701552.995898,-2.829662,1.873870,-0.687416,-39.386,distance
1781701553.330686,1781701553.291764,-2.809549,1.862502,-0.655963,-37.584,distance
1781701553.878357,1781701553.841033,-2.792307,1.849585,-0.625353,-35.830,distance
1781701554.178450,1781701554.144163,-2.771307,1.836310,-0.588069,-33.694,distance
1781701554.428414,1781701554.392419,-2.749441,1.823374,-0.553049,-31.687,distance
1781701554.728366,1781701554.691204,-2.729912,1.812894,-0.522066,-29.912,distance
1781701555.078369,1781701555.041104,-2.709258,1.803856,-0.486316,-27.864,distance
1781701555.379115,1781701555.341029,-2.686847,1.797680,-0.446636,-25.590,distance
1781701555.628412,1781701555.591641,-2.667535,1.788730,-0.416339,-23.854,distance
1781701556.078594,1781701556.041137,-2.647412,1.779030,-0.374976,-21.485,distance
1781701556.378528,1781701556.342832,-2.624814,1.774096,-0.342248,-19.609,distance
1781701556.628364,1781701556.591202,-2.602382,1.766484,-0.304477,-17.445,distance
1781701556.828462,1781701556.793283,-2.582158,1.762095,-0.270444,-15.495,distance
1781701557.178408,1781701557.141207,-2.561802,1.756032,-0.247731,-14.194,distance
1781701557.528865,1781701557.490997,-2.539305,1.750671,-0.214557,-12.293,distance
1781701558.080624,1781701558.044318,-2.533782,1.748345,-0.191328,-10.962,time
1781701558.628426,1781701558.591353,-2.533782,1.748345,-0.191171,-10.953,time
1781701559.128459,1781701559.094567,-2.533782,1.748345,-0.191085,-10.948,time
1781701559.528419,1781701559.491069,-2.510429,1.744189,-0.153019,-8.767,distance
1781701560.028391,1781701559.990968,-2.488310,1.742146,-0.114585,-6.565,distance
1781701560.228391,1781701560.193563,-2.462779,1.740590,-0.099480,-5.700,distance
1781701560.428429,1781701560.391482,-2.441821,1.738515,-0.097701,-5.598,distance
1781701560.628443,1781701560.591649,-2.421753,1.736568,-0.094884,-5.436,distance
1781701560.928762,1781701560.891053,-2.398971,1.735225,-0.087297,-5.002,distance
1781701561.228390,1781701561.191046,-2.377247,1.733349,-0.084785,-4.858,distance
1781701561.528381,1781701561.491161,-2.355846,1.733602,-0.081696,-4.681,distance
1781701561.828392,1781701561.791324,-2.332697,1.731741,-0.078280,-4.485,distance
1781701562.228514,1781701562.191076,-2.310426,1.731747,-0.072908,-4.177,distance
1781701562.578415,1781701562.541104,-2.287221,1.730091,-0.068929,-3.949,distance
1781701563.028404,1781701562.991216,-2.263748,1.729735,-0.071548,-4.099,distance
1781701563.278362,1781701563.241302,-2.242127,1.728210,-0.068724,-3.938,distance
1781701563.528397,1781701563.491316,-2.218838,1.728714,-0.068342,-3.916,distance
1781701563.834415,1781701563.791038,-2.196703,1.727230,-0.065222,-3.737,distance
1781701564.128486,1781701564.091603,-2.171102,1.725468,-0.061221,-3.508,distance
1781701564.378417,1781701564.341024,-2.148408,1.723965,-0.057325,-3.284,distance
1781701564.678673,1781701564.641341,-2.124242,1.722611,-0.054065,-3.098,distance
1781701564.878379,1781701564.841026,-2.104185,1.723047,-0.050054,-2.868,distance
1781701565.378394,1781701565.341142,-2.100840,1.722879,-0.049444,-2.833,time
1781701565.878407,1781701565.841054,-2.100840,1.722879,-0.049363,-2.828,time
1781701566.278364,1781701566.241121,-2.078979,1.721826,-0.046520,-2.665,distance
1781701566.528371,1781701566.493541,-2.058526,1.720898,-0.043718,-2.505,distance
1781701566.828409,1781701566.791315,-2.036809,1.718757,-0.043512,-2.493,distance
1781701567.078382,1781701567.041032,-2.016284,1.717888,-0.040743,-2.334,distance
1781701567.578423,1781701567.541031,-2.003501,1.719459,-0.041965,-2.404,time
1781701568.078491,1781701568.041424,-2.003501,1.719459,-0.041749,-2.392,time
1781701568.578510,1781701568.540972,-2.003501,1.719459,-0.041603,-2.384,time
1781701569.128481,1781701569.091050,-2.003501,1.719459,-0.041483,-2.377,time
1781701569.628508,1781701569.591030,-2.003501,1.719459,-0.041405,-2.372,time
1781701570.129096,1781701570.091036,-2.003501,1.719459,-0.041308,-2.367,time
1781701570.678405,1781701570.641035,-2.003501,1.719459,-0.041115,-2.356,time
1781701571.178690,1781701571.141038,-2.003501,1.719459,-0.040998,-2.349,time
1781701571.728429,1781701571.693331,-2.003501,1.719459,-0.040941,-2.346,time
1781701572.278381,1781701572.241191,-1.989256,1.718889,-0.038944,-2.231,time
1781701572.578433,1781701572.541135,-1.966803,1.718046,-0.036179,-2.073,distance
1781701572.885640,1781701572.841325,-1.944476,1.717108,-0.038851,-2.226,distance
1781701573.134796,1781701573.091076,-1.921850,1.716258,-0.035686,-2.045,distance
1781701573.378584,1781701573.341082,-1.900146,1.715512,-0.032402,-1.856,distance
1781701573.728459,1781701573.694984,-1.875016,1.713254,-0.032363,-1.854,distance
1781701574.078347,1781701574.041217,-1.853718,1.712462,-0.054332,-3.113,distance
1781701574.478406,1781701574.441082,-1.832057,1.714330,-0.076738,-4.397,distance
1781701574.781404,1781701574.741184,-1.809433,1.713344,-0.113570,-6.507,distance
1781701575.078826,1781701575.041159,-1.786504,1.710444,-0.149936,-8.591,distance
1781701575.428412,1781701575.395504,-1.763836,1.709155,-0.186648,-10.694,distance
1781701575.728343,1781701575.694263,-1.736969,1.706023,-0.218223,-12.503,distance
1781701576.028528,1781701575.991772,-1.713927,1.700566,-0.254508,-14.582,distance
1781701576.328392,1781701576.292157,-1.693745,1.698398,-0.277810,-15.917,distance
1781701576.678423,1781701576.641308,-1.668534,1.692342,-0.308436,-17.672,distance
1781701576.928432,1781701576.893456,-1.645933,1.686835,-0.334552,-19.168,distance
1781701577.178545,1781701577.141137,-1.625901,1.679149,-0.373033,-21.373,distance
1781701577.429445,1781701577.391060,-1.607219,1.670908,-0.412491,-23.634,distance
1781701577.928418,1781701577.890952,-1.588615,1.661658,-0.450084,-25.788,distance
1781701578.179914,1781701578.141151,-1.569031,1.652941,-0.475408,-27.239,distance
1781701578.428420,1781701578.391155,-1.549507,1.642592,-0.508662,-29.144,distance
1781701578.728474,1781701578.691472,-1.529430,1.628816,-0.558612,-32.006,distance
1781701579.028433,1781701578.991054,-1.510691,1.618914,-0.587830,-33.680,distance
1781701579.428453,1781701579.391034,-1.493467,1.607125,-0.617100,-35.357,distance
1781701579.678375,1781701579.641102,-1.475064,1.596564,-0.652692,-37.397,distance
1781701579.928384,1781701579.891423,-1.456614,1.581334,-0.696620,-39.913,distance
1781701580.178382,1781701580.141042,-1.439848,1.566874,-0.732369,-41.962,distance
1781701580.578461,1781701580.541096,-1.425695,1.551296,-0.761282,-43.618,distance
1781701580.978392,1781701580.941055,-1.408919,1.534762,-0.806813,-46.227,distance
1781701581.228363,1781701581.191346,-1.393887,1.520486,-0.839748,-48.114,distance
1781701581.528575,1781701581.491165,-1.377684,1.504148,-0.874369,-50.098,distance
1781701581.928469,1781701581.891144,-1.361988,1.487120,-0.927202,-53.125,distance
1781701582.328345,1781701582.291035,-1.350943,1.468053,-0.982947,-56.319,distance
1781701582.778403,1781701582.741029,-1.341371,1.448356,-1.021072,-58.503,distance
1781701583.078451,1781701583.041246,-1.329941,1.429158,-1.053727,-60.374,distance
1781701583.278398,1781701583.241032,-1.319601,1.410563,-1.086859,-62.272,distance
1781701583.536001,1781701583.491045,-1.305609,1.395162,-1.125789,-64.503,distance
1781701583.878364,1781701583.841033,-1.296629,1.376427,-1.156611,-66.269,distance
1781701584.278379,1781701584.241071,-1.288516,1.357337,-1.187356,-68.030,distance
1781701584.578433,1781701584.541106,-1.280796,1.335226,-1.231149,-70.540,distance
1781701584.778405,1781701584.741024,-1.273829,1.314647,-1.269164,-72.718,distance
1781701585.128416,1781701585.091063,-1.269617,1.293718,-1.312056,-75.175,distance
1781701585.681733,1781701585.641026,-1.265225,1.270999,-1.359143,-77.873,distance
1781701585.978864,1781701585.941009,-1.266950,1.248162,-1.407407,-80.638,distance
1781701586.228359,1781701586.191275,-1.260130,1.226177,-1.441945,-82.617,distance
1781701586.528428,1781701586.491058,-1.257626,1.204617,-1.474931,-84.507,distance
1781701586.831501,1781701586.791162,-1.255038,1.184107,-1.507613,-86.380,distance
1781701587.129638,1781701587.091126,-1.253933,1.161926,-1.540903,-88.287,distance
1781701587.328457,1781701587.291036,-1.250116,1.142048,-1.563837,-89.601,distance
1781701587.628352,1781701587.591052,-1.249511,1.119517,-1.601660,-91.768,distance
1781701587.928445,1781701587.891031,-1.250505,1.096804,-1.634953,-93.676,distance
1781701588.378547,1781701588.341218,-1.247163,1.074439,-1.670626,-95.720,distance
1781701588.628543,1781701588.591172,-1.249693,1.049501,-1.672335,-95.818,distance
1781701588.878411,1781701588.841141,-1.249994,1.027384,-1.663880,-95.333,distance
1781701589.128423,1781701589.091377,-1.251860,1.007325,-1.663243,-95.297,distance
1781701589.378466,1781701589.341098,-1.286109,1.009514,-1.673604,-95.890,distance
1781701589.678364,1781701589.641392,-1.288451,0.986711,-1.672242,-95.812,distance
1781701589.978389,1781701589.941069,-1.290813,0.963387,-1.670826,-95.731,distance
1781701590.281666,1781701590.241033,-1.292528,0.940007,-1.668177,-95.580,distance
1781701590.585093,1781701590.541037,-1.294590,0.918641,-1.665887,-95.448,distance
1781701591.128535,1781701591.104873,-1.298963,0.911689,-1.672463,-95.825,time
1781701591.678366,1781701591.641037,-1.298963,0.911689,-1.672281,-95.815,time
1781701592.178437,1781701592.141026,-1.298963,0.911689,-1.672155,-95.807,time
1781701592.728394,1781701592.691087,-1.298963,0.911689,-1.672157,-95.808,time
1781701593.228413,1781701593.191081,-1.298963,0.911689,-1.671995,-95.798,time
1781701593.728644,1781701593.691027,-1.298963,0.911689,-1.671857,-95.790,time
1781701594.233573,1781701594.191075,-1.298963,0.911689,-1.671731,-95.783,time
1781701594.778399,1781701594.741129,-1.298963,0.911689,-1.671598,-95.776,time
1781701595.278486,1781701595.241058,-1.298963,0.911689,-1.671493,-95.770,time
1781701595.828398,1781701595.801344,-1.299766,0.903725,-1.670937,-95.738,time
1781701596.128408,1781701596.091043,-1.302098,0.880346,-1.669251,-95.641,distance
1781701596.378588,1781701596.341084,-1.303176,0.857901,-1.662175,-95.236,distance
1781701596.728461,1781701596.691087,-1.303651,0.837492,-1.654044,-94.770,distance
1781701597.028389,1781701596.991100,-1.305303,0.816933,-1.646985,-94.365,distance
1781701597.328374,1781701597.291192,-1.305545,0.796775,-1.630267,-93.407,distance
1781701597.628840,1781701597.594255,-1.306926,0.772560,-1.625547,-93.137,distance
1781701597.978412,1781701597.942095,-1.308213,0.749418,-1.622386,-92.956,distance
1781701598.278353,1781701598.241095,-1.309232,0.729066,-1.618942,-92.759,distance
1781701598.634268,1781701598.591297,-1.309083,0.708505,-1.623474,-93.018,distance
1781701598.928597,1781701598.891237,-1.310251,0.685739,-1.620443,-92.845,distance
1781701599.232523,1781701599.190987,-1.311615,0.664072,-1.617644,-92.684,distance
1781701599.528360,1781701599.490976,-1.312659,0.641094,-1.614674,-92.514,distance
1781701599.828417,1781701599.791321,-1.313551,0.620157,-1.611758,-92.347,distance
1781701600.178398,1781701600.143445,-1.315474,0.597796,-1.609005,-92.189,distance
1781701600.478506,1781701600.441366,-1.316295,0.575695,-1.605986,-92.016,distance
1781701600.628839,1781701600.600692,-1.298246,0.554960,-1.603312,-91.863,distance
1781701600.828454,1781701600.791399,-1.288254,0.535066,-1.600999,-91.730,distance
1781701601.128514,1781701601.091394,-1.288932,0.511449,-1.597611,-91.536,distance
1781701601.478481,1781701601.440999,-1.287416,0.490737,-1.589558,-91.075,distance
1781701601.778384,1781701601.741112,-1.287826,0.467411,-1.586528,-90.901,distance
1781701602.078406,1781701602.041171,-1.287895,0.446321,-1.578482,-90.440,distance
1781701602.378357,1781701602.341063,-1.288038,0.424517,-1.575847,-90.289,distance
1781701602.678400,1781701602.641030,-1.288118,0.403688,-1.573049,-90.129,distance
1781701602.778386,1781701602.741160,-1.312319,0.401330,-1.564449,-89.636,distance
1781701603.078355,1781701603.041223,-1.312144,0.378263,-1.561614,-89.474,distance
1781701603.328361,1781701603.291031,-1.311932,0.357768,-1.558900,-89.318,distance
1781701603.578372,1781701603.541027,-1.314099,0.336573,-1.559445,-89.350,distance
1781701603.878365,1781701603.841068,-1.313874,0.312986,-1.563991,-89.610,distance
1781701604.128348,1781701604.095429,-1.282794,0.305754,-1.583091,-90.704,distance
1781701604.433638,1781701604.391027,-1.283098,0.284362,-1.587707,-90.969,distance
1781701604.728365,1781701604.691256,-1.283501,0.262890,-1.592196,-91.226,distance
1781701604.833612,1781701604.791238,-1.306881,0.244231,-1.576937,-90.352,distance
1781701605.378357,1781701605.341038,-1.306915,0.239073,-1.578031,-90.415,time
1781701605.778383,1781701605.741063,-1.307089,0.216473,-1.578659,-90.450,distance
1781701606.028428,1781701605.991081,-1.307246,0.196036,-1.578199,-90.424,distance
1781701606.078390,1781701606.040985,-1.286799,0.200456,-1.589163,-91.052,distance
1781701606.381319,1781701606.341062,-1.284866,0.176083,-1.589482,-91.071,distance
1781701606.628488,1781701606.591542,-1.285250,0.155152,-1.588852,-91.035,distance
1781701606.728343,1781701606.691055,-1.308883,0.146936,-1.581600,-90.619,distance
1781701607.028433,1781701606.991025,-1.309109,0.125009,-1.580574,-90.560,distance
1781701607.329582,1781701607.291244,-1.309323,0.101904,-1.579300,-90.487,distance
1781701607.628385,1781701607.591655,-1.307176,0.080464,-1.578812,-90.459,distance
1781701607.928482,1781701607.891035,-1.307344,0.057758,-1.577197,-90.367,distance
1781701608.278390,1781701608.241105,-1.306467,0.034340,-1.577360,-90.376,distance
1781701608.828438,1781701608.791152,-1.306541,0.022582,-1.576218,-90.311,time
1781701609.328427,1781701609.291323,-1.306649,0.000432,-1.574774,-90.228,distance
1781701609.428407,1781701609.393387,-1.285964,-0.005625,-1.580493,-90.556,distance
1781701609.928453,1781701609.891061,-1.285891,-0.007973,-1.579664,-90.508,time
1781701610.478371,1781701610.441658,-1.285891,-0.007973,-1.579521,-90.500,time
1781701610.978462,1781701610.941051,-1.285891,-0.007973,-1.579410,-90.494,time
1781701611.528372,1781701611.491112,-1.285891,-0.007973,-1.579339,-90.489,time
1781701612.028455,1781701611.991018,-1.285891,-0.007973,-1.579186,-90.481,time
1781701612.578420,1781701612.541029,-1.285891,-0.007973,-1.579037,-90.472,time
1781701613.078455,1781701613.041086,-1.285891,-0.007973,-1.578939,-90.467,time
1781701613.582361,1781701613.541038,-1.285891,-0.007973,-1.578846,-90.461,time
1781701614.128341,1781701614.091067,-1.285891,-0.007973,-1.578741,-90.455,time
1781701614.628412,1781701614.591050,-1.285891,-0.007973,-1.578605,-90.447,time
1781701615.128429,1781701615.095457,-1.285891,-0.007973,-1.578459,-90.439,time
1781701615.628594,1781701615.590961,-1.285891,-0.007973,-1.578388,-90.435,time
1781701616.133178,1781701616.091041,-1.286050,-0.031025,-1.576632,-90.334,distance
1781701616.328395,1781701616.291497,-1.286160,-0.051905,-1.575332,-90.260,distance
1781701616.428460,1781701616.391176,-1.304812,-0.061819,-1.559697,-89.364,distance
1781701616.678501,1781701616.641214,-1.305463,-0.085793,-1.556760,-89.196,distance
1781701616.928363,1781701616.891010,-1.306342,-0.109161,-1.556051,-89.155,distance
1781701617.328431,1781701617.290986,-1.307512,-0.131309,-1.544133,-88.472,distance
1781701617.628457,1781701617.591038,-1.306643,-0.151457,-1.502564,-86.091,distance
1781701617.978489,1781701617.941092,-1.304615,-0.173390,-1.460258,-83.667,distance
1781701618.378365,1781701618.341168,-1.301205,-0.193606,-1.430025,-81.934,distance
1781701618.878378,1781701618.841261,-1.300180,-0.200671,-1.416113,-81.137,time
1781701619.428342,1781701619.391265,-1.300180,-0.200671,-1.415970,-81.129,time
1781701619.928534,1781701619.890974,-1.300180,-0.200671,-1.415839,-81.122,time
1781701620.478425,1781701620.444140,-1.300180,-0.200671,-1.415659,-81.111,time
1781701620.978790,1781701620.940989,-1.300180,-0.200671,-1.415612,-81.109,time
1781701621.278406,1781701621.242120,-1.269749,-0.216245,-1.386288,-79.428,distance
1781701621.478444,1781701621.441325,-1.265576,-0.237055,-1.347903,-77.229,distance
1781701621.828365,1781701621.791164,-1.261581,-0.257887,-1.318667,-75.554,distance
1781701622.185713,1781701622.141031,-1.256151,-0.278683,-1.269552,-72.740,distance
1781701622.489597,1781701622.441066,-1.245909,-0.300019,-1.220689,-69.940,distance
1781701622.728385,1781701622.691055,-1.239125,-0.320197,-1.176490,-67.408,distance
1781701623.028758,1781701622.997134,-1.231111,-0.338989,-1.142179,-65.442,distance
1781701623.328350,1781701623.291448,-1.224955,-0.358713,-1.105850,-63.361,distance
1781701623.578396,1781701623.541077,-1.216502,-0.378030,-1.068918,-61.245,distance
1781701623.828371,1781701623.791003,-1.205062,-0.398067,-1.024098,-58.676,distance
1781701624.028500,1781701623.991155,-1.195485,-0.416743,-1.003559,-57.500,distance
1781701624.478362,1781701624.441088,-1.184836,-0.433905,-0.974242,-55.820,distance
1781701624.782744,1781701624.740969,-1.171638,-0.452740,-0.935670,-53.610,distance
1781701625.078362,1781701625.041039,-1.156030,-0.470489,-0.878099,-50.311,distance
1781701625.228452,1781701625.191143,-1.144778,-0.489489,-0.848722,-48.628,distance
1781701625.678355,1781701625.641048,-1.126850,-0.501866,-0.810888,-46.460,distance
1781701625.978374,1781701625.941034,-1.112427,-0.516650,-0.777185,-44.529,distance
1781701626.278220,1781701626.240971,-1.099244,-0.535292,-0.728243,-41.725,distance
1781701626.478295,1781701626.441013,-1.085192,-0.550324,-0.686359,-39.325,distance
1781701626.778435,1781701626.741075,-1.066882,-0.562369,-0.657994,-37.700,distance
1781701627.178391,1781701627.140981,-1.048005,-0.576452,-0.619061,-35.470,distance
1781701627.478365,1781701627.441081,-1.028790,-0.585238,-0.576764,-33.046,distance
1781701627.728379,1781701627.691242,-1.012980,-0.598047,-0.534801,-30.642,distance
1781701627.978361,1781701627.941466,-0.990927,-0.608019,-0.498237,-28.547,distance
1781701628.478384,1781701628.441413,-0.978310,-0.614615,-0.473510,-27.130,time
1781701628.828428,1781701628.791414,-0.958785,-0.624068,-0.421300,-24.139,distance
1781701629.078378,1781701629.041028,-0.939239,-0.631022,-0.378704,-21.698,distance
1781701629.378339,1781701629.344522,-0.919894,-0.636267,-0.338873,-19.416,distance
1781701629.737760,1781701629.691040,-0.899130,-0.643232,-0.301207,-17.258,distance
1781701630.078451,1781701630.041235,-0.878805,-0.648065,-0.255301,-14.628,distance
1781701630.328350,1781701630.291208,-0.855549,-0.655231,-0.210702,-12.072,distance
1781701630.578479,1781701630.541037,-0.821790,-0.636831,-0.177533,-10.172,distance
1781701630.978521,1781701630.941118,-0.798792,-0.639267,-0.142724,-8.177,distance
1781701631.178391,1781701631.141034,-0.798903,-0.662374,-0.112295,-6.434,distance
1781701631.428425,1781701631.393293,-0.776028,-0.664564,-0.066674,-3.820,distance
1781701631.678442,1781701631.641221,-0.755537,-0.665013,-0.018979,-1.087,distance
1781701631.828416,1781701631.791455,-0.722063,-0.641559,-0.001025,-0.059,distance
1781701632.328512,1781701632.291737,-0.718434,-0.641564,0.007692,0.441,time
1781701632.778623,1781701632.745166,-0.694027,-0.639926,0.046400,2.659,distance
1781701633.328562,1781701633.291657,-0.684488,-0.638478,0.065722,3.766,time
1781701633.878442,1781701633.851131,-0.684488,-0.638478,0.065881,3.775,time
1781701634.278390,1781701634.241032,-0.662782,-0.636746,0.104359,5.979,distance
1781701634.478386,1781701634.441137,-0.640328,-0.632826,0.144748,8.293,distance
1781701634.728467,1781701634.691238,-0.616553,-0.632412,0.170682,9.779,distance
1781701634.978528,1781701634.941407,-0.596563,-0.628934,0.173957,9.967,distance
1781701635.378586,1781701635.341036,-0.574111,-0.623385,0.177179,10.152,distance
1781701635.578591,1781701635.541403,-0.554302,-0.619813,0.180433,10.338,distance
1781701635.828367,1781701635.793254,-0.532225,-0.615782,0.170291,9.757,distance
1781701636.328430,1781701636.291275,-0.520731,-0.609593,0.133351,7.640,time
1781701636.778419,1781701636.741034,-0.500005,-0.604944,0.096248,5.515,distance
1781701637.078431,1781701637.041324,-0.477568,-0.603070,0.062315,3.570,distance
1781701637.378922,1781701637.349335,-0.458006,-0.597460,0.044509,2.550,distance
1781701637.628417,1781701637.591880,-0.433418,-0.601122,0.025305,1.450,distance
1781701637.878419,1781701637.840969,-0.412906,-0.600768,0.026010,1.490,distance
1781701638.178410,1781701638.141141,-0.388819,-0.600128,0.027606,1.582,distance
1781701638.528428,1781701638.492299,-0.366023,-0.599532,0.024347,1.395,distance
1781701638.828520,1781701638.791304,-0.343407,-0.598966,0.025776,1.477,distance
1781701639.178493,1781701639.141006,-0.319878,-0.600552,0.023627,1.354,distance
1781701639.428426,1781701639.391071,-0.299013,-0.600049,0.024946,1.429,distance
1781701639.828413,1781701639.791065,-0.275890,-0.596772,0.011815,0.677,distance
1781701640.328583,1781701640.291399,-0.256957,-0.596796,-0.017513,-1.003,time
1781701640.528666,1781701640.491012,-0.237650,-0.590838,-0.016482,-0.944,distance
1781701640.678397,1781701640.641433,-0.218379,-0.583188,-0.008199,-0.470,distance
1781701641.128536,1781701641.091051,-0.197681,-0.583347,-0.007067,-0.405,distance
1781701641.328372,1781701641.291289,-0.177650,-0.583486,-0.006377,-0.365,distance
1781701641.678385,1781701641.641382,-0.154267,-0.580942,-0.002835,-0.162,distance
1781701641.978404,1781701641.941461,-0.131792,-0.585620,0.000957,0.055,distance
1781701642.289612,1781701642.241030,-0.108547,-0.585585,0.002171,0.124,distance
1781701642.578402,1781701642.541024,-0.087519,-0.585529,0.003338,0.191,distance
1781701643.028340,1781701642.991176,-0.065592,-0.588218,0.006702,0.384,distance
1781701643.328389,1781701643.290966,-0.042358,-0.588051,0.008016,0.459,distance
1781701643.578386,1781701643.541477,-0.022353,-0.586249,0.010307,0.591,distance
1781701643.878521,1781701643.842723,0.001159,-0.585993,0.011566,0.663,distance
1781701644.128527,1781701644.091388,0.021899,-0.586189,0.013805,0.791,distance
1781701644.678366,1781701644.640976,0.031052,-0.586060,0.014473,0.829,time
1781701644.978445,1781701644.941016,0.052418,-0.585737,0.016002,0.917,distance
1781701645.328614,1781701645.291178,0.076743,-0.584513,0.011523,0.660,distance
1781701645.578445,1781701645.541082,0.101047,-0.584221,0.012787,0.733,distance
1781701645.828400,1781701645.790998,0.122635,-0.583684,0.019874,1.139,distance
1781701646.178365,1781701646.141967,0.144617,-0.583231,0.021876,1.253,distance
1781701646.678367,1781701646.643299,0.149513,-0.583123,0.022290,1.277,time
1781701646.978360,1781701646.941051,0.172411,-0.585512,0.014761,0.846,distance
1781701647.228368,1781701647.191171,0.193859,-0.585178,0.016817,0.964,distance
1781701647.728639,1781701647.692183,0.212628,-0.588095,0.005706,0.327,time
1781701648.178462,1781701648.141043,0.233031,-0.587963,0.007302,0.418,distance
1781701648.428497,1781701648.397249,0.255016,-0.587788,0.008996,0.515,distance
1781701648.728472,1781701648.691348,0.278862,-0.588301,0.008162,0.468,distance
1781701648.978446,1781701648.941977,0.299833,-0.588121,0.009329,0.534,distance
1781701649.278390,1781701649.241036,0.323266,-0.587535,0.010942,0.627,distance
1781701649.628371,1781701649.596417,0.346597,-0.587274,0.008940,0.512,distance
1781701650.078381,1781701650.041020,0.367871,-0.587504,0.002668,0.153,distance
1781701650.328412,1781701650.294389,0.389834,-0.587514,-0.005649,-0.324,distance
1781701650.578481,1781701650.541081,0.411977,-0.587706,-0.013711,-0.786,distance
1781701650.878530,1781701650.841076,0.433275,-0.590185,-0.019221,-1.101,distance
1781701651.228389,1781701651.191066,0.455719,-0.590693,-0.027426,-1.571,distance
1781701651.478356,1781701651.441044,0.476847,-0.590125,-0.030538,-1.750,distance
1781701652.028406,1781701651.995429,0.491050,-0.590520,-0.035210,-2.017,time
1781701652.329590,1781701652.290960,0.515313,-0.591372,-0.034576,-1.981,distance
1781701652.578360,1781701652.540976,0.537310,-0.590541,-0.033256,-1.905,distance
1781701652.878366,1781701652.841402,0.558878,-0.591245,-0.031801,-1.822,distance
1781701653.128403,1781701653.094012,0.579421,-0.591413,-0.027692,-1.587,distance
1781701653.428522,1781701653.391010,0.601753,-0.592016,-0.026173,-1.500,distance
1781701653.728340,1781701653.692931,0.624076,-0.592581,-0.024231,-1.388,distance
1781701654.028344,1781701653.991381,0.645159,-0.592571,-0.029088,-1.667,distance
1781701654.328332,1781701654.291469,0.666515,-0.593183,-0.028032,-1.606,distance
1781701654.578388,1781701654.543362,0.689821,-0.595913,-0.025916,-1.485,distance
1781701654.878406,1781701654.840979,0.713282,-0.596503,-0.023978,-1.374,distance
1781701655.178351,1781701655.140964,0.736180,-0.597031,-0.021551,-1.235,distance
1781701655.378431,1781701655.340969,0.756527,-0.591804,-0.019382,-1.111,distance
1781701655.728441,1781701655.691006,0.780498,-0.592240,-0.016830,-0.964,distance
1781701655.978704,1781701655.941257,0.802346,-0.589303,-0.003449,-0.198,distance
1781701656.278413,1781701656.240993,0.824571,-0.589357,-0.001195,-0.068,distance
1781701656.528405,1781701656.491566,0.844695,-0.589366,0.000558,0.032,distance
1781701656.828991,1781701656.791302,0.866066,-0.588677,-0.000485,-0.028,distance
1781701657.128870,1781701657.091091,0.887460,-0.588669,0.001526,0.087,distance
1781701657.378430,1781701657.341066,0.907845,-0.589933,-0.003551,-0.203,distance
1781701657.678406,1781701657.641494,0.931660,-0.590119,-0.002255,-0.129,distance
1781701657.978440,1781701657.941756,0.954261,-0.590151,-0.000057,-0.003,distance
1781701658.378365,1781701658.341556,0.975456,-0.590887,0.000554,0.032,distance
1781701658.678479,1781701658.640959,0.996674,-0.590860,0.002276,0.130,distance
1781701659.228822,1781701659.191039,1.011745,-0.585236,0.002244,0.129,time
1781701659.778426,1781701659.741033,1.011767,-0.585236,0.002593,0.149,time
1781701660.328407,1781701660.291022,1.011767,-0.585236,0.002726,0.156,time
1781701660.878476,1781701660.841044,1.011767,-0.585236,0.002970,0.170,time
1781701661.428441,1781701661.391066,1.011767,-0.585236,0.003150,0.181,time
1781701661.929312,1781701661.891102,1.011767,-0.585236,0.003296,0.189,time
1781701662.478406,1781701662.440999,1.011767,-0.585236,0.003416,0.196,time
1781701662.978509,1781701662.950388,1.011767,-0.585236,0.003560,0.204,time
1781701663.493545,1781701663.441028,1.011767,-0.585236,0.003723,0.213,time
1781701664.028419,1781701663.991120,1.011767,-0.585236,0.003867,0.222,time
1781701664.578408,1781701664.541279,1.030557,-0.585228,-0.014594,-0.836,time
1781701664.837445,1781701664.790953,1.051556,-0.585824,-0.050985,-2.921,distance
1781701665.078344,1781701665.040973,1.071527,-0.583935,-0.076604,-4.389,distance
1781701665.428449,1781701665.391096,1.091992,-0.587649,-0.113899,-6.526,distance
1781701665.728409,1781701665.691519,1.114807,-0.590591,-0.151066,-8.655,distance
1781701666.029631,1781701665.991327,1.137377,-0.594547,-0.191395,-10.966,distance
1781701666.329174,1781701666.290971,1.157643,-0.594963,-0.219792,-12.593,distance
1781701666.728343,1781701666.691391,1.179419,-0.600104,-0.250333,-14.343,distance
1781701667.028417,1781701666.991452,1.201901,-0.604407,-0.287900,-16.495,distance
1781701667.228337,1781701667.191442,1.222920,-0.610938,-0.325578,-18.654,distance
1781701667.478412,1781701667.441395,1.244685,-0.616113,-0.363967,-20.854,distance
1781701667.879004,1781701667.841025,1.267124,-0.617911,-0.391735,-22.445,distance
1781701668.278381,1781701668.241039,1.288221,-0.621848,-0.427330,-24.484,distance
1781701668.478439,1781701668.441132,1.307001,-0.630674,-0.461639,-26.450,distance
1781701668.728391,1781701668.691226,1.328903,-0.637977,-0.500829,-28.695,distance
1781701668.978333,1781701668.941029,1.349286,-0.648185,-0.535306,-30.671,distance
1781701669.328349,1781701669.292232,1.367707,-0.659421,-0.566042,-32.432,distance
1781701669.628412,1781701669.591460,1.386700,-0.672379,-0.603240,-34.563,distance
1781701669.928435,1781701669.891874,1.404944,-0.685294,-0.635602,-36.417,distance
1781701670.328435,1781701670.291035,1.421498,-0.702820,-0.686262,-39.320,distance
1781701670.641699,1781701670.591114,1.437713,-0.717621,-0.724595,-41.516,distance
1781701670.928411,1781701670.891268,1.454760,-0.733461,-0.769841,-44.109,distance
1781701671.431071,1781701671.391290,1.461328,-0.739879,-0.784615,-44.955,time
1781701671.828569,1781701671.791376,1.474612,-0.757516,-0.810283,-46.426,distance
1781701672.378402,1781701672.341138,1.482632,-0.766045,-0.825414,-47.293,time
1781701672.628444,1781701672.591048,1.500365,-0.785581,-0.827398,-47.406,distance
1781701672.828399,1781701672.791176,1.515527,-0.801661,-0.789836,-45.254,distance
1781701673.328391,1781701673.291111,1.529956,-0.818376,-0.708033,-40.567,distance
1781701673.628361,1781701673.595064,1.544631,-0.834123,-0.675963,-38.730,distance
1781701674.131725,1781701674.091278,1.563248,-0.848804,-0.632007,-36.211,distance
1781701674.378355,1781701674.341366,1.580616,-0.861202,-0.597842,-34.254,distance
1781701674.633720,1781701674.591281,1.602638,-0.871802,-0.550606,-31.547,distance
1781701674.828397,1781701674.790976,1.621361,-0.889800,-0.516020,-29.566,distance
1781701675.028414,1781701674.991419,1.635075,-0.906036,-0.495031,-28.363,distance
1781701675.528657,1781701675.491178,1.654294,-0.903018,-0.441959,-25.322,time
1781701675.728374,1781701675.695163,1.674943,-0.897806,-0.420940,-24.118,distance
1781701675.978407,1781701675.941120,1.696503,-0.907052,-0.378735,-21.700,distance
1781701676.078394,1781701676.041020,1.704477,-0.938284,-0.361106,-20.690,distance
1781701676.428372,1781701676.391173,1.724241,-0.947419,-0.325499,-18.650,distance
1781701676.778426,1781701676.741170,1.747317,-0.954714,-0.283937,-16.268,distance
1781701676.978565,1781701676.941153,1.757394,-0.931536,-0.259216,-14.852,distance
1781701677.228366,1781701677.190961,1.780393,-0.935601,-0.218486,-12.518,distance
1781701677.578407,1781701677.549374,1.802173,-0.937701,-0.185697,-10.640,distance
1781701677.678410,1781701677.641119,1.801112,-0.966816,-0.174523,-9.999,distance
1781701677.978725,1781701677.941108,1.822855,-0.970314,-0.136793,-7.838,distance
1781701678.228362,1781701678.191399,1.844878,-0.971016,-0.094338,-5.405,distance
1781701678.428390,1781701678.391086,1.864267,-0.952283,-0.055669,-3.190,distance
1781701678.478395,1781701678.441023,1.868806,-0.927658,-0.047341,-2.712,distance
1781701678.928442,1781701678.897354,1.891616,-0.928575,-0.014789,-0.847,distance
1781701679.228381,1781701679.191461,1.915080,-0.928547,0.024916,1.428,distance
1781701679.432780,1781701679.391011,1.935408,-0.929464,0.059099,3.386,distance
1781701679.678408,1781701679.641095,1.956440,-0.935449,0.113782,6.519,distance
1781701680.028444,1781701679.991402,1.977205,-0.932801,0.153187,8.777,distance
1781701680.378397,1781701680.341033,2.000367,-0.928880,0.190918,10.939,distance
1781701680.628405,1781701680.591273,2.021580,-0.929987,0.229849,13.169,distance
1781701680.878357,1781701680.841037,2.044690,-0.924147,0.276344,15.833,distance
1781701681.130506,1781701681.091299,2.062393,-0.913981,0.308092,17.652,distance
1781701681.528344,1781701681.491197,2.081500,-0.904436,0.345986,19.824,distance
1781701681.778886,1781701681.741034,2.102506,-0.902662,0.375887,21.537,distance
1781701682.028406,1781701681.991295,2.122170,-0.895300,0.412163,23.615,distance
1781701682.378521,1781701682.341013,2.139975,-0.884286,0.456072,26.131,distance
1781701682.778418,1781701682.740983,2.160154,-0.874799,0.499380,28.612,distance
1781701683.028363,1781701682.993239,2.175263,-0.858816,0.535412,30.677,distance
1781701683.278431,1781701683.241070,2.195175,-0.846458,0.582329,33.365,distance
1781701683.628413,1781701683.590986,2.213646,-0.835343,0.623060,35.699,distance
1781701684.028463,1781701683.991030,2.231787,-0.819855,0.665558,38.134,distance
1781701684.278417,1781701684.241046,2.253689,-0.796866,0.713602,40.886,distance
1781701684.528357,1781701684.491241,2.271675,-0.780231,0.764620,43.809,distance
1781701684.928377,1781701684.891190,2.286068,-0.764823,0.803446,46.034,distance
1781701685.278428,1781701685.241320,2.300815,-0.749115,0.837497,47.985,distance
1781701685.528486,1781701685.491061,2.314097,-0.731300,0.878822,50.353,distance
1781701685.778477,1781701685.741101,2.328531,-0.713293,0.922627,52.863,distance
1781701686.028476,1781701685.990979,2.343611,-0.695305,0.961904,55.113,distance
1781701686.328449,1781701686.291228,2.359249,-0.676858,1.002983,57.467,distance
1781701686.578480,1781701686.541052,2.372300,-0.658924,1.037472,59.443,distance
1781701686.829930,1781701686.791352,2.383275,-0.639698,1.077194,61.719,distance
1781701686.878365,1781701686.841161,2.366516,-0.627737,1.074831,61.583,distance
1781701687.328602,1781701687.291096,2.374241,-0.607397,1.121598,64.263,distance
1781701687.678490,1781701687.641188,2.383760,-0.586835,1.159670,66.444,distance
1781701687.878441,1781701687.843299,2.394853,-0.567043,1.187248,68.024,distance
1781701688.128429,1781701688.091050,2.402048,-0.542824,1.231718,70.572,distance
1781701688.378396,1781701688.341304,2.406110,-0.521935,1.267050,72.597,distance
1781701688.628409,1781701688.591365,2.413486,-0.501217,1.287319,73.758,distance
1781701688.928364,1781701688.891309,2.418910,-0.481606,1.322605,75.780,distance
1781701689.178902,1781701689.141211,2.423650,-0.457834,1.368257,78.395,distance
1781701689.429793,1781701689.391037,2.423339,-0.435417,1.418105,81.251,distance
1781701689.828497,1781701689.791073,2.426363,-0.415189,1.457194,83.491,distance
1781701690.178360,1781701690.141077,2.424461,-0.393761,1.496583,85.748,distance
1781701690.431640,1781701690.391161,2.425722,-0.372771,1.535721,87.990,distance
1781701690.728463,1781701690.691078,2.422759,-0.351094,1.603782,91.890,distance
1781701691.128354,1781701691.091187,2.416904,-0.331153,1.639722,93.949,distance
1781701691.528456,1781701691.491021,2.412926,-0.308597,1.674276,95.929,distance
1781701691.928390,1781701691.891192,2.399433,-0.290592,1.742593,99.843,distance
1781701692.078391,1781701692.042746,2.402770,-0.265926,1.781312,102.062,distance
1781701692.528455,1781701692.491860,2.396293,-0.246017,1.825129,104.572,distance
1781701692.828437,1781701692.791011,2.389845,-0.222778,1.866185,106.925,distance
1781701693.228450,1781701693.191290,2.380678,-0.204491,1.916647,109.816,distance
1781701693.628476,1781701693.591418,2.368302,-0.185687,1.957813,112.174,distance
1781701693.728405,1781701693.691029,2.360086,-0.159654,1.985978,113.788,distance
1781701693.978354,1781701693.941033,2.350856,-0.139216,2.026832,116.129,distance
1781701694.228358,1781701694.191775,2.338084,-0.120560,2.065956,118.371,distance
1781701694.578327,1781701694.542577,2.328306,-0.103080,2.102833,120.483,distance
1781701694.928391,1781701694.891019,2.317902,-0.085912,2.134410,122.293,distance
1781701695.328577,1781701695.295529,2.303326,-0.067007,2.183435,125.102,distance
1781701695.528890,1781701695.491556,2.292765,-0.048225,2.227798,127.643,distance
1781701695.828373,1781701695.791388,2.282408,-0.028987,2.255907,129.254,distance
1781701696.228366,1781701696.191219,2.265284,-0.014490,2.292271,131.337,distance
1781701696.478343,1781701696.441029,2.251044,0.001291,2.326907,133.322,distance
1781701696.678610,1781701696.644143,2.233506,0.011303,2.368657,135.714,distance
1781701696.878417,1781701696.841386,2.210866,0.022996,2.415380,138.391,distance
1781701697.128399,1781701697.092073,2.190879,0.029196,2.445555,140.120,distance
1781701697.478407,1781701697.441116,2.172770,0.041923,2.482728,142.250,distance
1781701697.778470,1781701697.741477,2.152835,0.056867,2.522862,144.549,distance
1781701698.028417,1781701697.991153,2.135601,0.067593,2.564843,146.955,distance
1781701698.278397,1781701698.241126,2.116840,0.074947,2.606835,149.361,distance
1781701698.678348,1781701698.640985,2.095480,0.080136,2.650450,151.860,distance
1781701698.978350,1781701698.941084,2.075578,0.086249,2.690560,154.158,distance
1781701699.228588,1781701699.191178,2.055510,0.095604,2.728660,156.341,distance
1781701699.528362,1781701699.491030,2.036150,0.103090,2.758333,158.041,distance
1781701700.028594,1781701699.991240,2.023429,0.111225,2.813261,161.188,time
1781701700.278400,1781701700.241064,2.002739,0.113524,2.856500,163.665,distance
1781701700.578376,1781701700.541018,1.980972,0.119257,2.895307,165.889,distance
1781701700.928382,1781701700.891158,1.961342,0.123919,2.926105,167.653,distance
1781701701.228544,1781701701.190996,1.938137,0.128690,2.963945,169.822,distance
1781701701.428346,1781701701.391140,1.918203,0.124986,3.000279,171.903,distance
1781701701.678377,1781701701.641072,1.891424,0.128938,3.046431,174.548,distance
1781701701.978410,1781701701.941031,1.870005,0.131655,3.077202,176.311,distance
1781701702.428469,1781701702.391057,1.847140,0.129783,3.120077,178.767,distance
1781701702.828675,1781701702.791356,1.822311,0.123226,-3.096220,-177.400,distance
1781701703.128596,1781701703.091140,1.802037,0.118074,-3.085980,-176.814,distance
1781701703.478387,1781701703.441264,1.779582,0.116795,-3.083088,-176.648,distance
1781701703.728525,1781701703.691067,1.757641,0.117421,-3.079639,-176.450,distance
1781701703.978380,1781701703.945474,1.737500,0.116149,-3.076906,-176.294,distance
1781701704.278423,1781701704.241236,1.713817,0.113390,-3.070864,-175.948,distance
1781701704.530045,1781701704.496316,1.693132,0.110403,-3.065110,-175.618,distance
1781701704.878391,1781701704.841254,1.669831,0.108585,-3.062236,-175.453,distance
1781701705.428415,1781701705.392141,1.661567,0.108564,-3.052234,-174.880,time
1781701705.928455,1781701705.891076,1.661567,0.108564,-3.052182,-174.877,time
1781701706.478795,1781701706.441042,1.661567,0.108564,-3.052123,-174.874,time
1781701707.028486,1781701706.991187,1.661567,0.108564,-3.051968,-174.865,time
1781701707.578375,1781701707.541030,1.661567,0.108564,-3.051822,-174.857,time
1781701708.128217,1781701708.091060,1.661567,0.108564,-3.051681,-174.848,time
1781701708.628499,1781701708.593394,1.661567,0.108564,-3.051549,-174.841,time
1781701709.178528,1781701709.141154,1.661567,0.108564,-3.051379,-174.831,time
1781701709.728399,1781701709.691203,1.661567,0.108564,-3.051267,-174.825,time
1781701710.178401,1781701710.141506,1.640592,0.106648,-3.049278,-174.711,distance
1781701710.428436,1781701710.392767,1.617394,0.104470,-3.046019,-174.524,distance
1781701710.678380,1781701710.641009,1.597494,0.101530,-3.051375,-174.831,distance
1781701710.928429,1781701710.891446,1.576732,0.099585,-3.049277,-174.711,distance
1781701711.229734,1781701711.191028,1.555027,0.097554,-3.047043,-174.583,distance
1781701711.628462,1781701711.591029,1.535919,0.090073,-3.039297,-174.139,distance
1781701711.928616,1781701711.891096,1.514796,0.087891,-3.037583,-174.041,distance
1781701712.228390,1781701712.191091,1.492729,0.088606,-3.033247,-173.792,distance
1781701712.528481,1781701712.491011,1.470984,0.086228,-3.031918,-173.716,distance
1781701712.828557,1781701712.791579,1.448111,0.085451,-3.035033,-173.895,distance
1781701713.128367,1781701713.091036,1.425677,0.083116,-3.033791,-173.823,distance
1781701713.428422,1781701713.394652,1.402351,0.080572,-3.031814,-173.710,distance
1781701713.681805,1781701713.641076,1.382334,0.079673,-3.027830,-173.482,distance
1781701714.078423,1781701714.041145,1.360495,0.077205,-3.031424,-173.688,distance
1781701714.328353,1781701714.294051,1.337976,0.074754,-3.035847,-173.941,distance
1781701714.628392,1781701714.591147,1.316740,0.070742,-3.039181,-174.132,distance
1781701714.929212,1781701714.891219,1.293725,0.068405,-3.040719,-174.220,distance
1781701715.178935,1781701715.141052,1.272366,0.064079,-3.038432,-174.089,distance
1781701715.478363,1781701715.441579,1.251295,0.061883,-3.036996,-174.007,distance
1781701715.778443,1781701715.741180,1.228401,0.056828,-3.033753,-173.821,distance
1781701716.028361,1781701715.991028,1.207513,0.051322,-3.030015,-173.607,distance
1781701716.328457,1781701716.291047,1.184741,0.048754,-3.027809,-173.481,distance
1781701716.628331,1781701716.591095,1.161162,0.049102,-3.028327,-173.510,distance
1781701716.928393,1781701716.891224,1.138488,0.046503,-3.026452,-173.403,distance
1781701717.228385,1781701717.191053,1.113606,0.046168,-3.023279,-173.221,distance
1781701717.528493,1781701717.491023,1.090280,0.043663,-3.021029,-173.092,distance
1781701717.828464,1781701717.791161,1.066539,0.040764,-3.019355,-172.996,distance
1781701718.128680,1781701718.091061,1.045124,0.039360,-3.019535,-173.007,distance
1781701718.478396,1781701718.441288,1.023166,0.036653,-3.017988,-172.918,distance
1781701718.828392,1781701718.791045,1.001243,0.034190,-3.021179,-173.101,distance
1781701719.078351,1781701719.041034,0.981086,0.031780,-3.024659,-173.300,distance
1781701719.478365,1781701719.441142,0.959890,0.028849,-3.028252,-173.506,distance
1781701719.778627,1781701719.741124,0.938113,0.026405,-3.032475,-173.748,distance
1781701720.079884,1781701720.041291,0.914291,0.023841,-3.037020,-174.008,distance
1781701720.328466,1781701720.291370,0.892040,0.022851,-3.040201,-174.191,distance
1781701720.628364,1781701720.591095,0.869244,0.020568,-3.044440,-174.434,distance
1781701720.980175,1781701720.941260,0.848886,0.020036,-3.051099,-174.815,distance
1781701721.278623,1781701721.241308,0.827759,0.018154,-3.055086,-175.044,distance
1781701721.578355,1781701721.541033,0.801559,0.014690,-3.059376,-175.289,distance
1781701721.878413,1781701721.841030,0.778343,0.012746,-3.063307,-175.515,distance
1781701722.178388,1781701722.141114,0.756521,0.011069,-3.067195,-175.737,distance
1781701722.478398,1781701722.441040,0.733941,0.009704,-3.067770,-175.770,distance
1781701722.778373,1781701722.741250,0.713244,0.008195,-3.068816,-175.830,distance
1781701723.178403,1781701723.141057,0.691765,0.005465,-3.073153,-176.079,distance
1781701723.478502,1781701723.441213,0.667451,0.003789,-3.072506,-176.042,distance
1781701723.728352,1781701723.692709,0.645111,0.002237,-3.071691,-175.995,distance
1781701723.978482,1781701723.941027,0.623166,0.002717,-3.076950,-176.296,distance
1781701724.228353,1781701724.191345,0.602741,0.001388,-3.076128,-176.249,distance
1781701724.479575,1781701724.440967,0.582570,-0.001848,-3.079202,-176.425,distance
1781701724.778568,1781701724.741030,0.559713,-0.003286,-3.078022,-176.358,distance
1781701725.078536,1781701725.041035,0.537630,-0.004701,-3.077095,-176.305,distance
1781701725.378386,1781701725.341094,0.516424,-0.008100,-3.074444,-176.153,distance
1781701725.678568,1781701725.641041,0.494292,-0.009600,-3.072889,-176.064,distance
1781701726.028433,1781701725.992612,0.471064,-0.009651,-3.069831,-175.888,distance
1781701726.328363,1781701726.293231,0.450431,-0.011190,-3.063285,-175.513,distance
1781701726.628399,1781701726.590969,0.427813,-0.013004,-3.059564,-175.300,distance
1781701726.929668,1781701726.891418,0.405847,-0.015586,-3.061176,-175.392,distance
1781701727.230374,1781701727.191225,0.383629,-0.017399,-3.058519,-175.240,distance
1781701727.528391,1781701727.491160,0.361656,-0.021749,-3.050736,-174.794,distance
1781701727.778411,1781701727.741036,0.341504,-0.023608,-3.048297,-174.655,distance
1781701728.128474,1781701728.091028,0.319016,-0.022212,-3.044107,-174.415,distance
1781701728.428361,1781701728.392378,0.297828,-0.024338,-3.037861,-174.057,distance
1781701728.728529,1781701728.691337,0.276261,-0.026641,-3.030908,-173.658,distance
1781701729.028244,1781701728.991020,0.253255,-0.028607,-3.019833,-173.024,distance
1781701729.378423,1781701729.341014,0.230111,-0.031490,-3.015891,-172.798,distance
1781701729.778491,1781701729.741025,0.209395,-0.037333,-3.016878,-172.854,distance
1781701730.078534,1781701730.041048,0.186724,-0.040141,-3.020833,-173.081,distance
1781701730.328357,1781701730.291026,0.163798,-0.042888,-3.024808,-173.309,distance
1781701730.828408,1781701730.791141,0.145992,-0.043308,-3.031119,-173.670,time
1781701731.328760,1781701731.291063,0.146140,-0.043292,-3.030990,-173.663,time
1781701731.778433,1781701731.741103,0.126132,-0.045516,-3.030676,-173.645,distance
1781701732.328396,1781701732.293301,0.113882,-0.048878,-3.027434,-173.459,time
1781701732.828845,1781701732.791065,0.113878,-0.048879,-3.027317,-173.452,time
1781701733.378386,1781701733.341729,0.113878,-0.048879,-3.027090,-173.440,time
1781701733.878419,1781701733.841025,0.113878,-0.048879,-3.026870,-173.427,time
1781701734.378423,1781701734.341034,0.113878,-0.048879,-3.026723,-173.418,time
1781701734.928378,1781701734.891058,0.113878,-0.048879,-3.026558,-173.409,time
1781701735.428509,1781701735.391029,0.113878,-0.048879,-3.026427,-173.401,time
1781701735.928606,1781701735.891040,0.113878,-0.048879,-3.026146,-173.385,time
1781701736.478359,1781701736.441211,0.113878,-0.048879,-3.025986,-173.376,time
1781701736.978403,1781701736.941059,0.113878,-0.048879,-3.025850,-173.368,time
1781701737.528373,1781701737.491071,0.113878,-0.048879,-3.025707,-173.360,time
1781701738.028410,1781701737.991375,0.113878,-0.048879,-3.025476,-173.347,time
1781701738.528529,1781701738.491388,0.113878,-0.048879,-3.025161,-173.329,time
1781701739.078377,1781701739.041060,0.113878,-0.048879,-3.025008,-173.320,time
1781701739.578455,1781701739.541146,0.113878,-0.048879,-3.024809,-173.309,time
1781701740.128385,1781701740.091032,0.113878,-0.048879,-3.024531,-173.293,time
1781701740.628578,1781701740.591134,0.113878,-0.048879,-3.024519,-173.292,time
1781701741.178445,1781701741.141018,0.113878,-0.048879,-3.024397,-173.285,time
1781701741.728372,1781701741.691445,0.113878,-0.048879,-3.024136,-173.270,time
1781701742.278355,1781701742.241139,0.113878,-0.048879,-3.023954,-173.260,time
1781701742.778581,1781701742.741025,0.113878,-0.048879,-3.023836,-173.253,time
1781701743.328368,1781701743.300432,0.113878,-0.048879,-3.023717,-173.246,time
1781701743.828380,1781701743.791186,0.113878,-0.048879,-3.023557,-173.237,time
1781701744.378393,1781701744.341111,0.113878,-0.048879,-3.023423,-173.229,time
1781701744.878638,1781701744.841109,0.113878,-0.048879,-3.023364,-173.226,time
1781701745.428489,1781701745.391236,0.113878,-0.048879,-3.023221,-173.218,time
1781701745.928734,1781701745.891186,0.113878,-0.048879,-3.022992,-173.205,time
1781701746.481573,1781701746.441025,0.113878,-0.048879,-3.022882,-173.198,time
1781701747.028480,1781701746.993582,0.113878,-0.048879,-3.022757,-173.191,time
1781701747.535377,1781701747.491073,0.113878,-0.048879,-3.022652,-173.185,time
1781701748.078495,1781701748.040986,0.113878,-0.048879,-3.022486,-173.176,time
1781701748.628771,1781701748.590983,0.113878,-0.048879,-3.022530,-173.178,time
1781701749.178400,1781701749.141151,0.113878,-0.048879,-3.022300,-173.165,time
1781701749.678401,1781701749.641024,0.113878,-0.048879,-3.022103,-173.154,time
1781701750.228355,1781701750.191128,0.113878,-0.048879,-3.022045,-173.150,time
1781701750.728392,1781701750.691030,0.113878,-0.048879,-3.021924,-173.144,time
1781701751.278513,1781701751.240969,0.113878,-0.048879,-3.021573,-173.123,time
1781701751.828560,1781701751.791184,0.113878,-0.048879,-3.021501,-173.119,time
1781701752.378418,1781701752.341190,0.113878,-0.048879,-3.021211,-173.103,time
1781701752.928348,1781701752.891037,0.113878,-0.048879,-3.020915,-173.086,time
1781701753.428365,1781701753.390953,0.113878,-0.048879,-3.020874,-173.083,time
1781701753.928435,1781701753.892285,0.113878,-0.048879,-3.020681,-173.072,time
1781701754.478592,1781701754.441051,0.113878,-0.048879,-3.020492,-173.061,time
1781701755.028442,1781701754.993647,0.113878,-0.048879,-3.020279,-173.049,time
1781701755.528496,1781701755.491103,0.113878,-0.048879,-3.020174,-173.043,time
1781701756.081985,1781701756.041079,0.113878,-0.048879,-3.019900,-173.028,time
1781701756.628380,1781701756.591047,0.113878,-0.048879,-3.019679,-173.015,time
1781701757.128392,1781701757.091098,0.113878,-0.048879,-3.019561,-173.008,time
1781701757.629405,1781701757.591030,0.113878,-0.048879,-3.019541,-173.007,time
1781701758.178428,1781701758.141097,0.113878,-0.048879,-3.019548,-173.007,time
1781701758.728367,1781701758.691134,0.113878,-0.048879,-3.019339,-172.995,time
1781701759.228433,1781701759.191028,0.113878,-0.048879,-3.019255,-172.991,time
1781701759.728846,1781701759.691358,0.113878,-0.048879,-3.019023,-172.977,time
1781701760.278968,1781701760.241305,0.113878,-0.048879,-3.018825,-172.966,time
1781701760.828544,1781701760.791166,0.113878,-0.048879,-3.018609,-172.954,time
1781701761.378411,1781701761.341021,0.113878,-0.048879,-3.018535,-172.949,time
1781701761.878418,1781701761.841071,0.113878,-0.048879,-3.018385,-172.941,time
1781701762.378441,1781701762.341758,0.113878,-0.048879,-3.018110,-172.925,time
1781701762.929869,1781701762.891103,0.113878,-0.048879,-3.017977,-172.917,time
1781701763.478400,1781701763.441209,0.113878,-0.048879,-3.017889,-172.912,time
1781701763.978470,1781701763.941114,0.113878,-0.048879,-3.017778,-172.906,time
1781701764.528358,1781701764.492995,0.113878,-0.048879,-3.017568,-172.894,time
1781701765.028379,1781701764.991066,0.113878,-0.048879,-3.017493,-172.890,time
1781701765.578357,1781701765.541015,0.113878,-0.048879,-3.017316,-172.879,time
1781701766.078617,1781701766.041448,0.113878,-0.048879,-3.017010,-172.862,time
1781701766.628359,1781701766.591035,0.113878,-0.048879,-3.016828,-172.851,time
1781701767.178427,1781701767.141358,0.113878,-0.048879,-3.016782,-172.849,time
1781701767.678511,1781701767.640975,0.113878,-0.048879,-3.016519,-172.834,time
1781701768.178553,1781701768.141080,0.113878,-0.048879,-3.016344,-172.824,time
1781701768.728364,1781701768.691710,0.113878,-0.048879,-3.016196,-172.815,time
1781701768.828361,1781701768.791099,0.113878,-0.048879,-3.016138,-172.812,final
